# RA = 11 04 27.30 (166.11375)
# Dec = +38 12 32.00 (38.208889)
# Redshift = 0.0
# nH = 1.34E20 cm^-2 
# NuBlazar (id = 116)
#   frequency \gn (Hz)    Bin   Nufnu (erg cm^-2 s^-1)  Nufnu (erg cm^-2 s^-1)_error    TStart    TStop
8.6080E17     1.3540E17    1.2793E-10   7.7939E-13    56115.080601852    56116.073703704
1.1320E18     1.3540E17    1.0380E-10   7.0385E-13    56115.080601852    56116.073703704
1.4020E18     1.3540E17    8.7358E-11   7.0156E-13    56115.080601852    56116.073703704
1.6730E18     1.3540E17    7.5829E-11   7.2650E-13    56115.080601852    56116.073703704
1.9440E18     1.3540E17    6.6341E-11   7.6081E-13    56115.080601852    56116.073703704
2.2150E18     1.3540E17    5.8474E-11   7.9483E-13    56115.080601852    56116.073703704
2.4860E18     1.3540E17    5.2583E-11   8.7261E-13    56115.080601852    56116.073703704
2.7570E18     1.3540E17    4.8367E-11   9.8240E-13    56115.080601852    56116.073703704
3.0270E18     1.3540E17    4.4817E-11   1.1044E-12    56115.080601852    56116.073703704
3.2980E18     1.3540E17    4.0436E-11   1.1936E-12    56115.080601852    56116.073703704
3.5690E18     1.3540E17    3.6047E-11   1.2674E-12    56115.080601852    56116.073703704
3.8400E18     1.3540E17    3.5711E-11   1.4061E-12    56115.080601852    56116.073703704
4.1110E18     1.3540E17    3.3956E-11   1.5195E-12    56115.080601852    56116.073703704
4.3810E18     1.3540E17    2.8638E-11   1.5379E-12    56115.080601852    56116.073703704
4.6520E18     1.3540E17    2.9456E-11   1.7078E-12    56115.080601852    56116.073703704
4.9230E18     1.3540E17    2.6067E-11   1.7585E-12    56115.080601852    56116.073703704
5.1940E18     1.3540E17    2.5455E-11   1.9028E-12    56115.080601852    56116.073703704
5.4650E18     1.3540E17    2.3702E-11   2.0225E-12    56115.080601852    56116.073703704
5.7380E18     1.3780E17    2.5715E-11   2.2784E-12    56115.080601852    56116.073703704
6.0140E18     1.3780E17    2.4147E-11   2.4720E-12    56115.080601852    56116.073703704
6.2940E18     1.4270E17    2.1050E-11   2.5023E-12    56115.080601852    56116.073703704
6.5870E18     1.4990E17    2.2012E-11   2.8530E-12    56115.080601852    56116.073703704
6.8960E18     1.5960E17    1.6321E-11   2.8917E-12    56115.080601852    56116.073703704
7.2080E18     1.5230E17    2.3009E-11   3.4445E-12    56115.080601852    56116.073703704
7.5130E18     1.5230E17    1.6490E-11   3.4651E-12    56115.080601852    56116.073703704
7.8680E18     2.0310E17    1.6203E-11   3.0018E-12    56115.080601852    56116.073703704
8.2790E18     2.0790E17    1.6206E-11   3.1660E-12    56115.080601852    56116.073703704
8.7750E18     2.8770E17    1.2635E-11   2.6950E-12    56115.080601852    56116.073703704
9.3140E18     2.5150E17    1.8440E-11   3.7754E-12    56115.080601852    56116.073703704
9.9160E18     3.5060E17    1.2388E-11   3.1923E-12    56115.080601852    56116.073703704
1.0650E19     3.8200E17    1.4536E-11   3.6668E-12    56115.080601852    56116.073703704
1.1590E19     5.5610E17    1.0844E-11   3.4605E-12    56115.080601852    56116.073703704
1.8110E19     5.6100E17    5.0858E-11   2.4100E-11    56115.080601852    56116.073703704
8.6080E17     1.3540E17    1.4733E-10   1.0635E-12    56116.073703704    56116.608402778
1.1320E18     1.3540E17    1.1786E-10   9.4215E-13    56116.073703704    56116.608402778
1.4020E18     1.3540E17    9.8363E-11   9.3167E-13    56116.073703704    56116.608402778
1.6730E18     1.3540E17    8.4530E-11   9.5782E-13    56116.073703704    56116.608402778
1.9440E18     1.3540E17    7.4241E-11   1.0037E-12    56116.073703704    56116.608402778
2.2150E18     1.3540E17    6.4744E-11   1.0458E-12    56116.073703704    56116.608402778
2.4860E18     1.3540E17    5.6904E-11   1.1347E-12    56116.073703704    56116.608402778
2.7570E18     1.3540E17    5.1806E-11   1.2697E-12    56116.073703704    56116.608402778
3.0270E18     1.3540E17    4.7870E-11   1.4267E-12    56116.073703704    56116.608402778
3.2980E18     1.3540E17    4.3131E-11   1.5405E-12    56116.073703704    56116.608402778
3.5690E18     1.3540E17    4.0170E-11   1.6739E-12    56116.073703704    56116.608402778
3.8400E18     1.3540E17    3.9164E-11   1.8414E-12    56116.073703704    56116.608402778
4.1110E18     1.3540E17    3.3746E-11   1.8888E-12    56116.073703704    56116.608402778
4.3810E18     1.3540E17    3.1670E-11   2.0202E-12    56116.073703704    56116.608402778
4.6520E18     1.3540E17    2.9438E-11   2.1419E-12    56116.073703704    56116.608402778
4.9230E18     1.3540E17    2.9935E-11   2.3510E-12    56116.073703704    56116.608402778
5.1940E18     1.3540E17    3.2492E-11   2.6873E-12    56116.073703704    56116.608402778
5.4650E18     1.3540E17    2.6244E-11   2.6524E-12    56116.073703704    56116.608402778
5.7450E18     1.4510E17    2.5406E-11   2.7769E-12    56116.073703704    56116.608402778
6.0350E18     1.4510E17    1.9426E-11   2.7863E-12    56116.073703704    56116.608402778
6.3420E18     1.6200E17    2.1901E-11   3.0182E-12    56116.073703704    56116.608402778
6.6880E18     1.8380E17    1.9409E-11   3.1917E-12    56116.073703704    56116.608402778
7.0680E18     1.9590E17    1.9835E-11   3.5055E-12    56116.073703704    56116.608402778
7.4790E18     2.1520E17    1.7958E-11   3.5923E-12    56116.073703704    56116.608402778
8.0370E18     3.4340E17    1.2390E-11   2.6808E-12    56116.073703704    56116.608402778
8.6560E18     2.7570E17    2.0324E-11   4.0878E-12    56116.073703704    56116.608402778
9.3890E18     4.5700E17    1.3899E-11   3.1736E-12    56116.073703704    56116.608402778
1.0390E19     5.4890E17    1.2193E-11   3.3494E-12    56116.073703704    56116.608402778
1.1830E19     8.8740E17    8.7528E-12   3.4569E-12    56116.073703704    56116.608402778
8.2700E17     1.0160E17    4.7390E-11   1.1633E-12    56294.778599537    56294.959097222
1.0300E18     1.0160E17    3.7757E-11   9.9702E-13    56294.778599537    56294.959097222
1.2330E18     1.0160E17    2.9126E-11   9.2101E-13    56294.778599537    56294.959097222
1.4360E18     1.0160E17    2.4894E-11   9.0488E-13    56294.778599537    56294.959097222
1.6390E18     1.0160E17    2.0487E-11   8.8827E-13    56294.778599537    56294.959097222
1.8430E18     1.0160E17    1.9140E-11   9.3512E-13    56294.778599537    56294.959097222
2.0460E18     1.0160E17    1.7808E-11   9.8032E-13    56294.778599537    56294.959097222
2.2490E18     1.0160E17    1.6503E-11   1.0239E-12    56294.778599537    56294.959097222
2.4520E18     1.0160E17    1.4241E-11   1.0701E-12    56294.778599537    56294.959097222
2.6550E18     1.0160E17    1.3351E-11   1.1637E-12    56294.778599537    56294.959097222
2.8580E18     1.0160E17    1.2505E-11   1.2991E-12    56294.778599537    56294.959097222
3.0660E18     1.0640E17    1.0792E-11   1.3023E-12    56294.778599537    56294.959097222
3.2840E18     1.1120E17    1.0388E-11   1.3950E-12    56294.778599537    56294.959097222
3.5110E18     1.1610E17    8.2595E-12   1.3381E-12    56294.778599537    56294.959097222
3.7480E18     1.2090E17    1.0207E-11   1.6093E-12    56294.778599537    56294.959097222
3.9900E18     1.2090E17    1.1398E-11   1.8758E-12    56294.778599537    56294.959097222
4.2900E18     1.7890E17    7.6082E-12   1.4191E-12    56294.778599537    56294.959097222
4.6740E18     2.0550E17    7.9198E-12   1.5513E-12    56294.778599537    56294.959097222
5.0950E18     2.1520E17    9.8571E-12   1.9308E-12    56294.778599537    56294.959097222
5.6270E18     3.1680E17    6.1659E-12   1.6442E-12    56294.778599537    56294.959097222
6.3500E18     4.0620E17    6.8276E-12   2.0624E-12    56294.778599537    56294.959097222
7.2640E18     5.0780E17    6.5741E-12   2.6640E-12    56294.778599537    56294.959097222
8.6080E17     1.3540E17    3.0959E-11   5.1270E-13    56302.052905093    56302.570196759
1.1320E18     1.3540E17    2.3818E-11   4.4376E-13    56302.052905093    56302.570196759
1.4020E18     1.3540E17    1.8537E-11   4.2365E-13    56302.052905093    56302.570196759
1.6730E18     1.3540E17    1.5145E-11   4.2442E-13    56302.052905093    56302.570196759
1.9440E18     1.3540E17    1.2479E-11   4.3172E-13    56302.052905093    56302.570196759
2.2150E18     1.3540E17    1.1120E-11   4.5493E-13    56302.052905093    56302.570196759
2.4860E18     1.3540E17    9.7113E-12   4.9353E-13    56302.052905093    56302.570196759
2.7570E18     1.3540E17    9.4071E-12   5.7042E-13    56302.052905093    56302.570196759
3.0270E18     1.3540E17    8.2661E-12   6.2947E-13    56302.052905093    56302.570196759
3.2980E18     1.3540E17    7.0773E-12   6.6356E-13    56302.052905093    56302.570196759
3.5760E18     1.4270E17    6.2923E-12   6.9006E-13    56302.052905093    56302.570196759
3.8740E18     1.5480E17    5.8743E-12   7.2873E-13    56302.052905093    56302.570196759
4.1780E18     1.4990E17    6.5678E-12   8.7381E-13    56302.052905093    56302.570196759
4.5120E18     1.8380E17    4.9243E-12   7.8644E-13    56302.052905093    56302.570196759
4.9040E18     2.0790E17    5.6928E-12   9.3469E-13    56302.052905093    56302.570196759
5.3530E18     2.4180E17    4.2976E-12   8.9386E-13    56302.052905093    56302.570196759
5.8540E18     2.5870E17    4.6899E-12   1.1244E-12    56302.052905093    56302.570196759
6.3910E18     2.7810E17    5.4732E-12   1.4767E-12    56302.052905093    56302.570196759
6.9830E18     3.1430E17    5.0353E-12   1.8573E-12    56302.052905093    56302.570196759
7.7670E18     4.6910E17    3.9794E-12   1.7576E-12    56302.052905093    56302.570196759
8.7970E18     5.6100E17    7.3291E-12   2.2910E-12    56302.052905093    56302.570196759
1.0030E19     6.6980E17    7.6285E-12   2.6652E-12    56302.052905093    56302.570196759
1.1620E19     9.2130E17    6.9707E-12   3.2942E-12    56302.052905093    56302.570196759
8.6080E17     1.3540E17    1.0243E-10   9.0083E-13    56307.03900463    56307.570196759
1.1320E18     1.3540E17    7.9433E-11   7.8273E-13    56307.03900463    56307.570196759
1.4020E18     1.3540E17    6.3743E-11   7.5812E-13    56307.03900463    56307.570196759
1.6730E18     1.3540E17    5.3885E-11   7.7245E-13    56307.03900463    56307.570196759
1.9440E18     1.3540E17    4.6438E-11   8.0217E-13    56307.03900463    56307.570196759
2.2150E18     1.3540E17    4.0526E-11   8.3585E-13    56307.03900463    56307.570196759
2.4860E18     1.3540E17    3.4889E-11   8.9922E-13    56307.03900463    56307.570196759
2.7570E18     1.3540E17    2.9871E-11   9.7629E-13    56307.03900463    56307.570196759
3.0270E18     1.3540E17    2.7351E-11   1.0950E-12    56307.03900463    56307.570196759
3.2980E18     1.3540E17    2.5431E-11   1.2007E-12    56307.03900463    56307.570196759
3.5690E18     1.3540E17    2.2372E-11   1.2672E-12    56307.03900463    56307.570196759
3.8400E18     1.3540E17    2.3299E-11   1.4453E-12    56307.03900463    56307.570196759
4.1110E18     1.3540E17    1.7613E-11   1.3928E-12    56307.03900463    56307.570196759
4.3840E18     1.3780E17    1.8153E-11   1.5472E-12    56307.03900463    56307.570196759
4.6590E18     1.3780E17    1.3547E-11   1.4785E-12    56307.03900463    56307.570196759
4.9350E18     1.3780E17    1.7400E-11   1.8343E-12    56307.03900463    56307.570196759
5.2180E18     1.4510E17    1.4715E-11   1.8137E-12    56307.03900463    56307.570196759
5.5130E18     1.4990E17    1.5979E-11   2.0560E-12    56307.03900463    56307.570196759
5.8320E18     1.6930E17    1.4795E-11   2.0835E-12    56307.03900463    56307.570196759
6.1730E18     1.7170E17    1.2919E-11   2.2602E-12    56307.03900463    56307.570196759
6.5840E18     2.3940E17    1.0698E-11   2.1299E-12    56307.03900463    56307.570196759
7.0680E18     2.4420E17    1.0919E-11   2.5917E-12    56307.03900463    56307.570196759
7.5680E18     2.5630E17    1.3762E-11   3.1649E-12    56307.03900463    56307.570196759
8.2570E18     4.3280E17    7.6464E-12   2.1768E-12    56307.03900463    56307.570196759
1.2610E19     8.4630E17    9.8306E-12   4.6727E-12    56307.03900463    56307.570196759
8.6080E17     1.3540E17    3.5951E-11   5.2705E-13    56312.097997685    56312.622303241
1.1320E18     1.3540E17    2.7795E-11   4.5790E-13    56312.097997685    56312.622303241
1.4020E18     1.3540E17    2.1791E-11   4.3863E-13    56312.097997685    56312.622303241
1.6730E18     1.3540E17    1.8104E-11   4.4306E-13    56312.097997685    56312.622303241
1.9440E18     1.3540E17    1.4588E-11   4.4572E-13    56312.097997685    56312.622303241
2.2150E18     1.3540E17    1.3361E-11   4.7601E-13    56312.097997685    56312.622303241
2.4860E18     1.3540E17    1.1946E-11   5.2358E-13    56312.097997685    56312.622303241
2.7570E18     1.3540E17    1.0367E-11   5.7491E-13    56312.097997685    56312.622303241
3.0270E18     1.3540E17    9.4940E-12   6.4669E-13    56312.097997685    56312.622303241
3.2980E18     1.3540E17    8.3304E-12   6.9289E-13    56312.097997685    56312.622303241
3.5760E18     1.4270E17    7.6476E-12   7.3268E-13    56312.097997685    56312.622303241
3.8640E18     1.4510E17    7.5830E-12   8.0823E-13    56312.097997685    56312.622303241
4.1590E18     1.4990E17    6.6024E-12   8.4009E-13    56312.097997685    56312.622303241
4.4810E18     1.7170E17    5.6575E-12   8.3745E-13    56312.097997685    56312.622303241
4.8460E18     1.9340E17    5.9499E-12   9.0552E-13    56312.097997685    56312.622303241
5.2490E18     2.1040E17    5.6111E-12   1.0029E-12    56312.097997685    56312.622303241
5.6820E18     2.2250E17    5.3415E-12   1.1392E-12    56312.097997685    56312.622303241
6.2340E18     3.2880E17    3.9321E-12   1.0695E-12    56312.097997685    56312.622303241
7.7690E18     3.9900E17    7.2323E-12   2.2982E-12    56312.097997685    56312.622303241
8.6080E17     1.3540E17    1.2571E-10   1.1198E-12    56329.011203704    56329.500798611
1.1320E18     1.3540E17    1.0085E-10   9.9149E-13    56329.011203704    56329.500798611
1.4020E18     1.3540E17    8.3312E-11   9.7480E-13    56329.011203704    56329.500798611
1.6730E18     1.3540E17    7.2500E-11   1.0072E-12    56329.011203704    56329.500798611
1.9440E18     1.3540E17    6.2230E-11   1.0445E-12    56329.011203704    56329.500798611
2.2150E18     1.3540E17    5.3748E-11   1.0827E-12    56329.011203704    56329.500798611
2.4860E18     1.3540E17    4.8661E-11   1.1982E-12    56329.011203704    56329.500798611
2.7570E18     1.3540E17    4.0510E-11   1.2875E-12    56329.011203704    56329.500798611
3.0270E18     1.3540E17    3.9794E-11   1.4926E-12    56329.011203704    56329.500798611
3.2980E18     1.3540E17    3.5351E-11   1.5994E-12    56329.011203704    56329.500798611
3.5690E18     1.3540E17    3.3964E-11   1.7598E-12    56329.011203704    56329.500798611
3.8400E18     1.3540E17    2.7210E-11   1.7603E-12    56329.011203704    56329.500798611
4.1110E18     1.3540E17    2.5998E-11   1.9045E-12    56329.011203704    56329.500798611
4.3810E18     1.3540E17    2.5017E-11   2.0647E-12    56329.011203704    56329.500798611
4.6550E18     1.3780E17    2.1756E-11   2.1087E-12    56329.011203704    56329.500798611
4.9300E18     1.3780E17    2.0788E-11   2.2595E-12    56329.011203704    56329.500798611
5.2280E18     1.5960E17    2.0352E-11   2.3179E-12    56329.011203704    56329.500798611
5.5590E18     1.7170E17    1.6324E-11   2.2889E-12    56329.011203704    56329.500798611
5.8950E18     1.6440E17    1.9526E-11   2.8993E-12    56329.011203704    56329.500798611
6.2340E18     1.7410E17    1.7822E-11   3.0438E-12    56329.011203704    56329.500798611
6.6130E18     2.0550E17    1.5260E-11   3.1706E-12    56329.011203704    56329.500798611
7.0360E18     2.1760E17    1.7005E-11   3.7202E-12    56329.011203704    56329.500798611
7.5320E18     2.7810E17    1.4004E-11   3.5524E-12    56329.011203704    56329.500798611
8.4290E18     6.1900E17    7.3151E-12   2.1883E-12    56329.011203704    56329.500798611
9.8920E18     8.4390E17    6.0758E-12   2.5144E-12    56329.011203704    56329.500798611
8.6080E17     1.3540E17    1.3524E-10   1.3206E-12    56335.011203704    56335.420902778
1.1320E18     1.3540E17    1.1283E-10   1.1952E-12    56335.011203704    56335.420902778
1.4020E18     1.3540E17    9.7735E-11   1.2040E-12    56335.011203704    56335.420902778
1.6730E18     1.3540E17    8.6156E-11   1.2528E-12    56335.011203704    56335.420902778
1.9440E18     1.3540E17    7.7871E-11   1.3330E-12    56335.011203704    56335.420902778
2.2150E18     1.3540E17    7.0065E-11   1.4109E-12    56335.011203704    56335.420902778
2.4860E18     1.3540E17    6.4334E-11   1.5722E-12    56335.011203704    56335.420902778
2.7570E18     1.3540E17    6.1862E-11   1.8143E-12    56335.011203704    56335.420902778
3.0270E18     1.3540E17    5.2408E-11   1.9539E-12    56335.011203704    56335.420902778
3.2980E18     1.3540E17    5.1442E-11   2.1972E-12    56335.011203704    56335.420902778
3.5690E18     1.3540E17    4.5935E-11   2.3414E-12    56335.011203704    56335.420902778
3.8400E18     1.3540E17    4.7696E-11   2.6508E-12    56335.011203704    56335.420902778
4.1110E18     1.3540E17    3.8679E-11   2.6465E-12    56335.011203704    56335.420902778
4.3810E18     1.3540E17    3.5073E-11   2.7858E-12    56335.011203704    56335.420902778
4.6520E18     1.3540E17    3.7517E-11   3.1665E-12    56335.011203704    56335.420902778
4.9230E18     1.3540E17    3.5298E-11   3.3663E-12    56335.011203704    56335.420902778
5.1990E18     1.4020E17    3.2019E-11   3.4692E-12    56335.011203704    56335.420902778
5.4840E18     1.4510E17    3.7424E-11   4.0379E-12    56335.011203704    56335.420902778
5.7860E18     1.5720E17    2.6669E-11   3.7339E-12    56335.011203704    56335.420902778
6.1270E18     1.8380E17    2.2427E-11   3.6708E-12    56335.011203704    56335.420902778
6.5020E18     1.9100E17    2.4501E-11   4.2887E-12    56335.011203704    56335.420902778
6.8620E18     1.6930E17    2.9531E-11   5.8320E-12    56335.011203704    56335.420902778
7.2950E18     2.6360E17    2.4988E-11   4.7344E-12    56335.011203704    56335.420902778
7.8370E18     2.7810E17    2.4662E-11   5.1143E-12    56335.011203704    56335.420902778
8.4780E18     3.6270E17    2.3335E-11   4.9002E-12    56335.011203704    56335.420902778
9.3040E18     4.6430E17    2.0142E-11   4.8985E-12    56335.011203704    56335.420902778
1.0280E19     5.1500E17    2.3841E-11   6.0434E-12    56335.011203704    56335.420902778
1.1720E19     9.2610E17    1.6126E-11   5.5987E-12    56335.011203704    56335.420902778
1.8020E19     5.5610E17    1.3238E-10   5.1470E-11    56335.011203704    56335.420902778
8.6080E17     1.3540E17    5.9266E-11   8.1254E-13    56339.983402778    56340.466099537
1.1320E18     1.3540E17    4.6384E-11   7.1006E-13    56339.983402778    56340.466099537
1.4020E18     1.3540E17    3.6558E-11   6.8178E-13    56339.983402778    56340.466099537
1.6730E18     1.3540E17    3.0711E-11   6.9260E-13    56339.983402778    56340.466099537
1.9440E18     1.3540E17    2.6479E-11   7.1983E-13    56339.983402778    56340.466099537
2.2150E18     1.3540E17    2.2284E-11   7.3776E-13    56339.983402778    56340.466099537
2.4860E18     1.3540E17    2.0200E-11   8.1716E-13    56339.983402778    56340.466099537
2.7570E18     1.3540E17    1.7334E-11   8.9000E-13    56339.983402778    56340.466099537
3.0270E18     1.3540E17    1.6415E-11   1.0167E-12    56339.983402778    56340.466099537
3.2980E18     1.3540E17    1.5381E-11   1.1228E-12    56339.983402778    56340.466099537
3.5690E18     1.3540E17    1.3188E-11   1.1721E-12    56339.983402778    56340.466099537
3.8450E18     1.4020E17    1.2512E-11   1.2550E-12    56339.983402778    56340.466099537
4.1280E18     1.4270E17    1.1445E-11   1.3273E-12    56339.983402778    56340.466099537
4.4390E18     1.6930E17    9.5414E-12   1.2595E-12    56339.983402778    56340.466099537
4.7830E18     1.7410E17    9.3746E-12   1.3980E-12    56339.983402778    56340.466099537
5.1240E18     1.6680E17    1.1542E-11   1.7750E-12    56339.983402778    56340.466099537
5.5010E18     2.1040E17    9.6597E-12   1.6698E-12    56339.983402778    56340.466099537
5.9290E18     2.1760E17    9.2874E-12   2.0777E-12    56339.983402778    56340.466099537
6.4540E18     3.0710E17    7.2300E-12   1.9470E-12    56339.983402778    56340.466099537
7.0700E18     3.0950E17    7.8475E-12   2.6078E-12    56339.983402778    56340.466099537
8.0250E18     6.4560E17    4.0087E-12   1.9525E-12    56339.983402778    56340.466099537
9.4980E18     8.2700E17    6.6374E-12   2.6106E-12    56339.983402778    56340.466099537
8.6080E17     1.3540E17    1.5182E-10   1.3306E-12    56355.962604167    56356.368796296
1.1320E18     1.3540E17    1.1707E-10   1.1539E-12    56355.962604167    56356.368796296
1.4020E18     1.3540E17    9.5142E-11   1.1254E-12    56355.962604167    56356.368796296
1.6730E18     1.3540E17    7.9561E-11   1.1403E-12    56355.962604167    56356.368796296
1.9440E18     1.3540E17    6.8295E-11   1.1825E-12    56355.962604167    56356.368796296
2.2150E18     1.3540E17    5.8532E-11   1.2228E-12    56355.962604167    56356.368796296
2.4860E18     1.3540E17    5.3054E-11   1.3564E-12    56355.962604167    56356.368796296
2.7570E18     1.3540E17    4.7444E-11   1.5133E-12    56355.962604167    56356.368796296
3.0270E18     1.3540E17    4.0795E-11   1.6431E-12    56355.962604167    56356.368796296
3.2980E18     1.3540E17    3.6074E-11   1.7560E-12    56355.962604167    56356.368796296
3.5690E18     1.3540E17    3.5433E-11   1.9561E-12    56355.962604167    56356.368796296
3.8400E18     1.3540E17    3.4131E-11   2.1348E-12    56355.962604167    56356.368796296
4.1110E18     1.3540E17    3.1787E-11   2.2884E-12    56355.962604167    56356.368796296
4.3810E18     1.3540E17    2.7409E-11   2.3501E-12    56355.962604167    56356.368796296
4.6520E18     1.3540E17    2.4924E-11   2.4529E-12    56355.962604167    56356.368796296
4.9300E18     1.4270E17    2.3770E-11   2.5812E-12    56355.962604167    56356.368796296
5.2130E18     1.4020E17    2.7307E-11   3.0956E-12    56355.962604167    56356.368796296
5.5130E18     1.5960E17    1.8161E-11   2.6535E-12    56355.962604167    56356.368796296
5.8390E18     1.6680E17    1.8462E-11   2.9486E-12    56355.962604167    56356.368796296
6.1900E18     1.8380E17    1.9425E-11   3.3080E-12    56355.962604167    56356.368796296
6.5750E18     2.0070E17    1.9793E-11   3.7386E-12    56355.962604167    56356.368796296
7.0410E18     2.6600E17    1.4179E-11   3.3876E-12    56355.962604167    56356.368796296
7.6190E18     3.1190E17    1.4080E-11   3.7287E-12    56355.962604167    56356.368796296
8.3860E18     4.5460E17    1.5531E-11   3.6739E-12    56355.962604167    56356.368796296
9.4210E18     5.8030E17    1.1561E-11   3.7333E-12    56355.962604167    56356.368796296
1.0840E19     8.3900E17    1.5209E-11   4.4770E-12    56355.962604167    56356.368796296
8.6080E17     1.3540E17    1.1875E-10   1.1575E-12    56362.959097222    56363.347997685
1.1320E18     1.3540E17    9.0010E-11   9.9462E-13    56362.959097222    56363.347997685
1.4020E18     1.3540E17    7.1591E-11   9.5910E-13    56362.959097222    56363.347997685
1.6730E18     1.3540E17    5.7646E-11   9.5377E-13    56362.959097222    56363.347997685
1.9440E18     1.3540E17    5.0028E-11   9.9445E-13    56362.959097222    56363.347997685
2.2150E18     1.3540E17    4.2647E-11   1.0245E-12    56362.959097222    56363.347997685
2.4860E18     1.3540E17    3.8744E-11   1.1378E-12    56362.959097222    56363.347997685
2.7570E18     1.3540E17    3.3901E-11   1.2551E-12    56362.959097222    56363.347997685
3.0270E18     1.3540E17    3.0134E-11   1.3844E-12    56362.959097222    56363.347997685
3.2980E18     1.3540E17    2.7421E-11   1.5045E-12    56362.959097222    56363.347997685
3.5690E18     1.3540E17    2.4312E-11   1.5905E-12    56362.959097222    56363.347997685
3.8400E18     1.3540E17    2.0632E-11   1.6316E-12    56362.959097222    56363.347997685
4.1110E18     1.3540E17    1.9611E-11   1.7775E-12    56362.959097222    56363.347997685
4.3860E18     1.4020E17    1.7953E-11   1.8423E-12    56362.959097222    56363.347997685
4.6760E18     1.4990E17    1.7018E-11   1.9273E-12    56362.959097222    56363.347997685
4.9760E18     1.4990E17    1.4934E-11   2.0095E-12    56362.959097222    56363.347997685
5.2860E18     1.5960E17    1.5600E-11   2.2206E-12    56362.959097222    56363.347997685
5.6410E18     1.9590E17    1.2614E-11   2.1101E-12    56362.959097222    56363.347997685
6.0790E18     2.4180E17    1.1458E-11   2.1522E-12    56362.959097222    56363.347997685
6.6350E18     3.1430E17    1.0564E-11   2.3430E-12    56362.959097222    56363.347997685
7.2690E18     3.1920E17    1.2392E-11   3.1235E-12    56362.959097222    56363.347997685
8.0790E18     4.9090E17    1.2293E-11   3.0585E-12    56362.959097222    56363.347997685
8.6080E17     1.3540E17    1.4022E-10   1.3016E-12    56368.007696759    56368.427905093
1.1320E18     1.3540E17    1.1697E-10   1.1776E-12    56368.007696759    56368.427905093
1.4020E18     1.3540E17    1.0112E-10   1.1854E-12    56368.007696759    56368.427905093
1.6730E18     1.3540E17    8.7264E-11   1.2213E-12    56368.007696759    56368.427905093
1.9440E18     1.3540E17    7.8891E-11   1.3003E-12    56368.007696759    56368.427905093
2.2150E18     1.3540E17    7.2149E-11   1.3892E-12    56368.007696759    56368.427905093
2.4860E18     1.3540E17    6.4757E-11   1.5355E-12    56368.007696759    56368.427905093
2.7570E18     1.3540E17    5.7563E-11   1.7099E-12    56368.007696759    56368.427905093
3.0270E18     1.3540E17    5.4335E-11   1.9421E-12    56368.007696759    56368.427905093
3.2980E18     1.3540E17    5.2151E-11   2.1650E-12    56368.007696759    56368.427905093
3.5690E18     1.3540E17    4.6666E-11   2.3023E-12    56368.007696759    56368.427905093
3.8400E18     1.3540E17    4.6013E-11   2.5407E-12    56368.007696759    56368.427905093
4.1110E18     1.3540E17    4.1083E-11   2.6682E-12    56368.007696759    56368.427905093
4.3810E18     1.3540E17    4.1663E-11   2.9599E-12    56368.007696759    56368.427905093
4.6520E18     1.3540E17    3.7789E-11   3.1072E-12    56368.007696759    56368.427905093
4.9230E18     1.3540E17    3.4507E-11   3.2724E-12    56368.007696759    56368.427905093
5.2010E18     1.4270E17    2.8375E-11   3.1832E-12    56368.007696759    56368.427905093
5.4940E18     1.4990E17    3.1669E-11   3.6367E-12    56368.007696759    56368.427905093
5.7940E18     1.4990E17    2.9966E-11   3.9411E-12    56368.007696759    56368.427905093
6.1200E18     1.7650E17    2.5805E-11   3.7968E-12    56368.007696759    56368.427905093
6.4830E18     1.8620E17    2.9881E-11   4.5213E-12    56368.007696759    56368.427905093
6.8670E18     1.9830E17    2.6387E-11   4.9638E-12    56368.007696759    56368.427905093
7.2850E18     2.2000E17    2.6387E-11   5.1209E-12    56368.007696759    56368.427905093
7.8610E18     3.5540E17    1.9080E-11   4.0767E-12    56368.007696759    56368.427905093
8.6690E18     4.5220E17    1.6994E-11   4.0927E-12    56368.007696759    56368.427905093
9.7350E18     6.1420E17    1.6180E-11   4.4050E-12    56368.007696759    56368.427905093
1.1110E19     7.5930E17    1.5925E-11   5.5290E-12    56368.007696759    56368.427905093
1.2900E19     1.0320E18    2.2178E-11   7.5538E-12    56368.007696759    56368.427905093
8.6080E17     1.3540E17    3.3448E-10   1.5980E-12    56384.719502315    56385.354895833
1.1320E18     1.3540E17    2.8101E-10   1.4518E-12    56384.719502315    56385.354895833
1.4020E18     1.3540E17    2.4506E-10   1.4668E-12    56384.719502315    56385.354895833
1.6730E18     1.3540E17    2.1502E-10   1.5228E-12    56384.719502315    56385.354895833
1.9440E18     1.3540E17    1.9400E-10   1.6183E-12    56384.719502315    56385.354895833
2.2150E18     1.3540E17    1.7245E-10   1.7021E-12    56384.719502315    56385.354895833
2.4860E18     1.3540E17    1.6010E-10   1.9043E-12    56384.719502315    56385.354895833
2.7570E18     1.3540E17    1.4714E-10   2.1467E-12    56384.719502315    56385.354895833
3.0270E18     1.3540E17    1.3753E-10   2.4251E-12    56384.719502315    56385.354895833
3.2980E18     1.3540E17    1.2446E-10   2.6191E-12    56384.719502315    56385.354895833
3.5690E18     1.3540E17    1.1334E-10   2.8101E-12    56384.719502315    56385.354895833
3.8400E18     1.3540E17    1.0692E-10   3.0386E-12    56384.719502315    56385.354895833
4.1110E18     1.3540E17    9.8946E-11   3.2340E-12    56384.719502315    56385.354895833
4.3810E18     1.3540E17    9.5520E-11   3.5052E-12    56384.719502315    56385.354895833
4.6520E18     1.3540E17    9.3431E-11   3.8066E-12    56384.719502315    56385.354895833
4.9230E18     1.3540E17    8.8301E-11   4.0369E-12    56384.719502315    56385.354895833
5.1940E18     1.3540E17    8.3263E-11   4.2878E-12    56384.719502315    56385.354895833
5.4650E18     1.3540E17    7.5504E-11   4.4761E-12    56384.719502315    56385.354895833
5.7360E18     1.3540E17    7.2189E-11   4.7942E-12    56384.719502315    56385.354895833
6.0060E18     1.3540E17    7.3830E-11   5.3425E-12    56384.719502315    56385.354895833
6.2770E18     1.3540E17    6.7400E-11   5.5126E-12    56384.719502315    56385.354895833
6.5500E18     1.3780E17    7.2789E-11   6.4487E-12    56384.719502315    56385.354895833
6.8240E18     1.3540E17    6.2473E-11   6.6401E-12    56384.719502315    56385.354895833
7.0990E18     1.4020E17    5.8190E-11   6.5756E-12    56384.719502315    56385.354895833
7.3870E18     1.4750E17    5.4460E-11   6.8462E-12    56384.719502315    56385.354895833
7.6720E18     1.3780E17    4.9909E-11   7.1745E-12    56384.719502315    56385.354895833
7.9720E18     1.6200E17    5.2694E-11   7.2640E-12    56384.719502315    56385.354895833
8.3250E18     1.9100E17    4.8843E-11   6.9623E-12    56384.719502315    56385.354895833
8.6880E18     1.7170E17    5.1475E-11   7.9153E-12    56384.719502315    56385.354895833
9.0770E18     2.1760E17    4.1280E-11   6.8784E-12    56384.719502315    56385.354895833
9.5150E18     2.2000E17    4.0842E-11   7.5572E-12    56384.719502315    56385.354895833
1.0010E19     2.7320E17    3.3312E-11   6.8044E-12    56384.719502315    56385.354895833
1.0550E19     2.6840E17    4.3152E-11   8.4097E-12    56384.719502315    56385.354895833
1.1130E19     3.0710E17    3.9240E-11   8.5177E-12    56384.719502315    56385.354895833
1.1760E19     3.2640E17    4.2756E-11   9.6538E-12    56384.719502315    56385.354895833
1.2560E19     4.7390E17    3.0554E-11   8.3892E-12    56384.719502315    56385.354895833
1.3570E19     5.3200E17    2.7759E-11   9.8763E-12    56384.719502315    56385.354895833
1.4730E19     6.3110E17    2.8634E-11   1.1317E-11    56384.719502315    56385.354895833
8.6080E17     1.3540E17    5.2988E-10   4.1770E-12    56392.893101852    56393.042395833
1.1320E18     1.3540E17    4.3369E-10   3.7472E-12    56392.893101852    56393.042395833
1.4020E18     1.3540E17    3.6094E-10   3.6973E-12    56392.893101852    56393.042395833
1.6730E18     1.3540E17    3.0856E-10   3.7878E-12    56392.893101852    56393.042395833
1.9440E18     1.3540E17    2.7011E-10   3.9633E-12    56392.893101852    56393.042395833
2.2150E18     1.3540E17    2.4602E-10   4.2263E-12    56392.893101852    56393.042395833
2.4860E18     1.3540E17    2.1606E-10   4.5836E-12    56392.893101852    56393.042395833
2.7570E18     1.3540E17    1.9036E-10   5.0275E-12    56392.893101852    56393.042395833
3.0270E18     1.3540E17    1.7598E-10   5.6555E-12    56392.893101852    56393.042395833
3.2980E18     1.3540E17    1.5464E-10   6.0369E-12    56392.893101852    56393.042395833
3.5690E18     1.3540E17    1.4908E-10   6.6504E-12    56392.893101852    56393.042395833
3.8400E18     1.3540E17    1.3322E-10   6.9888E-12    56392.893101852    56393.042395833
4.1110E18     1.3540E17    1.2921E-10   7.6557E-12    56392.893101852    56393.042395833
4.3810E18     1.3540E17    1.2092E-10   8.1424E-12    56392.893101852    56393.042395833
4.6520E18     1.3540E17    1.0579E-10   8.3447E-12    56392.893101852    56393.042395833
4.9280E18     1.4020E17    1.0280E-10   8.8213E-12    56392.893101852    56393.042395833
5.2060E18     1.3780E17    9.0334E-11   9.1612E-12    56392.893101852    56393.042395833
5.4860E18     1.4270E17    9.8209E-11   1.0230E-11    56392.893101852    56393.042395833
5.7960E18     1.6680E17    7.9487E-11   9.4420E-12    56392.893101852    56393.042395833
6.1200E18     1.5720E17    8.1213E-11   1.1023E-11    56392.893101852    56393.042395833
6.4900E18     2.1280E17    5.4548E-11   8.9659E-12    56392.893101852    56393.042395833
6.9470E18     2.4420E17    5.5221E-11   9.8842E-12    56392.893101852    56393.042395833
7.4690E18     2.7810E17    5.7422E-11   1.0520E-11    56392.893101852    56393.042395833
8.1800E18     4.3280E17    5.6066E-11   9.6821E-12    56392.893101852    56393.042395833
9.2340E18     6.2140E17    4.4759E-11   9.0442E-12    56392.893101852    56393.042395833
1.1020E19     1.1650E18    3.5033E-11   8.2025E-12    56392.893101852    56393.042395833
1.4450E19     2.2680E18    3.0470E-11   1.1197E-11    56392.893101852    56393.042395833
8.6080E17     1.3540E17    7.5048E-10   1.5629E-12    56393.042395833    56394.400104167
1.1320E18     1.3540E17    6.5205E-10   1.4448E-12    56393.042395833    56394.400104167
1.4020E18     1.3540E17    5.8451E-10   1.4804E-12    56393.042395833    56394.400104167
1.6730E18     1.3540E17    5.2635E-10   1.5576E-12    56393.042395833    56394.400104167
1.9440E18     1.3540E17    4.7949E-10   1.6635E-12    56393.042395833    56394.400104167
2.2150E18     1.3540E17    4.3937E-10   1.7761E-12    56393.042395833    56394.400104167
2.4860E18     1.3540E17    4.0585E-10   1.9778E-12    56393.042395833    56394.400104167
2.7570E18     1.3540E17    3.7685E-10   2.2375E-12    56393.042395833    56394.400104167
3.0270E18     1.3540E17    3.4827E-10   2.5138E-12    56393.042395833    56394.400104167
3.2980E18     1.3540E17    3.2881E-10   2.7711E-12    56393.042395833    56394.400104167
3.5690E18     1.3540E17    3.1030E-10   3.0266E-12    56393.042395833    56394.400104167
3.8400E18     1.3540E17    2.8777E-10   3.2492E-12    56393.042395833    56394.400104167
4.1110E18     1.3540E17    2.6523E-10   3.4424E-12    56393.042395833    56394.400104167
4.3810E18     1.3540E17    2.5811E-10   3.7516E-12    56393.042395833    56394.400104167
4.6520E18     1.3540E17    2.3871E-10   3.9483E-12    56393.042395833    56394.400104167
4.9230E18     1.3540E17    2.3090E-10   4.2354E-12    56393.042395833    56394.400104167
5.1940E18     1.3540E17    2.1614E-10   4.4705E-12    56393.042395833    56394.400104167
5.4650E18     1.3540E17    2.1372E-10   4.8535E-12    56393.042395833    56394.400104167
5.7360E18     1.3540E17    2.0002E-10   5.1239E-12    56393.042395833    56394.400104167
6.0060E18     1.3540E17    1.8553E-10   5.3933E-12    56393.042395833    56394.400104167
6.2770E18     1.3540E17    1.8026E-10   5.7593E-12    56393.042395833    56394.400104167
6.5480E18     1.3540E17    1.7248E-10   6.4132E-12    56393.042395833    56394.400104167
6.8190E18     1.3540E17    1.7326E-10   6.9655E-12    56393.042395833    56394.400104167
7.0900E18     1.3540E17    1.5744E-10   6.9810E-12    56393.042395833    56394.400104167
7.3600E18     1.3540E17    1.5321E-10   7.3266E-12    56393.042395833    56394.400104167
7.6310E18     1.3540E17    1.5425E-10   7.7666E-12    56393.042395833    56394.400104167
7.9020E18     1.3540E17    1.4199E-10   8.0791E-12    56393.042395833    56394.400104167
8.1730E18     1.3540E17    1.3608E-10   8.2975E-12    56393.042395833    56394.400104167
8.4440E18     1.3540E17    1.3406E-10   8.6722E-12    56393.042395833    56394.400104167
8.7140E18     1.3540E17    1.3301E-10   9.0588E-12    56393.042395833    56394.400104167
8.9850E18     1.3540E17    1.2876E-10   9.3718E-12    56393.042395833    56394.400104167
9.2560E18     1.3540E17    1.1093E-10   9.2215E-12    56393.042395833    56394.400104167
9.5270E18     1.3540E17    1.0505E-10   9.4558E-12    56393.042395833    56394.400104167
9.7980E18     1.3540E17    1.1710E-10   1.0342E-11    56393.042395833    56394.400104167
1.0070E19     1.3780E17    1.0017E-10   9.9959E-12    56393.042395833    56394.400104167
1.0350E19     1.3780E17    9.9593E-11   1.0520E-11    56393.042395833    56394.400104167
1.0630E19     1.4270E17    9.2463E-11   1.0381E-11    56393.042395833    56394.400104167
1.0910E19     1.3540E17    1.0095E-10   1.1828E-11    56393.042395833    56394.400104167
1.1190E19     1.4990E17    8.5867E-11   1.1056E-11    56393.042395833    56394.400104167
1.1490E19     1.4510E17    1.0172E-10   1.2788E-11    56393.042395833    56394.400104167
1.1790E19     1.5720E17    9.5680E-11   1.2596E-11    56393.042395833    56394.400104167
1.2110E19     1.6200E17    9.1067E-11   1.2859E-11    56393.042395833    56394.400104167
1.2430E19     1.6200E17    7.8586E-11   1.2795E-11    56393.042395833    56394.400104167
1.2760E19     1.7170E17    9.5269E-11   1.4424E-11    56393.042395833    56394.400104167
1.3120E19     1.8130E17    8.8033E-11   1.4155E-11    56393.042395833    56394.400104167
1.3490E19     1.8860E17    8.5277E-11   1.4713E-11    56393.042395833    56394.400104167
1.3890E19     2.1760E17    6.4123E-11   1.3004E-11    56393.042395833    56394.400104167
1.4350E19     2.3700E17    5.7242E-11   1.3015E-11    56393.042395833    56394.400104167
1.4870E19     2.8050E17    5.4219E-11   1.3016E-11    56393.042395833    56394.400104167
1.5420E19     2.7080E17    6.4372E-11   1.6631E-11    56393.042395833    56394.400104167
1.5990E19     2.9740E17    5.2735E-11   1.7402E-11    56393.042395833    56394.400104167
1.6630E19     3.5060E17    5.9140E-11   1.8891E-11    56393.042395833    56394.400104167
1.7370E19     3.8200E17    5.1359E-11   2.1104E-11    56393.042395833    56394.400104167
1.8100E19     3.5540E17    8.4447E-11   2.8824E-11    56393.042395833    56394.400104167
8.6080E17     1.3540E17    1.5678E-09   6.2823E-12    56394.858402778    56395.084097222
1.1320E18     1.3540E17    1.3901E-09   5.8704E-12    56394.858402778    56395.084097222
1.4020E18     1.3540E17    1.2573E-09   6.0472E-12    56394.858402778    56395.084097222
1.6730E18     1.3540E17    1.1384E-09   6.3796E-12    56394.858402778    56395.084097222
1.9440E18     1.3540E17    1.0425E-09   6.8332E-12    56394.858402778    56395.084097222
2.2150E18     1.3540E17    9.6543E-10   7.3377E-12    56394.858402778    56395.084097222
2.4860E18     1.3540E17    8.8806E-10   8.1980E-12    56394.858402778    56395.084097222
2.7570E18     1.3540E17    8.2589E-10   9.3250E-12    56394.858402778    56395.084097222
3.0270E18     1.3540E17    7.6061E-10   1.0455E-11    56394.858402778    56395.084097222
3.2980E18     1.3540E17    7.0460E-10   1.1425E-11    56394.858402778    56395.084097222
3.5690E18     1.3540E17    6.6940E-10   1.2508E-11    56394.858402778    56395.084097222
3.8400E18     1.3540E17    6.4542E-10   1.3674E-11    56394.858402778    56395.084097222
4.1110E18     1.3540E17    5.8034E-10   1.4361E-11    56394.858402778    56395.084097222
4.3810E18     1.3540E17    5.5207E-10   1.5449E-11    56394.858402778    56395.084097222
4.6520E18     1.3540E17    5.2262E-10   1.6484E-11    56394.858402778    56395.084097222
4.9230E18     1.3540E17    4.9552E-10   1.7544E-11    56394.858402778    56395.084097222
5.1940E18     1.3540E17    4.5829E-10   1.8467E-11    56394.858402778    56395.084097222
5.4650E18     1.3540E17    4.3953E-10   1.9803E-11    56394.858402778    56395.084097222
5.7360E18     1.3540E17    4.2330E-10   2.1281E-11    56394.858402778    56395.084097222
6.0060E18     1.3540E17    4.3476E-10   2.3447E-11    56394.858402778    56395.084097222
6.2770E18     1.3540E17    3.6261E-10   2.3121E-11    56394.858402778    56395.084097222
6.5480E18     1.3540E17    3.7398E-10   2.6543E-11    56394.858402778    56395.084097222
6.8190E18     1.3540E17    3.6922E-10   2.8303E-11    56394.858402778    56395.084097222
7.0900E18     1.3540E17    3.4642E-10   2.8815E-11    56394.858402778    56395.084097222
7.3600E18     1.3540E17    3.5012E-10   3.1025E-11    56394.858402778    56395.084097222
7.6340E18     1.3780E17    3.1639E-10   3.1199E-11    56394.858402778    56395.084097222
7.9120E18     1.4020E17    3.0562E-10   3.3059E-11    56394.858402778    56395.084097222
8.1990E18     1.4750E17    3.2019E-10   3.4686E-11    56394.858402778    56395.084097222
8.4940E18     1.4750E17    2.6016E-10   3.3041E-11    56394.858402778    56395.084097222
8.7970E18     1.5480E17    2.6212E-10   3.3755E-11    56394.858402778    56395.084097222
9.1110E18     1.5960E17    2.5368E-10   3.4959E-11    56394.858402778    56395.084097222
9.4420E18     1.7170E17    2.3554E-10   3.4547E-11    56394.858402778    56395.084097222
9.8070E18     1.9340E17    2.4522E-10   3.5482E-11    56394.858402778    56395.084097222
1.0210E19     2.1040E17    2.0045E-10   3.3183E-11    56394.858402778    56395.084097222
1.0720E19     2.9740E17    1.5255E-10   2.6760E-11    56394.858402778    56395.084097222
1.1310E19     2.9020E17    1.9753E-10   3.3761E-11    56394.858402778    56395.084097222
1.2020E19     4.2320E17    1.4816E-10   2.7878E-11    56394.858402778    56395.084097222
1.2970E19     5.2950E17    1.5155E-10   2.9817E-11    56394.858402778    56395.084097222
1.4300E19     7.9310E17    1.3284E-10   2.8693E-11    56394.858402778    56395.084097222
1.6580E19     1.4940E18    1.2453E-10   3.3561E-11    56394.858402778    56395.084097222
8.6080E17     1.3540E17    6.2810E-10   2.7141E-12    56395.900104167    56396.28900463
1.1320E18     1.3540E17    5.3513E-10   2.4809E-12    56395.900104167    56396.28900463
1.4020E18     1.3540E17    4.5871E-10   2.4866E-12    56395.900104167    56396.28900463
1.6730E18     1.3540E17    4.0560E-10   2.5915E-12    56395.900104167    56396.28900463
1.9440E18     1.3540E17    3.5515E-10   2.7139E-12    56395.900104167    56396.28900463
2.2150E18     1.3540E17    3.1928E-10   2.8709E-12    56395.900104167    56396.28900463
2.4860E18     1.3540E17    2.9092E-10   3.1918E-12    56395.900104167    56396.28900463
2.7570E18     1.3540E17    2.6395E-10   3.5859E-12    56395.900104167    56396.28900463
3.0270E18     1.3540E17    2.3934E-10   3.9904E-12    56395.900104167    56396.28900463
3.2980E18     1.3540E17    2.1902E-10   4.3336E-12    56395.900104167    56396.28900463
3.5690E18     1.3540E17    2.0058E-10   4.6600E-12    56395.900104167    56396.28900463
3.8400E18     1.3540E17    1.8928E-10   5.0396E-12    56395.900104167    56396.28900463
4.1110E18     1.3540E17    1.7400E-10   5.3517E-12    56395.900104167    56396.28900463
4.3810E18     1.3540E17    1.6775E-10   5.7998E-12    56395.900104167    56396.28900463
4.6520E18     1.3540E17    1.4947E-10   6.0005E-12    56395.900104167    56396.28900463
4.9230E18     1.3540E17    1.4287E-10   6.4182E-12    56395.900104167    56396.28900463
5.1940E18     1.3540E17    1.3928E-10   6.9293E-12    56395.900104167    56396.28900463
5.4650E18     1.3540E17    1.2953E-10   7.3471E-12    56395.900104167    56396.28900463
5.7360E18     1.3540E17    1.2383E-10   7.8771E-12    56395.900104167    56396.28900463
6.0060E18     1.3540E17    1.2184E-10   8.4958E-12    56395.900104167    56396.28900463
6.2770E18     1.3540E17    1.0836E-10   8.6692E-12    56395.900104167    56396.28900463
6.5480E18     1.3540E17    1.0149E-10   9.5058E-12    56395.900104167    56396.28900463
6.8190E18     1.3540E17    1.0035E-10   1.0227E-11    56395.900104167    56396.28900463
7.0900E18     1.3540E17    1.0607E-10   1.1123E-11    56395.900104167    56396.28900463
7.3680E18     1.4270E17    9.2676E-11   1.0972E-11    56395.900104167    56396.28900463
7.6670E18     1.5720E17    8.0223E-11   1.0401E-11    56395.900104167    56396.28900463
7.9750E18     1.4990E17    8.1127E-11   1.1693E-11    56395.900104167    56396.28900463
8.2940E18     1.6930E17    7.1815E-11   1.0981E-11    56395.900104167    56396.28900463
8.6320E18     1.6930E17    8.0687E-11   1.2271E-11    56395.900104167    56396.28900463
9.0090E18     2.0790E17    6.5144E-11   1.0826E-11    56395.900104167    56396.28900463
9.4450E18     2.2730E17    5.8591E-11   1.0794E-11    56395.900104167    56396.28900463
9.9400E18     2.6840E17    6.8004E-11   1.1469E-11    56395.900104167    56396.28900463
1.0490E19     2.7810E17    6.1080E-11   1.1962E-11    56395.900104167    56396.28900463
1.1130E19     3.6270E17    5.4003E-11   1.1171E-11    56395.900104167    56396.28900463
1.1920E19     4.3280E17    5.3969E-11   1.1984E-11    56395.900104167    56396.28900463
1.2860E19     5.0050E17    5.4571E-11   1.3398E-11    56395.900104167    56396.28900463
1.4200E19     8.4630E17    3.5979E-11   1.1597E-11    56395.900104167    56396.28900463
8.6080E17     1.3540E17    1.4599E-09   4.2042E-12    56396.903599537    56397.299398148
1.1320E18     1.3540E17    1.4066E-09   4.1098E-12    56396.903599537    56397.299398148
1.4020E18     1.3540E17    1.3566E-09   4.3762E-12    56396.903599537    56397.299398148
1.6730E18     1.3540E17    1.3080E-09   4.7667E-12    56396.903599537    56397.299398148
1.9440E18     1.3540E17    1.2586E-09   5.2353E-12    56396.903599537    56397.299398148
2.2150E18     1.3540E17    1.2216E-09   5.7564E-12    56396.903599537    56397.299398148
2.4860E18     1.3540E17    1.1730E-09   6.5709E-12    56396.903599537    56397.299398148
2.7570E18     1.3540E17    1.1301E-09   7.6077E-12    56396.903599537    56397.299398148
3.0270E18     1.3540E17    1.0891E-09   8.7228E-12    56396.903599537    56397.299398148
3.2980E18     1.3540E17    1.0454E-09   9.7040E-12    56396.903599537    56397.299398148
3.5690E18     1.3540E17    1.0028E-09   1.0672E-11    56396.903599537    56397.299398148
3.8400E18     1.3540E17    9.5842E-10   1.1619E-11    56396.903599537    56397.299398148
4.1110E18     1.3540E17    9.2750E-10   1.2658E-11    56396.903599537    56397.299398148
4.3810E18     1.3540E17    8.7973E-10   1.3591E-11    56396.903599537    56397.299398148
4.6520E18     1.3540E17    8.6192E-10   1.4750E-11    56396.903599537    56397.299398148
4.9230E18     1.3540E17    8.2258E-10   1.5752E-11    56396.903599537    56397.299398148
5.1940E18     1.3540E17    7.8076E-10   1.6779E-11    56396.903599537    56397.299398148
5.4650E18     1.3540E17    7.8220E-10   1.8403E-11    56396.903599537    56397.299398148
5.7360E18     1.3540E17    7.4853E-10   1.9678E-11    56396.903599537    56397.299398148
6.0060E18     1.3540E17    7.5149E-10   2.1456E-11    56396.903599537    56397.299398148
6.2770E18     1.3540E17    6.9919E-10   2.2309E-11    56396.903599537    56397.299398148
6.5480E18     1.3540E17    6.8830E-10   2.5034E-11    56396.903599537    56397.299398148
6.8190E18     1.3540E17    6.7117E-10   2.6372E-11    56396.903599537    56397.299398148
7.0900E18     1.3540E17    6.5730E-10   2.7589E-11    56396.903599537    56397.299398148
7.3600E18     1.3540E17    6.3476E-10   2.8781E-11    56396.903599537    56397.299398148
7.6310E18     1.3540E17    6.0550E-10   3.0103E-11    56396.903599537    56397.299398148
7.9020E18     1.3540E17    5.9039E-10   3.2345E-11    56396.903599537    56397.299398148
8.1730E18     1.3540E17    5.8689E-10   3.3790E-11    56396.903599537    56397.299398148
8.4440E18     1.3540E17    5.6841E-10   3.4923E-11    56396.903599537    56397.299398148
8.7140E18     1.3540E17    5.3185E-10   3.5372E-11    56396.903599537    56397.299398148
8.9850E18     1.3540E17    5.2924E-10   3.7054E-11    56396.903599537    56397.299398148
9.2560E18     1.3540E17    5.3547E-10   3.9079E-11    56396.903599537    56397.299398148
9.5290E18     1.3780E17    4.9034E-10   3.9029E-11    56396.903599537    56397.299398148
9.8070E18     1.4020E17    5.2946E-10   4.2105E-11    56396.903599537    56397.299398148
1.0080E19     1.3540E17    5.0132E-10   4.3841E-11    56396.903599537    56397.299398148
1.0360E19     1.4270E17    4.5559E-10   4.2779E-11    56396.903599537    56397.299398148
1.0640E19     1.3780E17    4.6524E-10   4.5995E-11    56396.903599537    56397.299398148
1.0920E19     1.4270E17    4.6893E-10   4.7556E-11    56396.903599537    56397.299398148
1.1210E19     1.4020E17    4.4683E-10   4.9310E-11    56396.903599537    56397.299398148
1.1500E19     1.4990E17    4.0940E-10   4.7904E-11    56396.903599537    56397.299398148
1.1800E19     1.5480E17    3.9957E-10   4.8672E-11    56396.903599537    56397.299398148
1.2100E19     1.4750E17    4.3222E-10   5.4596E-11    56396.903599537    56397.299398148
1.2420E19     1.7170E17    3.6567E-10   4.8949E-11    56396.903599537    56397.299398148
1.2790E19     1.9340E17    2.8985E-10   4.4159E-11    56396.903599537    56397.299398148
1.3190E19     2.0550E17    3.5259E-10   4.9564E-11    56396.903599537    56397.299398148
1.3610E19     2.1520E17    3.3078E-10   5.1360E-11    56396.903599537    56397.299398148
1.4040E19     2.1520E17    3.6272E-10   5.7427E-11    56396.903599537    56397.299398148
1.4500E19     2.4660E17    3.2222E-10   5.4135E-11    56396.903599537    56397.299398148
1.5070E19     3.2640E17    2.5266E-10   4.8142E-11    56396.903599537    56397.299398148
1.5760E19     3.6510E17    2.6365E-10   5.2576E-11    56396.903599537    56397.299398148
1.6580E19     4.4730E17    2.6784E-10   5.5311E-11    56396.903599537    56397.299398148
1.7530E19     5.0780E17    2.3215E-10   6.1774E-11    56396.903599537    56397.299398148
1.7690E19     4.4970E17    2.9528E-10   7.2874E-11    56396.903599537    56397.299398148
1.8480E19     3.4820E17    2.0242E-10   9.2200E-11    56396.903599537    56397.299398148
8.6080E17     1.3540E17    6.1905E-10   2.6223E-12    56397.917395833    56398.309803241
1.1320E18     1.3540E17    5.4253E-10   2.4374E-12    56397.917395833    56398.309803241
1.4020E18     1.3540E17    4.9135E-10   2.5126E-12    56397.917395833    56398.309803241
1.6730E18     1.3540E17    4.4696E-10   2.6571E-12    56397.917395833    56398.309803241
1.9440E18     1.3540E17    4.1254E-10   2.8577E-12    56397.917395833    56398.309803241
2.2150E18     1.3540E17    3.8166E-10   3.0669E-12    56397.917395833    56398.309803241
2.4860E18     1.3540E17    3.5812E-10   3.4605E-12    56397.917395833    56398.309803241
2.7570E18     1.3540E17    3.3551E-10   3.9510E-12    56397.917395833    56398.309803241
3.0270E18     1.3540E17    3.0684E-10   4.4142E-12    56397.917395833    56398.309803241
3.2980E18     1.3540E17    2.9167E-10   4.8850E-12    56397.917395833    56398.309803241
3.5690E18     1.3540E17    2.7556E-10   5.3346E-12    56397.917395833    56398.309803241
3.8400E18     1.3540E17    2.5994E-10   5.7727E-12    56397.917395833    56398.309803241
4.1110E18     1.3540E17    2.4445E-10   6.1982E-12    56397.917395833    56398.309803241
4.3810E18     1.3540E17    2.3074E-10   6.6420E-12    56397.917395833    56398.309803241
4.6520E18     1.3540E17    2.2323E-10   7.1614E-12    56397.917395833    56398.309803241
4.9230E18     1.3540E17    2.0623E-10   7.5301E-12    56397.917395833    56398.309803241
5.1940E18     1.3540E17    2.0587E-10   8.2291E-12    56397.917395833    56398.309803241
5.4650E18     1.3540E17    1.9622E-10   8.8130E-12    56397.917395833    56398.309803241
5.7360E18     1.3540E17    1.8570E-10   9.3939E-12    56397.917395833    56398.309803241
6.0060E18     1.3540E17    1.7421E-10   9.8925E-12    56397.917395833    56398.309803241
6.2770E18     1.3540E17    1.7443E-10   1.0675E-11    56397.917395833    56398.309803241
6.5480E18     1.3540E17    1.6457E-10   1.1792E-11    56397.917395833    56398.309803241
6.8190E18     1.3540E17    1.6892E-10   1.2739E-11    56397.917395833    56398.309803241
7.0900E18     1.3540E17    1.6568E-10   1.3363E-11    56397.917395833    56398.309803241
7.3600E18     1.3540E17    1.5666E-10   1.3901E-11    56397.917395833    56398.309803241
7.6360E18     1.4020E17    1.4375E-10   1.3987E-11    56397.917395833    56398.309803241
7.9190E18     1.4270E17    1.4084E-10   1.4972E-11    56397.917395833    56398.309803241
8.2070E18     1.4510E17    1.2723E-10   1.4828E-11    56397.917395833    56398.309803241
8.5070E18     1.5480E17    1.2175E-10   1.4859E-11    56397.917395833    56398.309803241
8.8260E18     1.6440E17    1.1286E-10   1.4679E-11    56397.917395833    56398.309803241
9.1380E18     1.4750E17    1.2873E-10   1.7511E-11    56397.917395833    56398.309803241
9.4590E18     1.7410E17    1.0429E-10   1.5527E-11    56397.917395833    56398.309803241
9.8070E18     1.7410E17    1.1310E-10   1.7204E-11    56397.917395833    56398.309803241
1.0190E19     2.0790E17    1.0426E-10   1.6209E-11    56397.917395833    56398.309803241
1.0620E19     2.2490E17    8.9620E-11   1.5677E-11    56397.917395833    56398.309803241
1.1060E19     2.1520E17    1.3088E-10   2.0628E-11    56397.917395833    56398.309803241
1.1570E19     2.9740E17    8.2246E-11   1.5534E-11    56397.917395833    56398.309803241
1.2160E19     2.8770E17    1.0397E-10   1.9413E-11    56397.917395833    56398.309803241
1.2840E19     3.9660E17    8.1599E-11   1.7911E-11    56397.917395833    56398.309803241
1.3740E19     5.0290E17    7.1204E-11   1.6871E-11    56397.917395833    56398.309803241
1.5060E19     8.1000E17    4.8259E-11   1.5470E-11    56397.917395833    56398.309803241
1.6890E19     1.0230E18    5.9350E-11   2.2660E-11    56397.917395833    56398.309803241
8.6080E17     1.3540E17    6.1136E-10   2.3945E-12    56398.931296296    56399.382696759
1.1320E18     1.3540E17    5.6810E-10   2.2962E-12    56398.931296296    56399.382696759
1.4020E18     1.3540E17    5.3933E-10   2.4253E-12    56398.931296296    56399.382696759
1.6730E18     1.3540E17    5.0880E-10   2.6125E-12    56398.931296296    56399.382696759
1.9440E18     1.3540E17    4.8447E-10   2.8541E-12    56398.931296296    56399.382696759
2.2150E18     1.3540E17    4.5747E-10   3.0952E-12    56398.931296296    56399.382696759
2.4860E18     1.3540E17    4.4018E-10   3.5370E-12    56398.931296296    56399.382696759
2.7570E18     1.3540E17    4.2443E-10   4.0971E-12    56398.931296296    56399.382696759
3.0270E18     1.3540E17    4.0017E-10   4.6472E-12    56398.931296296    56399.382696759
3.2980E18     1.3540E17    3.7395E-10   5.0998E-12    56398.931296296    56399.382696759
3.5690E18     1.3540E17    3.6688E-10   5.6722E-12    56398.931296296    56399.382696759
3.8400E18     1.3540E17    3.5634E-10   6.2292E-12    56398.931296296    56399.382696759
4.1110E18     1.3540E17    3.3487E-10   6.6850E-12    56398.931296296    56399.382696759
4.3810E18     1.3540E17    3.2358E-10   7.2468E-12    56398.931296296    56399.382696759
4.6520E18     1.3540E17    3.1189E-10   7.8062E-12    56398.931296296    56399.382696759
4.9230E18     1.3540E17    2.9843E-10   8.3458E-12    56398.931296296    56399.382696759
5.1940E18     1.3540E17    2.8866E-10   8.9788E-12    56398.931296296    56399.382696759
5.4650E18     1.3540E17    2.7686E-10   9.6355E-12    56398.931296296    56399.382696759
5.7360E18     1.3540E17    2.7418E-10   1.0498E-11    56398.931296296    56399.382696759
6.0060E18     1.3540E17    2.7411E-10   1.1416E-11    56398.931296296    56399.382696759
6.2770E18     1.3540E17    2.4037E-10   1.1537E-11    56398.931296296    56399.382696759
6.5480E18     1.3540E17    2.2334E-10   1.2599E-11    56398.931296296    56399.382696759
6.8190E18     1.3540E17    2.3658E-10   1.3881E-11    56398.931296296    56399.382696759
7.0900E18     1.3540E17    2.1814E-10   1.4043E-11    56398.931296296    56399.382696759
7.3600E18     1.3540E17    2.1537E-10   1.4925E-11    56398.931296296    56399.382696759
7.6310E18     1.3540E17    2.1421E-10   1.5860E-11    56398.931296296    56399.382696759
7.9020E18     1.3540E17    2.0693E-10   1.6948E-11    56398.931296296    56399.382696759
8.1730E18     1.3540E17    2.1457E-10   1.8088E-11    56398.931296296    56399.382696759
8.4440E18     1.3540E17    1.8533E-10   1.7676E-11    56398.931296296    56399.382696759
8.7140E18     1.3540E17    1.9183E-10   1.8881E-11    56398.931296296    56399.382696759
8.9850E18     1.3540E17    1.8222E-10   1.9326E-11    56398.931296296    56399.382696759
9.2630E18     1.4270E17    1.9299E-10   2.0475E-11    56398.931296296    56399.382696759
9.5510E18     1.4510E17    2.0623E-10   2.2033E-11    56398.931296296    56399.382696759
9.8460E18     1.4990E17    1.6408E-10   2.0296E-11    56398.931296296    56399.382696759
1.0150E19     1.5230E17    1.6320E-10   2.1224E-11    56398.931296296    56399.382696759
1.0450E19     1.4990E17    1.9353E-10   2.4503E-11    56398.931296296    56399.382696759
1.0760E19     1.6200E17    1.5486E-10   2.2620E-11    56398.931296296    56399.382696759
1.1110E19     1.8130E17    1.5640E-10   2.2450E-11    56398.931296296    56399.382696759
1.1470E19     1.7890E17    1.8127E-10   2.6066E-11    56398.931296296    56399.382696759
1.1850E19     2.0310E17    1.2645E-10   2.2074E-11    56398.931296296    56399.382696759
1.2240E19     1.9100E17    1.4954E-10   2.6203E-11    56398.931296296    56399.382696759
1.2650E19     2.2000E17    1.3899E-10   2.5542E-11    56398.931296296    56399.382696759
1.3110E19     2.3940E17    1.4703E-10   2.7363E-11    56398.931296296    56399.382696759
1.3670E19     3.1920E17    1.1321E-10   2.3188E-11    56398.931296296    56399.382696759
1.4330E19     3.3850E17    1.3830E-10   2.7238E-11    56398.931296296    56399.382696759
1.5080E19     4.1110E17    1.0883E-10   2.6262E-11    56398.931296296    56399.382696759
1.5950E19     4.6430E17    1.3810E-10   3.2657E-11    56398.931296296    56399.382696759
1.7260E19     8.4630E17    7.6846E-11   2.7575E-11    56398.931296296    56399.382696759
8.6080E17     1.3540E17    1.1876E-10   1.1406E-12    56400.011203704    56400.379201389
1.1320E18     1.3540E17    9.7338E-11   1.0220E-12    56400.011203704    56400.379201389
1.4020E18     1.3540E17    8.2819E-11   1.0209E-12    56400.011203704    56400.379201389
1.6730E18     1.3540E17    7.1872E-11   1.0539E-12    56400.011203704    56400.379201389
1.9440E18     1.3540E17    6.4319E-11   1.1166E-12    56400.011203704    56400.379201389
2.2150E18     1.3540E17    5.7158E-11   1.1742E-12    56400.011203704    56400.379201389
2.4860E18     1.3540E17    5.0345E-11   1.2844E-12    56400.011203704    56400.379201389
2.7570E18     1.3540E17    4.6029E-11   1.4504E-12    56400.011203704    56400.379201389
3.0270E18     1.3540E17    4.2285E-11   1.6257E-12    56400.011203704    56400.379201389
3.2980E18     1.3540E17    3.5428E-11   1.6896E-12    56400.011203704    56400.379201389
3.5690E18     1.3540E17    3.5712E-11   1.9075E-12    56400.011203704    56400.379201389
3.8400E18     1.3540E17    3.5023E-11   2.1063E-12    56400.011203704    56400.379201389
4.1110E18     1.3540E17    2.9535E-11   2.1493E-12    56400.011203704    56400.379201389
4.3840E18     1.3780E17    3.0393E-11   2.3807E-12    56400.011203704    56400.379201389
4.6570E18     1.3540E17    2.7274E-11   2.5093E-12    56400.011203704    56400.379201389
4.9330E18     1.4020E17    2.4699E-11   2.5974E-12    56400.011203704    56400.379201389
5.2180E18     1.4510E17    2.2669E-11   2.6986E-12    56400.011203704    56400.379201389
5.5080E18     1.4510E17    2.5121E-11   3.1582E-12    56400.011203704    56400.379201389
5.8180E18     1.6440E17    2.3563E-11   3.2319E-12    56400.011203704    56400.379201389
6.1780E18     1.9590E17    1.9521E-11   3.0164E-12    56400.011203704    56400.379201389
6.5890E18     2.1520E17    1.7623E-11   3.3764E-12    56400.011203704    56400.379201389
7.0940E18     2.9020E17    1.2301E-11   3.0170E-12    56400.011203704    56400.379201389
7.7090E18     3.2400E17    1.3704E-11   3.6079E-12    56400.011203704    56400.379201389
8.4820E18     4.4970E17    1.3575E-11   3.3461E-12    56400.011203704    56400.379201389
9.6160E18     6.8430E17    1.0658E-11   3.2460E-12    56400.011203704    56400.379201389
1.1280E19     9.8170E17    8.0053E-12   3.7523E-12    56400.011203704    56400.379201389
8.6080E17     1.3540E17    1.1819E-10   1.2035E-12    56401.021597222    56401.344502315
1.1320E18     1.3540E17    9.2829E-11   1.0544E-12    56401.021597222    56401.344502315
1.4020E18     1.3540E17    7.7202E-11   1.0408E-12    56401.021597222    56401.344502315
1.6730E18     1.3540E17    6.4674E-11   1.0558E-12    56401.021597222    56401.344502315
1.9440E18     1.3540E17    5.6412E-11   1.1034E-12    56401.021597222    56401.344502315
2.2150E18     1.3540E17    4.8263E-11   1.1392E-12    56401.021597222    56401.344502315
2.4860E18     1.3540E17    4.3625E-11   1.2613E-12    56401.021597222    56401.344502315
2.7570E18     1.3540E17    4.1068E-11   1.4445E-12    56401.021597222    56401.344502315
3.0270E18     1.3540E17    3.4461E-11   1.5508E-12    56401.021597222    56401.344502315
3.2980E18     1.3540E17    3.4628E-11   1.7648E-12    56401.021597222    56401.344502315
3.5690E18     1.3540E17    2.8011E-11   1.7834E-12    56401.021597222    56401.344502315
3.8400E18     1.3540E17    2.8040E-11   1.9872E-12    56401.021597222    56401.344502315
4.1110E18     1.3540E17    2.6271E-11   2.1394E-12    56401.021597222    56401.344502315
4.3810E18     1.3540E17    2.7214E-11   2.4046E-12    56401.021597222    56401.344502315
4.6620E18     1.4510E17    2.2475E-11   2.3405E-12    56401.021597222    56401.344502315
4.9520E18     1.4510E17    2.2639E-11   2.5813E-12    56401.021597222    56401.344502315
5.2520E18     1.5480E17    1.8004E-11   2.4960E-12    56401.021597222    56401.344502315
5.5760E18     1.6930E17    1.7894E-11   2.6757E-12    56401.021597222    56401.344502315
5.9460E18     2.0070E17    1.4913E-11   2.6704E-12    56401.021597222    56401.344502315
6.3910E18     2.4420E17    1.4636E-11   2.7452E-12    56401.021597222    56401.344502315
6.8740E18     2.3940E17    1.7363E-11   3.7903E-12    56401.021597222    56401.344502315
7.4260E18     3.1190E17    1.5752E-11   3.6402E-12    56401.021597222    56401.344502315
8.1270E18     3.8930E17    1.7033E-11   3.8391E-12    56401.021597222    56401.344502315
9.1590E18     6.4320E17    1.0391E-11   3.1764E-12    56401.021597222    56401.344502315
1.0840E19     1.0420E18    8.1641E-12   3.4945E-12    56401.021597222    56401.344502315
8.6080E17     1.3540E17    2.9631E-10   1.5343E-12    57756.993900463    57757.521597222
1.1320E18     1.3540E17    2.6969E-10   1.4584E-12    57756.993900463    57757.521597222
1.4020E18     1.3540E17    2.4974E-10   1.5218E-12    57756.993900463    57757.521597222
1.6730E18     1.3540E17    2.2973E-10   1.6184E-12    57756.993900463    57757.521597222
1.9440E18     1.3540E17    2.1724E-10   1.7617E-12    57756.993900463    57757.521597222
2.2150E18     1.3540E17    2.0681E-10   1.9185E-12    57756.993900463    57757.521597222
2.4860E18     1.3540E17    1.9355E-10   2.1586E-12    57756.993900463    57757.521597222
2.7570E18     1.3540E17    1.8488E-10   2.4833E-12    57756.993900463    57757.521597222
3.0270E18     1.3540E17    1.7174E-10   2.7971E-12    57756.993900463    57757.521597222
3.2980E18     1.3540E17    1.6738E-10   3.1368E-12    57756.993900463    57757.521597222
3.5690E18     1.3540E17    1.6021E-10   3.4509E-12    57756.993900463    57757.521597222
3.8400E18     1.3540E17    1.5507E-10   3.7741E-12    57756.993900463    57757.521597222
4.1110E18     1.3540E17    1.4723E-10   4.0771E-12    57756.993900463    57757.521597222
4.3810E18     1.3540E17    1.4244E-10   4.4179E-12    57756.993900463    57757.521597222
4.6520E18     1.3540E17    1.3546E-10   4.7311E-12    57756.993900463    57757.521597222
4.9230E18     1.3540E17    1.3797E-10   5.2152E-12    57756.993900463    57757.521597222
5.1940E18     1.3540E17    1.3448E-10   5.6284E-12    57756.993900463    57757.521597222
5.4650E18     1.3540E17    1.2267E-10   5.8889E-12    57756.993900463    57757.521597222
5.7360E18     1.3540E17    1.2417E-10   6.4932E-12    57756.993900463    57757.521597222
6.0060E18     1.3540E17    1.2427E-10   7.1198E-12    57756.993900463    57757.521597222
6.2770E18     1.3540E17    1.0433E-10   7.0393E-12    57756.993900463    57757.521597222
6.5480E18     1.3540E17    1.0682E-10   8.0579E-12    57756.993900463    57757.521597222
6.8190E18     1.3540E17    1.0476E-10   8.6396E-12    57756.993900463    57757.521597222
7.0900E18     1.3540E17    1.0736E-10   9.1406E-12    57756.993900463    57757.521597222
7.3630E18     1.3780E17    9.9507E-11   9.4050E-12    57756.993900463    57757.521597222
7.6360E18     1.3540E17    1.0871E-10   1.0538E-11    57756.993900463    57757.521597222
7.9120E18     1.4020E17    9.8232E-11   1.0665E-11    57756.993900463    57757.521597222
8.1900E18     1.3780E17    1.0746E-10   1.1780E-11    57756.993900463    57757.521597222
8.4680E18     1.4020E17    1.0973E-10   1.2453E-11    57756.993900463    57757.521597222
8.7480E18     1.4020E17    1.0537E-10   1.2809E-11    57756.993900463    57757.521597222
9.0430E18     1.5480E17    8.1224E-11   1.1466E-11    57756.993900463    57757.521597222
9.3500E18     1.5230E17    9.2507E-11   1.2996E-11    57756.993900463    57757.521597222
9.6820E18     1.7890E17    7.7685E-11   1.1617E-11    57756.993900463    57757.521597222
1.0030E19     1.6680E17    9.6309E-11   1.4272E-11    57756.993900463    57757.521597222
1.0390E19     1.9830E17    7.5086E-11   1.2479E-11    57756.993900463    57757.521597222
1.0840E19     2.4420E17    6.2371E-11   1.1235E-11    57756.993900463    57757.521597222
1.1300E19     2.1760E17    8.8440E-11   1.5194E-11    57756.993900463    57757.521597222
1.1760E19     2.4910E17    6.8199E-11   1.3957E-11    57756.993900463    57757.521597222
1.2310E19     2.9740E17    7.7431E-11   1.4652E-11    57756.993900463    57757.521597222
1.2980E19     3.7720E17    7.1332E-11   1.4011E-11    57756.993900463    57757.521597222
1.3790E19     4.2560E17    6.1222E-11   1.4937E-11    57756.993900463    57757.521597222
1.4700E19     4.8600E17    5.3649E-11   1.6245E-11    57756.993900463    57757.521597222
1.5790E19     6.0930E17    5.0633E-11   1.8936E-11    57756.993900463    57757.521597222
1.7360E19     9.5990E17    4.5720E-11   2.1665E-11    57756.993900463    57757.521597222
8.6080E17     1.3540E17    3.1185E-10   1.6383E-12    57784.990405093    57785.552905093
1.1320E18     1.3540E17    2.8823E-10   1.5690E-12    57784.990405093    57785.552905093
1.4020E18     1.3540E17    2.6632E-10   1.6347E-12    57784.990405093    57785.552905093
1.6730E18     1.3540E17    2.5010E-10   1.7570E-12    57784.990405093    57785.552905093
1.9440E18     1.3540E17    2.3520E-10   1.9071E-12    57784.990405093    57785.552905093
2.2150E18     1.3540E17    2.2013E-10   2.0580E-12    57784.990405093    57785.552905093
2.4860E18     1.3540E17    2.0993E-10   2.3333E-12    57784.990405093    57785.552905093
2.7570E18     1.3540E17    1.9907E-10   2.6704E-12    57784.990405093    57785.552905093
3.0270E18     1.3540E17    1.9198E-10   3.0637E-12    57784.990405093    57785.552905093
3.2980E18     1.3540E17    1.8032E-10   3.3715E-12    57784.990405093    57785.552905093
3.5690E18     1.3540E17    1.6837E-10   3.6607E-12    57784.990405093    57785.552905093
3.8400E18     1.3540E17    1.6654E-10   4.0500E-12    57784.990405093    57785.552905093
4.1110E18     1.3540E17    1.6198E-10   4.4246E-12    57784.990405093    57785.552905093
4.3810E18     1.3540E17    1.4979E-10   4.6985E-12    57784.990405093    57785.552905093
4.6520E18     1.3540E17    1.4490E-10   5.0651E-12    57784.990405093    57785.552905093
4.9230E18     1.3540E17    1.4061E-10   5.4455E-12    57784.990405093    57785.552905093
5.1940E18     1.3540E17    1.3367E-10   5.8003E-12    57784.990405093    57785.552905093
5.4650E18     1.3540E17    1.3221E-10   6.3062E-12    57784.990405093    57785.552905093
5.7360E18     1.3540E17    1.3102E-10   6.8631E-12    57784.990405093    57785.552905093
6.0060E18     1.3540E17    1.1678E-10   7.1444E-12    57784.990405093    57785.552905093
6.2770E18     1.3540E17    1.2174E-10   7.8787E-12    57784.990405093    57785.552905093
6.5480E18     1.3540E17    1.1218E-10   8.5761E-12    57784.990405093    57785.552905093
6.8190E18     1.3540E17    1.0947E-10   9.2178E-12    57784.990405093    57785.552905093
7.0900E18     1.3540E17    1.1556E-10   9.9415E-12    57784.990405093    57785.552905093
7.3600E18     1.3540E17    1.0158E-10   9.9797E-12    57784.990405093    57785.552905093
7.6340E18     1.3780E17    1.0571E-10   1.0604E-11    57784.990405093    57785.552905093
7.9090E18     1.3780E17    1.0108E-10   1.1317E-11    57784.990405093    57785.552905093
8.1850E18     1.3780E17    9.7406E-11   1.1701E-11    57784.990405093    57785.552905093
8.4700E18     1.4750E17    8.9658E-11   1.1435E-11    57784.990405093    57785.552905093
8.7770E18     1.5960E17    9.6828E-11   1.2063E-11    57784.990405093    57785.552905093
9.0940E18     1.5720E17    7.6367E-11   1.1574E-11    57784.990405093    57785.552905093
9.4110E18     1.5960E17    9.0116E-11   1.3219E-11    57784.990405093    57785.552905093
9.7350E18     1.6440E17    7.5955E-11   1.2850E-11    57784.990405093    57785.552905093
1.0060E19     1.6200E17    1.0508E-10   1.5809E-11    57784.990405093    57785.552905093
1.0410E19     1.9100E17    7.6363E-11   1.3431E-11    57784.990405093    57785.552905093
1.0860E19     2.5630E17    6.0006E-11   1.1372E-11    57784.990405093    57785.552905093
1.1340E19     2.2250E17    8.2932E-11   1.5298E-11    57784.990405093    57785.552905093
1.1860E19     2.9500E17    5.9485E-11   1.2852E-11    57784.990405093    57785.552905093
1.2460E19     3.0470E17    5.1015E-11   1.4029E-11    57784.990405093    57785.552905093
1.3220E19     4.5460E17    4.0309E-11   1.2127E-11    57784.990405093    57785.552905093
1.4110E19     4.3520E17    6.5509E-11   1.6998E-11    57784.990405093    57785.552905093
1.5070E19     5.2710E17    5.8349E-11   1.8591E-11    57784.990405093    57785.552905093
1.6300E19     7.0610E17    4.5763E-11   2.1158E-11    57784.990405093    57785.552905093
1.7700E19     6.9400E17    7.2973E-11   3.3856E-11    57784.990405093    57785.552905093
8.6080E17     1.3540E17    3.1691E-10   1.5764E-12    57812.924398148    57813.497303241
1.1320E18     1.3540E17    2.8676E-10   1.4931E-12    57812.924398148    57813.497303241
1.4020E18     1.3540E17    2.6306E-10   1.5500E-12    57812.924398148    57813.497303241
1.6730E18     1.3540E17    2.4398E-10   1.6549E-12    57812.924398148    57813.497303241
1.9440E18     1.3540E17    2.2790E-10   1.7906E-12    57812.924398148    57813.497303241
2.2150E18     1.3540E17    2.1641E-10   1.9472E-12    57812.924398148    57813.497303241
2.4860E18     1.3540E17    2.0250E-10   2.1892E-12    57812.924398148    57813.497303241
2.7570E18     1.3540E17    1.8941E-10   2.4916E-12    57812.924398148    57813.497303241
3.0270E18     1.3540E17    1.7941E-10   2.8324E-12    57812.924398148    57813.497303241
3.2980E18     1.3540E17    1.7188E-10   3.1511E-12    57812.924398148    57813.497303241
3.5690E18     1.3540E17    1.6258E-10   3.4445E-12    57812.924398148    57813.497303241
3.8400E18     1.3540E17    1.5591E-10   3.7543E-12    57812.924398148    57813.497303241
4.1110E18     1.3540E17    1.4589E-10   4.0215E-12    57812.924398148    57813.497303241
4.3810E18     1.3540E17    1.3851E-10   4.3141E-12    57812.924398148    57813.497303241
4.6520E18     1.3540E17    1.3690E-10   4.7065E-12    57812.924398148    57813.497303241
4.9230E18     1.3540E17    1.3064E-10   5.0229E-12    57812.924398148    57813.497303241
5.1940E18     1.3540E17    1.2717E-10   5.4188E-12    57812.924398148    57813.497303241
5.4650E18     1.3540E17    1.2583E-10   5.9049E-12    57812.924398148    57813.497303241
5.7360E18     1.3540E17    1.1544E-10   6.2012E-12    57812.924398148    57813.497303241
6.0060E18     1.3540E17    1.0875E-10   6.5950E-12    57812.924398148    57813.497303241
6.2770E18     1.3540E17    1.0875E-10   7.1095E-12    57812.924398148    57813.497303241
6.5500E18     1.3780E17    1.0051E-10   7.6825E-12    57812.924398148    57813.497303241
6.8240E18     1.3540E17    1.0937E-10   8.7669E-12    57812.924398148    57813.497303241
7.0940E18     1.3540E17    8.9534E-11   8.3336E-12    57812.924398148    57813.497303241
7.3680E18     1.3780E17    8.1580E-11   8.5399E-12    57812.924398148    57813.497303241
7.6410E18     1.3540E17    9.3038E-11   9.7065E-12    57812.924398148    57813.497303241
7.9210E18     1.4510E17    8.8760E-11   9.9524E-12    57812.924398148    57813.497303241
8.2040E18     1.3780E17    9.5202E-11   1.1064E-11    57812.924398148    57813.497303241
8.4940E18     1.5230E17    8.3919E-11   1.0473E-11    57812.924398148    57813.497303241
8.7920E18     1.4510E17    1.0829E-10   1.2712E-11    57812.924398148    57813.497303241
9.1090E18     1.7170E17    6.1559E-11   9.5329E-12    57812.924398148    57813.497303241
9.4620E18     1.8130E17    5.9806E-11   9.9872E-12    57812.924398148    57813.497303241
9.8050E18     1.6200E17    9.5059E-11   1.3736E-11    57812.924398148    57813.497303241
1.0160E19     1.8860E17    7.1858E-11   1.1883E-11    57812.924398148    57813.497303241
1.0550E19     2.1040E17    6.1143E-11   1.1383E-11    57812.924398148    57813.497303241
1.1010E19     2.4660E17    6.0990E-11   1.1641E-11    57812.924398148    57813.497303241
1.1520E19     2.6600E17    6.2746E-11   1.2189E-11    57812.924398148    57813.497303241
1.2060E19     2.6600E17    7.0417E-11   1.3997E-11    57812.924398148    57813.497303241
1.2710E19     3.9170E17    4.3092E-11   1.1226E-11    57812.924398148    57813.497303241
1.3470E19     3.6750E17    6.9112E-11   1.5388E-11    57812.924398148    57813.497303241
1.4410E19     5.7060E17    4.6459E-11   1.3270E-11    57812.924398148    57813.497303241
1.5630E19     6.5290E17    4.7775E-11   1.6415E-11    57812.924398148    57813.497303241
8.6080E17     1.3540E17    1.0154E-10   7.8969E-13    57839.910497685    57840.639699074
1.1320E18     1.3540E17    8.7184E-11   7.2701E-13    57839.910497685    57840.639699074
1.4020E18     1.3540E17    7.5784E-11   7.3436E-13    57839.910497685    57840.639699074
1.6730E18     1.3540E17    6.8622E-11   7.7478E-13    57839.910497685    57840.639699074
1.9440E18     1.3540E17    6.0967E-11   8.1749E-13    57839.910497685    57840.639699074
2.2150E18     1.3540E17    5.6004E-11   8.7516E-13    57839.910497685    57840.639699074
2.4860E18     1.3540E17    5.1612E-11   9.7839E-13    57839.910497685    57840.639699074
2.7570E18     1.3540E17    4.7762E-11   1.1098E-12    57839.910497685    57840.639699074
3.0270E18     1.3540E17    4.5512E-11   1.2674E-12    57839.910497685    57840.639699074
3.2980E18     1.3540E17    4.1383E-11   1.3735E-12    57839.910497685    57840.639699074
3.5690E18     1.3540E17    3.8210E-11   1.4870E-12    57839.910497685    57840.639699074
3.8400E18     1.3540E17    3.7245E-11   1.6370E-12    57839.910497685    57840.639699074
4.1110E18     1.3540E17    3.5618E-11   1.7726E-12    57839.910497685    57840.639699074
4.3810E18     1.3540E17    3.3825E-11   1.9097E-12    57839.910497685    57840.639699074
4.6520E18     1.3540E17    2.9183E-11   1.9568E-12    57839.910497685    57840.639699074
4.9230E18     1.3540E17    3.4823E-11   2.3334E-12    57839.910497685    57840.639699074
5.1960E18     1.3780E17    2.8655E-11   2.3201E-12    57839.910497685    57840.639699074
5.4700E18     1.3540E17    2.8035E-11   2.5665E-12    57839.910497685    57840.639699074
5.7430E18     1.3780E17    2.5968E-11   2.7105E-12    57839.910497685    57840.639699074
6.0210E18     1.4020E17    2.6145E-11   3.0111E-12    57839.910497685    57840.639699074
6.3110E18     1.4990E17    2.4813E-11   3.0811E-12    57839.910497685    57840.639699074
6.6180E18     1.5720E17    2.2396E-11   3.3735E-12    57839.910497685    57840.639699074
6.9370E18     1.6200E17    2.2292E-11   3.7134E-12    57839.910497685    57840.639699074
7.2590E18     1.5960E17    2.2956E-11   4.1067E-12    57839.910497685    57840.639699074
7.5900E18     1.7170E17    2.3767E-11   4.4121E-12    57839.910497685    57840.639699074
7.9720E18     2.1040E17    2.1283E-11   4.0934E-12    57839.910497685    57840.639699074
8.4120E18     2.2970E17    2.0382E-11   4.2798E-12    57839.910497685    57840.639699074
8.8500E18     2.0790E17    2.1472E-11   4.9996E-12    57839.910497685    57840.639699074
9.2710E18     2.1280E17    2.8777E-11   6.0122E-12    57839.910497685    57840.639699074
9.7640E18     2.8050E17    1.6630E-11   5.1088E-12    57839.910497685    57840.639699074
1.0340E19     2.9500E17    1.9806E-11   5.9114E-12    57839.910497685    57840.639699074
1.0890E19     2.5870E17    2.7872E-11   7.7075E-12    57839.910497685    57840.639699074
# BeppoSAX Spectra (Giommi et al. 2002) (id = 115)
#   frequency \gn (Hz)    Bin   Nufnu (erg cm^-2 s^-1)  Nufnu (erg cm^-2 s^-1)_error    TStart    TStop
1.3950E17     2.0770E16    1.3665E-10   7.8618E-12    50569.13745    50569.61257
1.8830E17     2.8050E16    1.3231E-10   5.2986E-12    50569.13745    50569.61257
2.5420E17     3.7860E16    1.2801E-10   4.5958E-12    50569.13745    50569.61257
3.4320E17     5.1110E16    1.1696E-10   4.4475E-12    50569.13745    50569.61257
4.6330E17     6.9010E16    1.0488E-10   2.8152E-12    50569.13745    50569.61257
6.2550E17     9.3160E16    8.8421E-11   2.2462E-12    50569.13745    50569.61257
8.4440E17     1.2580E17    7.2995E-11   2.3614E-12    50569.13745    50569.61257
1.1400E18     1.6980E17    5.7982E-11   2.5232E-12    50569.13745    50569.61257
1.5390E18     2.2920E17    4.5200E-11   2.9633E-12    50569.13745    50569.61257
2.0780E18     3.0940E17    3.5261E-11   4.2710E-12    50569.13745    50569.61257
2.8050E18     4.1770E17    3.4097E-11   5.9665E-12    50569.13745    50569.61257
3.7870E18     5.6400E17    2.3764E-11   7.4040E-12    50569.13745    50569.61257
5.1120E18     7.6140E17    1.3121E-11   5.6114E-12    50569.13745    50569.61257
1.3950E17     2.0770E16    1.2152E-10   7.5656E-12    50568.13853    50568.61257
1.8830E17     2.8050E16    1.1975E-10   5.1653E-12    50568.13853    50568.61257
2.5420E17     3.7860E16    1.1276E-10   4.4159E-12    50568.13853    50568.61257
3.4320E17     5.1110E16    1.0242E-10   4.2636E-12    50568.13853    50568.61257
4.6330E17     6.9010E16    9.1837E-11   2.6236E-12    50568.13853    50568.61257
6.2550E17     9.3160E16    7.5065E-11   2.0579E-12    50568.13853    50568.61257
8.4440E17     1.2580E17    6.1312E-11   2.1533E-12    50568.13853    50568.61257
1.1400E18     1.6980E17    4.8420E-11   2.2970E-12    50568.13853    50568.61257
1.5390E18     2.2920E17    3.6566E-11   2.6480E-12    50568.13853    50568.61257
2.0780E18     3.0940E17    2.7242E-11   3.7938E-12    50568.13853    50568.61257
2.8050E18     4.1770E17    2.0942E-11   4.7456E-12    50568.13853    50568.61257
3.7870E18     5.6400E17    1.9813E-11   8.8386E-12    50568.13853    50568.61257
5.1120E18     7.6140E17    9.5194E-12   4.2269E-12    50568.13853    50568.61257
6.9010E18     1.0280E18    6.7267E-12   5.1925E-12    50568.13853    50568.61257
1.6860E17     2.4310E16    9.4074E-11   5.6775E-12    50572.14245    50572.40632
2.2540E17     3.2500E16    8.1026E-11   4.1163E-12    50572.14245    50572.40632
3.0140E17     4.3450E16    7.2742E-11   3.8160E-12    50572.14245    50572.40632
4.0290E17     5.8080E16    5.6103E-11   3.1906E-12    50572.14245    50572.40632
5.3860E17     7.7650E16    4.6724E-11   2.3201E-12    50572.14245    50572.40632
7.2010E17     1.0380E17    3.7001E-11   2.1553E-12    50572.14245    50572.40632
9.6270E17     1.3880E17    2.6832E-11   2.1507E-12    50572.14245    50572.40632
1.2870E18     1.8550E17    1.9270E-11   2.2791E-12    50572.14245    50572.40632
1.7210E18     2.4800E17    1.4851E-11   2.7725E-12    50572.14245    50572.40632
2.3000E18     3.3160E17    1.1000E-11   4.0123E-12    50572.14245    50572.40632
1.0130E17     1.5910E16    1.1084E-10   1.1759E-11    50573.14747    50573.40632
1.3910E17     2.1830E16    1.0962E-10   7.4741E-12    50573.14747    50573.40632
1.9090E17     2.9960E16    1.0979E-10   5.0636E-12    50573.14747    50573.40632
2.6190E17     4.1120E16    9.6034E-11   4.1529E-12    50573.14747    50573.40632
3.5950E17     5.6430E16    8.2534E-11   3.9594E-12    50573.14747    50573.40632
4.9330E17     7.7440E16    7.1766E-11   3.1859E-12    50573.14747    50573.40632
6.7710E17     1.0630E17    5.6580E-11   2.6164E-12    50573.14747    50573.40632
9.2920E17     1.4590E17    4.2829E-11   2.6717E-12    50573.14747    50573.40632
1.2750E18     2.0020E17    3.2066E-11   2.9465E-12    50573.14747    50573.40632
1.7500E18     2.7470E17    2.3772E-11   3.6065E-12    50573.14747    50573.40632
2.4020E18     3.7700E17    1.6916E-11   5.1022E-12    50573.14747    50573.40632
1.6860E17     2.4310E16    1.0529E-10   6.3803E-12    50571.14216    50571.40354
2.2540E17     3.2500E16    1.0391E-10   4.9696E-12    50571.14216    50571.40354
3.0140E17     4.3450E16    9.8872E-11   4.7578E-12    50571.14216    50571.40354
4.0290E17     5.8080E16    8.5049E-11   4.0364E-12    50571.14216    50571.40354
5.3860E17     7.7650E16    7.3457E-11   2.9654E-12    50571.14216    50571.40354
7.2010E17     1.0380E17    5.8814E-11   2.7687E-12    50571.14216    50571.40354
9.6270E17     1.3880E17    4.6299E-11   2.8817E-12    50571.14216    50571.40354
1.2870E18     1.8550E17    3.8159E-11   3.2714E-12    50571.14216    50571.40354
1.7210E18     2.4800E17    2.6532E-11   3.7358E-12    50571.14216    50571.40354
2.3000E18     3.3160E17    2.1595E-11   5.5379E-12    50571.14216    50571.40354
3.0750E18     4.4330E17    2.1230E-11   1.2858E-11    50571.14216    50571.40354
4.1110E18     5.9270E17    1.7060E-11   8.3319E-12    50571.14216    50571.40354
5.4960E18     7.9240E17    1.1979E-11   9.1382E-12    50571.14216    50571.40354
1.7730E17     2.5340E16    2.7444E-10   3.8104E-12    51673.16215    51676.33937
2.3650E17     3.3790E16    3.0498E-10   3.4496E-12    51673.16215    51676.33937
3.1530E17     4.5050E16    3.1634E-10   3.5381E-12    51673.16215    51676.33937
4.2040E17     6.0080E16    3.2758E-10   2.7283E-12    51673.16215    51676.33937
5.6060E17     8.0110E16    3.2565E-10   2.6301E-12    51673.16215    51676.33937
7.4750E17     1.0680E17    3.2072E-10   2.2650E-12    51673.16215    51676.33937
9.9680E17     1.4240E17    3.1235E-10   2.7080E-12    51673.16215    51676.33937
1.3290E18     1.8990E17    3.0504E-10   3.6290E-12    51673.16215    51676.33937
1.7720E18     2.5330E17    2.9206E-10   5.0670E-12    51673.16215    51676.33937
2.3630E18     3.3770E17    2.8053E-10   8.1894E-12    51673.16215    51676.33937
3.1510E18     4.5030E17    2.4203E-10   4.2741E-12    51673.16215    51676.33937
4.2020E18     6.0050E17    2.2633E-10   2.8939E-12    51673.16215    51676.33937
5.6030E18     8.0070E17    2.0103E-10   3.1753E-12    51673.16215    51676.33937
7.4720E18     1.0680E18    1.7092E-10   4.4067E-12    51673.16215    51676.33937
9.9630E18     1.4240E18    1.4839E-10   5.9527E-12    51673.16215    51676.33937
1.3280E19     1.8980E18    1.2623E-10   8.9504E-12    51673.16215    51676.33937
1.7710E19     2.5310E18    8.0833E-11   9.5255E-12    51673.16215    51676.33937
2.3620E19     3.3750E18    7.1796E-11   1.1499E-11    51673.16215    51676.33937
3.1500E19     4.5010E18    5.7304E-11   1.9823E-11    51673.16215    51676.33937
1.0570E17     1.6490E16    2.1709E-10   1.0742E-11    50924.07815    50925.13458
1.4480E17     2.2580E16    2.1526E-10   6.3065E-12    50924.07815    50925.13458
1.9830E17     3.0920E16    2.1451E-10   4.6153E-12    50924.07815    50925.13458
2.7160E17     4.2340E16    2.0751E-10   4.0938E-12    50924.07815    50925.13458
3.7190E17     5.7980E16    1.9127E-10   4.0518E-12    50924.07815    50925.13458
5.0920E17     7.9390E16    1.7044E-10   3.5686E-12    50924.07815    50925.13458
6.9740E17     1.0870E17    1.4553E-10   3.1680E-12    50924.07815    50925.13458
9.5490E17     1.4890E17    1.1840E-10   3.1528E-12    50924.07815    50925.13458
1.3080E18     2.0390E17    9.5931E-11   3.8651E-12    50924.07815    50925.13458
1.7910E18     2.7920E17    7.2636E-11   5.1181E-12    50924.07815    50925.13458
2.4520E18     3.8230E17    6.2610E-11   8.0042E-12    50924.07815    50925.13458
3.3580E18     5.2350E17    2.5838E-11   7.7641E-12    50924.07815    50925.13458
4.5990E18     7.1690E17    2.5669E-11   5.0278E-12    50924.07815    50925.13458
6.2970E18     9.8180E17    2.2017E-11   6.7268E-12    50924.07815    50925.13458
8.6230E18     1.3440E18    2.0682E-11   6.8697E-12    50924.07815    50925.13458
1.1810E19     1.8410E18    1.9296E-11   8.9184E-12    50924.07815    50925.13458
1.6170E19     2.5210E18    2.6615E-11   1.2502E-11    50924.07815    50925.13458
1.3950E17     2.0770E16    2.2181E-10   1.0168E-11    50986.30302    50987.09852
1.8830E17     2.8050E16    2.2970E-10   7.1319E-12    50986.30302    50987.09852
2.5420E17     3.7860E16    2.2822E-10   6.2857E-12    50986.30302    50987.09852
3.4320E17     5.1110E16    2.2250E-10   6.3020E-12    50986.30302    50987.09852
4.6330E17     6.9010E16    2.1141E-10   3.9655E-12    50986.30302    50987.09852
6.2550E17     9.3160E16    1.9118E-10   4.0048E-12    50986.30302    50987.09852
8.4440E17     1.2580E17    1.6720E-10   3.5686E-12    50986.30302    50987.09852
1.1400E18     1.6980E17    1.4428E-10   4.2425E-12    50986.30302    50987.09852
1.5390E18     2.2920E17    1.2237E-10   5.5256E-12    50986.30302    50987.09852
2.0780E18     3.0940E17    1.0208E-10   8.3187E-12    50986.30302    50987.09852
2.8050E18     4.1770E17    9.6359E-11   1.1996E-11    50986.30302    50987.09852
3.7870E18     5.6400E17    5.9571E-11   8.3832E-12    50986.30302    50987.09852
5.1120E18     7.6140E17    3.8715E-11   7.3071E-12    50986.30302    50987.09852
6.9010E18     1.0280E18    3.4930E-11   9.5540E-12    50986.30302    50987.09852
9.3160E18     1.3880E18    2.3513E-11   9.0173E-12    50986.30302    50987.09852
1.0570E17     1.6490E16    2.7281E-10   1.2563E-11    50926.01889    50927.27574
1.4480E17     2.2580E16    2.7722E-10   7.5155E-12    50926.01889    50927.27574
1.9830E17     3.0920E16    2.8960E-10   5.6571E-12    50926.01889    50927.27574
2.7160E17     4.2340E16    2.9534E-10   5.1610E-12    50926.01889    50927.27574
3.7190E17     5.7980E16    2.8323E-10   5.2405E-12    50926.01889    50927.27574
5.0920E17     7.9390E16    2.6697E-10   4.8317E-12    50926.01889    50927.27574
6.9740E17     1.0870E17    2.3872E-10   4.3881E-12    50926.01889    50927.27574
9.5490E17     1.4890E17    2.0487E-10   4.4879E-12    50926.01889    50927.27574
1.3080E18     2.0390E17    1.7373E-10   5.6112E-12    50926.01889    50927.27574
1.7910E18     2.7920E17    1.4627E-10   7.8279E-12    50926.01889    50927.27574
2.4520E18     3.8230E17    1.2878E-10   1.2080E-11    50926.01889    50927.27574
3.3580E18     5.2350E17    8.6974E-11   1.0381E-11    50926.01889    50927.27574
4.5990E18     7.1690E17    6.1555E-11   6.7861E-12    50926.01889    50927.27574
6.2970E18     9.8180E17    3.6709E-11   9.0295E-12    50926.01889    50927.27574
8.6230E18     1.3440E18    3.6180E-11   1.2949E-11    50926.01889    50927.27574
1.0570E17     1.6490E16    1.9889E-10   8.0292E-12    51302.76176    51306.14015
1.4480E17     2.2580E16    1.8791E-10   4.4619E-12    51302.76176    51306.14015
1.9830E17     3.0920E16    1.7989E-10   3.1882E-12    51302.76176    51306.14015
2.7160E17     4.2340E16    1.6734E-10   2.7648E-12    51302.76176    51306.14015
3.7190E17     5.7980E16    1.4244E-10   2.4814E-12    51302.76176    51306.14015
5.0920E17     7.9390E16    1.2157E-10   1.7201E-12    51302.76176    51306.14015
6.9740E17     1.0870E17    9.8150E-11   1.4882E-12    51302.76176    51306.14015
9.5490E17     1.4890E17    7.3419E-11   1.4236E-12    51302.76176    51306.14015
1.3080E18     2.0390E17    5.4781E-11   1.6807E-12    51302.76176    51306.14015
1.7910E18     2.7920E17    3.9525E-11   2.1793E-12    51302.76176    51306.14015
2.4520E18     3.8230E17    2.9457E-11   3.1649E-12    51302.76176    51306.14015
3.3580E18     5.2350E17    1.1883E-11   3.7235E-12    51302.76176    51306.14015
4.5990E18     7.1690E17    1.0645E-11   2.3889E-12    51302.76176    51306.14015
6.2970E18     9.8180E17    1.0127E-11   3.1518E-12    51302.76176    51306.14015
8.6230E18     1.3440E18    6.6007E-12   3.2098E-12    51302.76176    51306.14015
1.6170E19     2.5210E18    6.9976E-12   3.8849E-12    51302.76176    51306.14015
1.7730E17     2.5340E16    3.0672E-10   4.4636E-12    51660.73374    51662.97052
2.3650E17     3.3790E16    3.4941E-10   4.1019E-12    51660.73374    51662.97052
3.1530E17     4.5050E16    3.7025E-10   4.2559E-12    51660.73374    51662.97052
4.2040E17     6.0080E16    3.9337E-10   4.1601E-12    51660.73374    51662.97052
5.6060E17     8.0110E16    3.9676E-10   4.3891E-12    51660.73374    51662.97052
7.4750E17     1.0680E17    3.9393E-10   3.7955E-12    51660.73374    51662.97052
9.9680E17     1.4240E17    3.8953E-10   4.5718E-12    51660.73374    51662.97052
1.3290E18     1.8990E17    3.8237E-10   6.1371E-12    51660.73374    51662.97052
1.7720E18     2.5330E17    3.7311E-10   8.6457E-12    51660.73374    51662.97052
2.3630E18     3.3770E17    3.5985E-10   1.3986E-11    51660.73374    51662.97052
3.1510E18     4.5030E17    3.1129E-10   6.6224E-12    51660.73374    51662.97052
4.2020E18     6.0050E17    2.8923E-10   4.5062E-12    51660.73374    51662.97052
5.6030E18     8.0070E17    2.5769E-10   4.9358E-12    51660.73374    51662.97052
7.4720E18     1.0680E18    2.2551E-10   6.8151E-12    51660.73374    51662.97052
9.9630E18     1.4240E18    1.9997E-10   9.1346E-12    51660.73374    51662.97052
1.3280E19     1.8980E18    1.6986E-10   1.3668E-11    51660.73374    51662.97052
1.7710E19     2.5310E18    1.6758E-10   1.4570E-11    51660.73374    51662.97052
2.3620E19     3.3750E18    1.2258E-10   1.7564E-11    51660.73374    51662.97052
3.1500E19     4.5010E18    7.5320E-11   3.0269E-11    51660.73374    51662.97052
4.2000E19     6.0010E18    4.9685E-11   5.0594E-11    51660.73374    51662.97052
1.7730E17     2.5340E16    3.0553E-10   3.9863E-12    51664.12794    51667.09238
2.3650E17     3.3790E16    3.4100E-10   3.6255E-12    51664.12794    51667.09238
3.1530E17     4.5050E16    3.6429E-10   3.7787E-12    51664.12794    51667.09238
4.2040E17     6.0080E16    3.8917E-10   5.0471E-12    51664.12794    51667.09238
5.6060E17     8.0110E16    3.9013E-10   5.7440E-12    51664.12794    51667.09238
7.4750E17     1.0680E17    3.8801E-10   4.9721E-12    51664.12794    51667.09238
9.9680E17     1.4240E17    3.8133E-10   5.9704E-12    51664.12794    51667.09238
1.3290E18     1.8990E17    3.6913E-10   7.9672E-12    51664.12794    51667.09238
1.7720E18     2.5330E17    3.5008E-10   1.1049E-11    51664.12794    51667.09238
2.3630E18     3.3770E17    3.3330E-10   1.7788E-11    51664.12794    51667.09238
3.1510E18     4.5030E17    2.7250E-10   6.5155E-12    51664.12794    51667.09238
4.2020E18     6.0050E17    2.5949E-10   4.3988E-12    51664.12794    51667.09238
5.6030E18     8.0070E17    2.1681E-10   4.8060E-12    51664.12794    51667.09238
7.4720E18     1.0680E18    1.8493E-10   6.6665E-12    51664.12794    51667.09238
9.9630E18     1.4240E18    1.4876E-10   8.9809E-12    51664.12794    51667.09238
1.3280E19     1.8980E18    1.2882E-10   1.3506E-11    51664.12794    51667.09238
1.7710E19     2.5310E18    1.0776E-10   1.4367E-11    51664.12794    51667.09238
2.3620E19     3.3750E18    8.2101E-11   1.7311E-11    51664.12794    51667.09238
3.1500E19     4.5010E18    6.4096E-11   2.9933E-11    51664.12794    51667.09238
1.3950E17     2.0770E16    1.5591E-10   1.2914E-11    50570.17399    50570.40354
1.8830E17     2.8050E16    1.5481E-10   8.8561E-12    50570.17399    50570.40354
2.5420E17     3.7860E16    1.5303E-10   7.7722E-12    50570.17399    50570.40354
3.4320E17     5.1110E16    1.3477E-10   7.3891E-12    50570.17399    50570.40354
4.6330E17     6.9010E16    1.2883E-10   4.5005E-12    50570.17399    50570.40354
6.2550E17     9.3160E16    1.0814E-10   3.5835E-12    50570.17399    50570.40354
8.4440E17     1.2580E17    9.0174E-11   3.7904E-12    50570.17399    50570.40354
1.1400E18     1.6980E17    7.1824E-11   4.0483E-12    50570.17399    50570.40354
1.5390E18     2.2920E17    5.6287E-11   4.7670E-12    50570.17399    50570.40354
2.0780E18     3.0940E17    4.1315E-11   6.6992E-12    50570.17399    50570.40354
2.8050E18     4.1770E17    3.6840E-11   8.9195E-12    50570.17399    50570.40354
3.7870E18     5.6400E17    3.3780E-11   1.0633E-11    50570.17399    50570.40354
6.9010E18     1.0280E18    2.0808E-11   6.2865E-12    50570.17399    50570.40354
1.3950E17     2.0770E16    1.1655E-10   7.2529E-12    50567.16837    50567.61257
1.8830E17     2.8050E16    1.1313E-10   4.9025E-12    50567.16837    50567.61257
2.5420E17     3.7860E16    1.0834E-10   4.2297E-12    50567.16837    50567.61257
3.4320E17     5.1110E16    9.6747E-11   4.0543E-12    50567.16837    50567.61257
4.6330E17     6.9010E16    9.1777E-11   2.6584E-12    50567.16837    50567.61257
6.2550E17     9.3160E16    7.6166E-11   2.1022E-12    50567.16837    50567.61257
8.4440E17     1.2580E17    6.0592E-11   2.1726E-12    50567.16837    50567.61257
1.1400E18     1.6980E17    4.9873E-11   2.3638E-12    50567.16837    50567.61257
1.5390E18     2.2920E17    3.8562E-11   2.7598E-12    50567.16837    50567.61257
2.0780E18     3.0940E17    2.8525E-11   3.9075E-12    50567.16837    50567.61257
2.8050E18     4.1770E17    2.1966E-11   4.9072E-12    50567.16837    50567.61257
3.7870E18     5.6400E17    2.5031E-11   7.9813E-12    50567.16837    50567.61257
5.1120E18     7.6140E17    2.2706E-11   6.9095E-12    50567.16837    50567.61257
9.3160E18     1.3880E18    1.3612E-11   6.2337E-12    50567.16837    50567.61257
1.7730E17     2.5340E16    3.1632E-10   6.7639E-12    51662.97053    51664.12794
2.3650E17     3.3790E16    3.6192E-10   6.2239E-12    51662.97053    51664.12794
3.1530E17     4.5050E16    3.8796E-10   6.4982E-12    51662.97053    51664.12794
4.2040E17     6.0080E16    4.1319E-10   6.3689E-12    51662.97053    51664.12794
5.6060E17     8.0110E16    4.2434E-10   6.7873E-12    51662.97053    51664.12794
7.4750E17     1.0680E17    4.2017E-10   5.8598E-12    51662.97053    51664.12794
9.9680E17     1.4240E17    4.2084E-10   7.1028E-12    51662.97053    51664.12794
1.3290E18     1.8990E17    4.1855E-10   9.5972E-12    51662.97053    51664.12794
1.7720E18     2.5330E17    4.0325E-10   1.3429E-11    51662.97053    51664.12794
2.3630E18     3.3770E17    3.9344E-10   2.1803E-11    51662.97053    51664.12794
3.1510E18     4.5030E17    3.2729E-10   9.5804E-12    51662.97053    51664.12794
4.2020E18     6.0050E17    3.2451E-10   6.5995E-12    51662.97053    51664.12794
5.6030E18     8.0070E17    2.8987E-10   7.1674E-12    51662.97053    51664.12794
7.4720E18     1.0680E18    2.5194E-10   9.8673E-12    51662.97053    51664.12794
9.9630E18     1.4240E18    2.0458E-10   1.3252E-11    51662.97053    51664.12794
1.3280E19     1.8980E18    2.1145E-10   1.9742E-11    51662.97053    51664.12794
1.7710E19     2.5310E18    1.4890E-10   2.1179E-11    51662.97053    51664.12794
2.3620E19     3.3750E18    1.4286E-10   2.5463E-11    51662.97053    51664.12794
# Mrk 421 (id = 114)
#   frequency \gn (Hz)    Bin   Nufnu (erg cm^-2 s^-1)  Nufnu (erg cm^-2 s^-1)_error    TStart    TStop
9.6720E17     0.0000E00    6.2600E-11   2.1600E-13    59703.41666    59705.46527
9.6720E17     0.0000E00    1.1300E-10   6.5100E-13    59734.45555    59736.46388
9.6720E17     0.0000E00    2.1800E-10   1.4440E-12    59737.3673    59739.41041
9.6720E17     0.0000E00    1.6240E-10   2.8880E-13    59919.6277    59921.16736
# VERITAS_2011ApJ_738_25A (id = 113)
#   frequency \gn (Hz)    Bin   Nufnu (erg cm^-2 s^-1)  Nufnu (erg cm^-2 s^-1)_error    TStart    TStop
6.6490E25     0.0000E00    8.9940E-11   5.7444E-12    54466.0    54647.0
8.2210E25     0.0000E00    7.9900E-11   4.6007E-12    54466.0    54647.0
1.0160E26     0.0000E00    7.4867E-11   3.9737E-12    54466.0    54647.0
1.2550E26     0.0000E00    7.6905E-11   3.8578E-12    54466.0    54647.0
1.5520E26     0.0000E00    5.7174E-11   3.5085E-12    54466.0    54647.0
1.9170E26     0.0000E00    5.3006E-11   3.5042E-12    54466.0    54647.0
2.3700E26     0.0000E00    4.1161E-11   3.2175E-12    54466.0    54647.0
2.9310E26     0.0000E00    2.7489E-11   2.8171E-12    54466.0    54647.0
3.6220E26     0.0000E00    2.6332E-11   3.0003E-12    54466.0    54647.0
4.4760E26     0.0000E00    1.7840E-11   2.7403E-12    54466.0    54647.0
5.5320E26     0.0000E00    1.5248E-11   2.7393E-12    54466.0    54647.0
6.8380E26     0.0000E00    1.2628E-11   2.6537E-12    54466.0    54647.0
8.4530E26     0.0000E00    5.7825E-12   2.1755E-12    54466.0    54647.0
1.0450E27     0.0000E00    5.8153E-12   2.2525E-12    54466.0    54647.0
6.6490E25     0.0000E00    1.5436E-10   4.2965E-12    54466.0    54647.0
8.2210E25     0.0000E00    1.4593E-10   3.5449E-12    54466.0    54647.0
1.0160E26     0.0000E00    1.4111E-10   3.5271E-12    54466.0    54647.0
1.2550E26     0.0000E00    1.2636E-10   3.3714E-12    54466.0    54647.0
1.5520E26     0.0000E00    1.1371E-10   3.3104E-12    54466.0    54647.0
1.9170E26     0.0000E00    9.7720E-11   3.1606E-12    54466.0    54647.0
2.3700E26     0.0000E00    8.7185E-11   3.1636E-12    54466.0    54647.0
2.9310E26     0.0000E00    7.3265E-11   3.1160E-12    54466.0    54647.0
3.6220E26     0.0000E00    6.2918E-11   3.1768E-12    54466.0    54647.0
4.4760E26     0.0000E00    5.3126E-11   3.1800E-12    54466.0    54647.0
5.5320E26     0.0000E00    4.7967E-11   3.2090E-12    54466.0    54647.0
6.8380E26     0.0000E00    3.3725E-11   2.9907E-12    54466.0    54647.0
8.4530E26     0.0000E00    3.0058E-11   3.1683E-12    54466.0    54647.0
1.0450E27     0.0000E00    1.7308E-11   2.7461E-12    54466.0    54647.0
1.2920E27     0.0000E00    8.1110E-12   2.1388E-12    54466.0    54647.0
1.7750E27     0.0000E00    9.0745E-12   1.8641E-12    54466.0    54647.0
2.7120E27     0.0000E00    3.1255E-12   1.3995E-12    54466.0    54647.0
6.6490E25     0.0000E00    2.1301E-10   6.9318E-12    54466.0    54647.0
8.2210E25     0.0000E00    2.0299E-10   5.8305E-12    54466.0    54647.0
1.0160E26     0.0000E00    1.9931E-10   5.9125E-12    54466.0    54647.0
1.2550E26     0.0000E00    1.8320E-10   5.7398E-12    54466.0    54647.0
1.5520E26     0.0000E00    1.6060E-10   5.5728E-12    54466.0    54647.0
1.9170E26     0.0000E00    1.4136E-10   5.5283E-12    54466.0    54647.0
2.3700E26     0.0000E00    1.2907E-10   5.6041E-12    54466.0    54647.0
2.9310E26     0.0000E00    1.1652E-10   5.7402E-12    54466.0    54647.0
3.6220E26     0.0000E00    9.5311E-11   5.6590E-12    54466.0    54647.0
4.4760E26     0.0000E00    9.5899E-11   6.1975E-12    54466.0    54647.0
5.5320E26     0.0000E00    8.5467E-11   6.3743E-12    54466.0    54647.0
6.8380E26     0.0000E00    6.9565E-11   6.3401E-12    54466.0    54647.0
8.4530E26     0.0000E00    4.6840E-11   5.7316E-12    54466.0    54647.0
1.0450E27     0.0000E00    3.7423E-11   5.8094E-12    54466.0    54647.0
1.2920E27     0.0000E00    3.0295E-11   5.8660E-12    54466.0    54647.0
1.5970E27     0.0000E00    2.0705E-11   5.2251E-12    54466.0    54647.0
1.9730E27     0.0000E00    1.4053E-11   5.0462E-12    54466.0    54647.0
2.4390E27     0.0000E00    1.4477E-11   5.6676E-12    54466.0    54647.0
6.6490E25     0.0000E00    2.0622E-10   3.9924E-11    54466.0    54647.0
8.2210E25     0.0000E00    2.3874E-10   2.0484E-11    54466.0    54647.0
1.0160E26     0.0000E00    2.4930E-10   1.7161E-11    54466.0    54647.0
1.2550E26     0.0000E00    2.4931E-10   1.5955E-11    54466.0    54647.0
1.5520E26     0.0000E00    2.3172E-10   1.5525E-11    54466.0    54647.0
1.9170E26     0.0000E00    2.1672E-10   1.5365E-11    54466.0    54647.0
2.3700E26     0.0000E00    2.0034E-10   1.5757E-11    54466.0    54647.0
2.9310E26     0.0000E00    1.4764E-10   1.4396E-11    54466.0    54647.0
3.6220E26     0.0000E00    1.1900E-10   1.3853E-11    54466.0    54647.0
4.4760E26     0.0000E00    9.1179E-11   1.3180E-11    54466.0    54647.0
5.5320E26     0.0000E00    9.4273E-11   1.4527E-11    54466.0    54647.0
6.8380E26     0.0000E00    7.8906E-11   1.4582E-11    54466.0    54647.0
8.4530E26     0.0000E00    6.5540E-11   1.4543E-11    54466.0    54647.0
1.0450E27     0.0000E00    3.4701E-11   1.2059E-11    54466.0    54647.0
1.2920E27     0.0000E00    2.3912E-11   1.0841E-11    54466.0    54647.0
1.6950E26     0.0000E00    3.0477E-10   3.3051E-11    54466.0    54647.0
2.2410E26     0.0000E00    2.8982E-10   3.3305E-11    54466.0    54647.0
2.9620E26     0.0000E00    2.0114E-10   2.1186E-11    54466.0    54647.0
3.9150E26     0.0000E00    2.2153E-10   2.3509E-11    54466.0    54647.0
5.1740E26     0.0000E00    1.8064E-10   2.2973E-11    54466.0    54647.0
6.8380E26     0.0000E00    2.0784E-10   2.7011E-11    54466.0    54647.0
9.0380E26     0.0000E00    1.6015E-10   2.5857E-11    54466.0    54647.0
1.1940E27     0.0000E00    8.6487E-11   2.3279E-11    54466.0    54647.0
1.5790E27     0.0000E00    3.1355E-11   1.5510E-11    54466.0    54647.0
2.2410E26     0.0000E00    3.4323E-10   3.5494E-11    54466.0    54647.0
2.9620E26     0.0000E00    2.6976E-10   2.3314E-11    54466.0    54647.0
3.9150E26     0.0000E00    2.4408E-10   2.4181E-11    54466.0    54647.0
5.1740E26     0.0000E00    2.0757E-10   2.4206E-11    54466.0    54647.0
6.8380E26     0.0000E00    1.7068E-10   2.4358E-11    54466.0    54647.0
9.0380E26     0.0000E00    1.5310E-10   2.5924E-11    54466.0    54647.0
1.1940E27     0.0000E00    1.0733E-10   2.4366E-11    54466.0    54647.0
1.5790E27     0.0000E00    7.7859E-11   2.3617E-11    54466.0    54647.0
2.0860E27     0.0000E00    6.1748E-11   2.5888E-11    54466.0    54647.0
1.5520E26     0.0000E00    4.3973E-10   4.6833E-11    54466.0    54647.0
1.9170E26     0.0000E00    4.3223E-10   4.4835E-11    54466.0    54647.0
2.3700E26     0.0000E00    3.7699E-10   3.1128E-11    54466.0    54647.0
2.9310E26     0.0000E00    4.0198E-10   3.2878E-11    54466.0    54647.0
3.6220E26     0.0000E00    3.5716E-10   3.2778E-11    54466.0    54647.0
4.4760E26     0.0000E00    2.6936E-10   3.0373E-11    54466.0    54647.0
5.5320E26     0.0000E00    2.9540E-10   3.3868E-11    54466.0    54647.0
6.8380E26     0.0000E00    2.3321E-10   3.2380E-11    54466.0    54647.0
8.4530E26     0.0000E00    1.9460E-10   3.1977E-11    54466.0    54647.0
1.0450E27     0.0000E00    1.8340E-10   3.4820E-11    54466.0    54647.0
1.2920E27     0.0000E00    1.1193E-10   2.9102E-11    54466.0    54647.0
1.7750E27     0.0000E00    3.8457E-11   1.4566E-11    54466.0    54647.0
# TIBET_2013ApJ_598_242A (id = 112)
#   frequency \gn (Hz)    Bin   Nufnu (erg cm^-2 s^-1)  Nufnu (erg cm^-2 s^-1)_error    TStart    TStop
4.1350E26     0.0000E00    1.7381E-10   7.0742E-11    51544.0    52274.0
6.5070E26     0.0000E00    7.9359E-11   3.5155E-11    51544.0    52274.0
1.0880E27     0.0000E00    5.2189E-11   2.2269E-11    51544.0    52274.0
# TACTIC_2015NIMPA_770_42S (id = 111)
#   frequency \gn (Hz)    Bin   Nufnu (erg cm^-2 s^-1)  Nufnu (erg cm^-2 s^-1)_error    TStart    TStop
2.4180E26     0.0000E00    4.4781E-11   5.1270E-12    53711.0    53855.0
3.3850E26     0.0000E00    3.3350E-11   1.7900E-12    53711.0    53855.0
5.3200E26     0.0000E00    2.2496E-11   1.1632E-12    53711.0    53855.0
7.9790E26     0.0000E00    1.4304E-11   9.5962E-13    53711.0    53855.0
1.1850E27     0.0000E00    9.2939E-12   8.4630E-13    53711.0    53855.0
1.7890E27     0.0000E00    4.0499E-12   7.2820E-13    53711.0    53855.0
2.6600E27     0.0000E00    1.9561E-12   6.5332E-13    53711.0    53855.0
# TACTIC_2012JPhG_39d5201C (id = 110)
#   frequency \gn (Hz)    Bin   Nufnu (erg cm^-2 s^-1)  Nufnu (erg cm^-2 s^-1)_error    TStart    TStop
2.4180E26     0.0000E00    2.8038E-11   1.0863E-11    55157.0    55332.0
3.6270E26     0.0000E00    1.9647E-11   4.0014E-12    55157.0    55332.0
5.3680E26     0.0000E00    1.6977E-11   2.4873E-12    55157.0    55332.0
8.0280E26     0.0000E00    1.3174E-11   2.7196E-12    55157.0    55332.0
1.1970E27     0.0000E00    1.5271E-11   3.1327E-12    55157.0    55332.0
1.7840E27     0.0000E00    1.6143E-11   3.7610E-12    55157.0    55332.0
2.6600E27     0.0000E00    9.9064E-12   5.0211E-12    55157.0    55332.0
3.9750E27     0.0000E00    4.3736E-12   5.3695E-12    55157.0    55332.0
# TACTIC_2010JPhG_37l5201C (id = 109)
#   frequency \gn (Hz)    Bin   Nufnu (erg cm^-2 s^-1)  Nufnu (erg cm^-2 s^-1)_error    TStart    TStop
2.4180E26     0.0000E00    1.5076E-10   5.2551E-11    54476.0    54593.0
3.5300E26     0.0000E00    7.7184E-11   1.1987E-11    54476.0    54593.0
5.1500E26     0.0000E00    3.3510E-11   5.1318E-12    54476.0    54593.0
7.5440E26     0.0000E00    2.3394E-11   4.3046E-12    54476.0    54593.0
1.1050E27     0.0000E00    1.5827E-11   4.0823E-12    54476.0    54593.0
1.6150E27     0.0000E00    1.1224E-11   4.0179E-12    54476.0    54593.0
# HESS_2005A&A_437_95A (id = 108)
#   frequency \gn (Hz)    Bin   Nufnu (erg cm^-2 s^-1)  Nufnu (erg cm^-2 s^-1)_error    TStart    TStop
2.7130E26     0.0000E00    1.3090E-10   7.0192E-12    53107.8    53114.9
3.4150E26     0.0000E00    1.2084E-10   3.8042E-12    53107.8    53114.9
4.3000E26     0.0000E00    9.7277E-11   2.8930E-12    53107.8    53114.9
5.4130E26     0.0000E00    8.2708E-11   2.6980E-12    53107.8    53114.9
6.8150E26     0.0000E00    7.7123E-11   2.7744E-12    53107.8    53114.9
8.5790E26     0.0000E00    5.8090E-11   2.5414E-12    53107.8    53114.9
1.0800E27     0.0000E00    4.0919E-11   2.3400E-12    53107.8    53114.9
1.3600E27     0.0000E00    3.2324E-11   2.1989E-12    53107.8    53114.9
1.7120E27     0.0000E00    1.7907E-11   1.8870E-12    53107.8    53114.9
2.1550E27     0.0000E00    8.6286E-12   1.5017E-12    53107.8    53114.9
2.7130E27     0.0000E00    5.1031E-12   1.2909E-12    53107.8    53114.9
3.4150E27     0.0000E00    2.3848E-12   9.8141E-13    53107.8    53114.9
4.2160E27     0.0000E00    2.6888E-13   1.8656E-13    53107.8    53114.9
# ARGO_YBJ_2011ApJ_734_110B (id = 107)
#   frequency \gn (Hz)    Bin   Nufnu (erg cm^-2 s^-1)  Nufnu (erg cm^-2 s^-1)_error    TStart    TStop
1.0810E26     0.0000E00    3.7455E-11   2.4362E-11    54405.0    55255.0
1.7120E26     0.0000E00    7.6938E-11   1.7909E-11    54405.0    55255.0
2.7080E26     0.0000E00    5.7680E-11   1.2822E-11    54405.0    55255.0
5.4160E26     0.0000E00    2.2751E-11   1.1978E-11    54405.0    55255.0
1.0810E27     0.0000E00    1.6839E-11   1.8439E-11    54405.0    55255.0
1.7120E27     0.0000E00    2.1764E-11   2.9956E-11    54405.0    55255.0
8.5840E25     0.0000E00    8.2583E-11   4.8459E-11    54405.0    55255.0
1.7120E26     0.0000E00    1.3492E-10   3.1562E-11    54405.0    55255.0
2.7080E26     0.0000E00    9.1444E-11   2.2710E-11    54405.0    55255.0
5.4160E26     0.0000E00    3.3523E-11   2.1143E-11    54405.0    55255.0
1.0810E27     0.0000E00    2.4522E-11   3.2653E-11    54405.0    55255.0
1.3590E26     0.0000E00    9.5135E-11   5.9206E-11    54405.0    55255.0
2.1540E26     0.0000E00    1.2541E-10   4.4009E-11    54405.0    55255.0
3.4090E26     0.0000E00    2.2584E-10   3.2490E-11    54405.0    55255.0
6.8190E26     0.0000E00    9.5176E-11   2.9942E-11    54405.0    55255.0
1.7120E27     0.0000E00    9.7177E-11   7.8866E-11    54405.0    55255.0
1.7120E26     0.0000E00    1.0200E-11   1.2529E-10    54405.0    55255.0
2.7080E26     0.0000E00    3.0347E-10   9.5263E-11    54405.0    55255.0
3.4090E26     0.0000E00    2.9814E-10   6.9439E-11    54405.0    55255.0
6.8190E26     0.0000E00    2.1660E-10   6.4470E-11    54405.0    55255.0
1.3590E27     0.0000E00    3.3348E-10   1.0222E-10    54405.0    55255.0
1.7120E27     0.0000E00    1.9516E-10   1.6464E-10    54405.0    55255.0
# MAGIC (id = 105)
#   frequency \gn (Hz)    Bin   Nufnu (erg cm^-2 s^-1)  Nufnu (erg cm^-2 s^-1)_error    TStart    TStop
4.4500E26     0.0000E00    2.8800E-11   1.3600E-11    53900.91979    53900.95532
2.2000E26     0.0000E00    4.0700E-11   1.2700E-11    53900.91979    53900.95532
2.0100E26     0.0000E00    2.5800E-11   1.0700E-11    53900.91979    53900.95532
1.3500E26     0.0000E00    4.4200E-11   1.1900E-11    53900.91979    53900.95532
5.2100E26     0.0000E00    1.6200E-10   5.2900E-11    53855.97283    53855.97906
2.2800E26     0.0000E00    1.6200E-10   3.3600E-11    53855.97283    53855.97906
9.9400E25     0.0000E00    7.8000E-11   1.7500E-11    53855.97283    53855.97906
6.8600E26     0.0000E00    3.3300E-11   1.3000E-11    53854.89514    53855.04119
4.4300E26     0.0000E00    3.7000E-11   8.4900E-12    53854.89514    53855.04119
2.8600E26     0.0000E00    5.3400E-11   7.2100E-12    53854.89514    53855.04119
1.8500E26     0.0000E00    5.2700E-11   6.2500E-12    53854.89514    53855.04119
1.1900E26     0.0000E00    5.1900E-11   5.1300E-12    53854.89514    53855.04119
7.7000E25     0.0000E00    5.4000E-11   5.1300E-12    53854.89514    53855.04119
7.1200E26     0.0000E00    3.3000E-11   1.2700E-11    53853.88173    53854.01394
3.9200E26     0.0000E00    4.7400E-11   9.1300E-12    53853.88173    53854.01394
2.1600E26     0.0000E00    4.8200E-11   6.2500E-12    53853.88173    53854.01394
1.1900E26     0.0000E00    6.2800E-11   5.4500E-12    53853.88173    53854.01394
1.0300E27     0.0000E00    1.1000E-10   4.4200E-11    53852.93474    53853.00047
6.5700E26     0.0000E00    1.6500E-10   4.1700E-11    53852.93474    53853.00047
4.1900E26     0.0000E00    1.8700E-10   2.7200E-11    53852.93474    53853.00047
2.6700E26     0.0000E00    1.7500E-10   1.9200E-11    53852.93474    53853.00047
1.7000E26     0.0000E00    1.7100E-10   1.4400E-11    53852.93474    53853.00047
1.0900E26     0.0000E00    1.4100E-10   1.0600E-11    53852.93474    53853.00047
4.8700E26     0.0000E00    3.8100E-11   1.2000E-11    53851.92862    53852.00383
2.9800E26     0.0000E00    4.6500E-11   1.0400E-11    53851.92862    53852.00383
1.8200E26     0.0000E00    5.5400E-11   7.8500E-12    53851.92862    53852.00383
1.1100E26     0.0000E00    5.4600E-11   6.5700E-12    53851.92862    53852.00383
6.1900E26     0.0000E00    6.1700E-11   2.1000E-11    53850.92813    53850.99607
3.7200E26     0.0000E00    5.5600E-11   1.3900E-11    53850.92813    53850.99607
2.2300E26     0.0000E00    6.1800E-11   9.9300E-12    53850.92813    53850.99607
1.3400E26     0.0000E00    6.3300E-11   7.6900E-12    53850.92813    53850.99607
8.0500E25     0.0000E00    6.9900E-11   6.8900E-12    53850.92813    53850.99607
7.6100E26     0.0000E00    7.6900E-11   2.7900E-11    53849.96428    53850.00669
4.3700E26     0.0000E00    1.0500E-10   2.1300E-11    53849.96428    53850.00669
2.5100E26     0.0000E00    9.8100E-11   1.3800E-11    53849.96428    53850.00669
1.4400E26     0.0000E00    1.2300E-10   1.2200E-11    53849.96428    53850.00669
8.2800E25     0.0000E00    1.1200E-10   1.0300E-11    53849.96428    53850.00669
4.3400E26     0.0000E00    4.0200E-11   1.4900E-11    53847.97679    53848.0146
2.7400E26     0.0000E00    5.2700E-11   1.2700E-11    53847.97679    53848.0146
1.7300E26     0.0000E00    5.8800E-11   1.2000E-11    53847.97679    53848.0146
1.0900E26     0.0000E00    3.8300E-11   8.9700E-12    53847.97679    53848.0146
1.0700E27     0.0000E00    1.7100E-11   1.1800E-11    54473.08194444    54473.6138889
6.2400E26     0.0000E00    1.9900E-11   7.5900E-12    54473.08194444    54473.6138889
3.6300E26     0.0000E00    2.2200E-11   6.4600E-12    54473.08194444    54473.6138889
2.1100E26     0.0000E00    4.8100E-11   1.0600E-11    54473.08194444    54473.6138889
1.2300E26     0.0000E00    6.3900E-11   1.2900E-11    54473.08194444    54473.6138889
7.1300E25     0.0000E00    9.0800E-11   1.7800E-11    54473.08194444    54473.6138889
4.1300E25     0.0000E00    1.1300E-10   2.8000E-11    54473.08194444    54473.6138889
7.0800E26     0.0000E00    4.2100E-11   2.3200E-11    54560.91319444    54560.930555
4.5700E26     0.0000E00    5.8500E-11   2.0900E-11    54560.91319444    54560.930555
2.9400E26     0.0000E00    6.2900E-11   1.8700E-11    54560.91319444    54560.930555
1.9000E26     0.0000E00    6.2100E-11   1.6300E-11    54560.91319444    54560.930555
1.2200E26     0.0000E00    8.3900E-11   1.9900E-11    54560.91319444    54560.930555
7.9000E25     0.0000E00    1.0600E-10   2.2900E-11    54560.91319444    54560.930555
5.0800E25     0.0000E00    1.0200E-10   2.3900E-11    54560.91319444    54560.930555
6.4400E26     0.0000E00    1.6300E-11   1.3100E-11    54558.03125    54558.041667
3.3300E26     0.0000E00    3.0100E-11   9.5300E-12    54558.03125    54558.041667
1.7300E26     0.0000E00    4.9600E-11   1.0200E-11    54558.03125    54558.041667
8.9500E25     0.0000E00    6.2900E-11   1.0500E-11    54558.03125    54558.041667
4.6200E25     0.0000E00    6.9400E-11   1.5100E-11    54558.03125    54558.041667
1.7000E27     0.0000E00    7.9500E-11   2.0000E-11    54556.165277    54556.165277
1.1000E27     0.0000E00    1.1500E-10   1.6800E-11    54556.165277    54556.165277
7.1000E26     0.0000E00    1.5200E-10   1.8300E-11    54556.165277    54556.165277
4.5900E26     0.0000E00    1.7300E-10   1.7000E-11    54556.165277    54556.165277
2.9700E26     0.0000E00    2.1800E-10   1.8300E-11    54556.165277    54556.165277
1.9200E26     0.0000E00    2.3400E-10   1.8600E-11    54556.165277    54556.165277
1.2600E26     0.0000E00    2.1600E-10   1.7600E-11    54556.165277    54556.165277
7.5900E25     0.0000E00    2.2300E-10   1.8300E-11    54556.165277    54556.165277
5.0300E25     0.0000E00    2.5200E-10   2.2600E-11    54556.165277    54556.165277
3.2600E25     0.0000E00    2.1800E-10   2.6900E-11    54556.165277    54556.165277
7.2400E26     0.0000E00    3.3900E-11   2.9600E-11    54507.147916    54507.165278
4.5900E26     0.0000E00    7.1600E-11   2.0000E-11    54507.147916    54507.165278
2.9500E26     0.0000E00    1.0500E-10   2.0000E-11    54507.147916    54507.165278
1.9100E26     0.0000E00    1.2600E-10   1.8600E-11    54507.147916    54507.165278
1.2400E26     0.0000E00    1.5200E-10   1.7300E-11    54507.147916    54507.165278
8.0800E25     0.0000E00    1.6500E-10   1.7300E-11    54507.147916    54507.165278
5.4700E25     0.0000E00    1.7200E-10   2.5600E-11    54507.147916    54507.165278
3.2500E25     0.0000E00    9.1400E-11   3.3200E-11    54507.147916    54507.165278
7.0400E26     0.0000E00    1.1900E-11   6.0500E-12    54482.143055    54482.1840277
4.5500E26     0.0000E00    2.4400E-11   6.5700E-12    54482.143055    54482.1840277
2.9400E26     0.0000E00    5.0700E-11   9.4100E-12    54482.143055    54482.1840277
1.9000E26     0.0000E00    8.7200E-11   1.3600E-11    54482.143055    54482.1840277
1.2300E26     0.0000E00    1.1100E-10   1.5900E-11    54482.143055    54482.1840277
7.9700E25     0.0000E00    1.2100E-10   1.8500E-11    54482.143055    54482.1840277
5.2000E25     0.0000E00    1.3100E-10   2.5600E-11    54482.143055    54482.1840277
3.4500E25     0.0000E00    1.3600E-10   3.3200E-11    54482.143055    54482.1840277
1.0900E27     0.0000E00    2.2500E-11   6.5700E-12    54481.13681    54481.21597
7.0700E26     0.0000E00    3.6600E-11   6.0500E-12    54481.13681    54481.21597
4.5600E26     0.0000E00    5.6600E-11   6.8400E-12    54481.13681    54481.21597
2.9500E26     0.0000E00    8.1900E-11   8.3100E-12    54481.13681    54481.21597
1.9000E26     0.0000E00    1.0600E-10   9.5300E-12    54481.13681    54481.21597
1.2300E26     0.0000E00    1.2400E-10   1.0700E-11    54481.13681    54481.21597
7.9700E25     0.0000E00    1.3500E-10   1.1500E-11    54481.13681    54481.21597
5.1800E25     0.0000E00    1.5300E-10   1.3400E-11    54481.13681    54481.21597
3.0900E25     0.0000E00    1.7100E-10   1.4500E-11    54481.13681    54481.21597
1.0600E27     0.0000E00    1.1800E-11   9.4200E-12    54475.0993    54475.26319
6.2000E26     0.0000E00    1.7100E-11   7.0100E-12    54475.0993    54475.26319
3.6200E26     0.0000E00    2.6800E-11   7.2600E-12    54475.0993    54475.26319
2.1200E26     0.0000E00    4.4500E-11   9.1700E-12    54475.0993    54475.26319
1.2400E26     0.0000E00    8.9200E-11   1.5700E-11    54475.0993    54475.26319
7.2700E25     0.0000E00    1.0900E-10   2.0000E-11    54475.0993    54475.26319
4.3400E25     0.0000E00    1.1100E-10   2.5000E-11    54475.0993    54475.26319
2.3300E25     0.0000E00    1.1700E-10   3.3800E-11    54475.0993    54475.26319
1.0700E27     0.0000E00    1.1200E-11   5.7800E-12    54474.16389    54474.26319
6.2200E26     0.0000E00    1.5700E-11   4.2000E-12    54474.16389    54474.26319
3.6300E26     0.0000E00    2.2800E-11   4.5300E-12    54474.16389    54474.26319
2.1200E26     0.0000E00    4.2900E-11   6.7200E-12    54474.16389    54474.26319
1.2300E26     0.0000E00    6.3400E-11   8.6900E-12    54474.16389    54474.26319
7.2100E25     0.0000E00    9.9200E-11   1.3600E-11    54474.16389    54474.26319
4.2100E25     0.0000E00    1.1500E-10   1.6300E-11    54474.16389    54474.26319
2.4700E25     0.0000E00    1.1900E-10   2.9100E-11    54474.16389    54474.26319
6.8910E26     0.0000E00    3.7638E-12   1.5682E-12    53325.0    53470.0
4.4520E26     0.0000E00    1.2326E-11   1.4726E-12    53325.0    53470.0
2.8760E26     0.0000E00    2.1627E-12   1.6163E-12    53325.0    53470.0
1.8580E26     0.0000E00    3.4483E-11   1.8049E-12    53325.0    53470.0
1.2020E26     0.0000E00    5.2450E-11   1.9868E-12    53325.0    53470.0
7.7450E25     0.0000E00    6.2240E-11   2.4764E-12    53325.0    53470.0
5.0190E25     0.0000E00    8.3874E-11   2.7727E-12    53325.0    53470.0
3.2330E25     0.0000E00    1.0702E-10   9.7815E-12    53325.0    53470.0
# MAGIC (id = 106)
#   frequency \gn (Hz)    Bin   Nufnu (erg cm^-2 s^-1)  Nufnu (erg cm^-2 s^-1)_error    TStart    TStop
1.0690E27 0.0 3.4572E-12   0.0000E00    53325.0    53470.0 ; UPPER LIMIT
# ARGO2LAC (id = 104)
#   frequency \gn (Hz)    Bin   Nufnu (erg cm^-2 s^-1)  Nufnu (erg cm^-2 s^-1)_error    TStart    TStop
2.4180E26     0.0000E00    8.4300E-12   7.4900E-13    54405.0    56323.0
# EGRET3 (id = 102)
#   frequency \gn (Hz)    Bin   Nufnu (erg cm^-2 s^-1)  Nufnu (erg cm^-2 s^-1)_error    TStart    TStop
2.4200E22     0.0000E00    8.2185E-12   3.2874E-12    48368.5    49993.5
2.4200E22     0.0000E00    2.4747E-11   6.3008E-12    48368.5    49993.5
2.4200E22     0.0000E00    1.1141E-11   6.1182E-12    48368.5    49993.5
2.4200E22     0.0000E00    1.1871E-11   3.1961E-12    48368.5    49993.5
2.4200E22     0.0000E00    1.2236E-11   3.0134E-12    48368.5    49993.5
2.4200E22     0.0000E00    1.4519E-11   2.1916E-12    48368.5    49993.5
2.4200E22     0.0000E00    9.9535E-12   2.5569E-12    48368.5    49993.5
2.4200E22     0.0000E00    1.6985E-11   3.0134E-12    48368.5    49993.5
2.4200E22     0.0000E00    1.2693E-11   1.6437E-12    48368.5    49993.5
2.4200E22     0.0000E00    2.3560E-11   1.1049E-11    48368.5    49993.5
2.4200E22     0.0000E00    1.2054E-11   5.5703E-12    48368.5    49993.5
2.4200E22     0.0000E00    1.8172E-11   9.8622E-12    48368.5    49993.5
2.4200E22     0.0000E00    1.2693E-11   5.1137E-12    48368.5    49993.5
2.4200E22     0.0000E00    2.1551E-11   6.4835E-12    48368.5    49993.5
2.4200E22     0.0000E00    1.4611E-11   3.4700E-12    48368.5    49993.5
# EGRET3 (id = 103)
#   frequency \gn (Hz)    Bin   Nufnu (erg cm^-2 s^-1)  Nufnu (erg cm^-2 s^-1)_error    TStart    TStop
2.4200E22 0.0 1.3971E-11   0.0000E00    48368.5    49993.5 ; UPPER LIMIT
2.4200E22 0.0 2.3286E-11   0.0000E00    48368.5    49993.5 ; UPPER LIMIT
# AGILE Grid (id = 101)
#   frequency \gn (Hz)    Bin   Nufnu (erg cm^-2 s^-1)  Nufnu (erg cm^-2 s^-1)_error    TStart    TStop
9.6720E22     0.0000E00    6.4760E-11   2.0045E-11    54290.5    54647.5
2.4180E22     0.0000E00    7.4389E-11   2.3025E-11    54290.5    54647.5
4.8360E22     0.0000E00    6.9408E-11   2.1483E-11    54290.5    54647.5
2.4180E23     0.0000E00    5.9090E-11   1.8290E-11    54290.5    54647.5
# SWBAT70M  (14-195 keV) (id = 100)
#   frequency \gn (Hz)    Bin   Nufnu (erg cm^-2 s^-1)  Nufnu (erg cm^-2 s^-1)_error    TStart    TStop
7.2540E18     0.0000E00    7.8327E-11   1.3101E-12    53340.5    55469.5
1.6930E19     0.0000E00    4.0106E-11   6.7080E-13    53340.5    55469.5
# SWBAT105 (14-195 keV) (id = 99)
#   frequency \gn (Hz)    Bin   Nufnu (erg cm^-2 s^-1)  Nufnu (erg cm^-2 s^-1)_error    TStart    TStop
7.2540E18     0.0000E00    6.9424E-11   5.4653E-13    53340.5    56535.5
1.6930E19     0.0000E00    3.6462E-11   2.8704E-13    53340.5    56535.5
# IBISSG4CAT (40-100 keV) (id = 98)
#   frequency \gn (Hz)    Bin   Nufnu (erg cm^-2 s^-1)  Nufnu (erg cm^-2 s^-1)_error    TStart    TStop
1.5290E19     0.0000E00    1.9920E-10   4.1071E-12    52671.5    54557.5
# IBISSG4CAT (20-40 keV) (id = 97)
#   frequency \gn (Hz)    Bin   Nufnu (erg cm^-2 s^-1)  Nufnu (erg cm^-2 s^-1)_error    TStart    TStop
6.8390E18     0.0000E00    2.7945E-10   2.1832E-12    52671.5    54557.5
# Fermi3FGL (6Gev) (id = 96)
#   frequency \gn (Hz)    Bin   Nufnu (erg cm^-2 s^-1)  Nufnu (erg cm^-2 s^-1)_error    TStart    TStop
1.4520E24     0.0000E00    5.9074E-11   1.7207E-12    54682.65486    56139.94861
# Fermi3FGL (60Gev) (id = 95)
#   frequency \gn (Hz)    Bin   Nufnu (erg cm^-2 s^-1)  Nufnu (erg cm^-2 s^-1)_error    TStart    TStop
1.4520E25     0.0000E00    9.5367E-11   3.8281E-12    54682.65486    56139.94861
# Fermi3FGL (600 Mev) (id = 94)
#   frequency \gn (Hz)    Bin   Nufnu (erg cm^-2 s^-1)  Nufnu (erg cm^-2 s^-1)_error    TStart    TStop
1.4520E23     0.0000E00    3.4407E-11   6.3758E-13    54682.65486    56139.94861
# Fermi3FGL (2Gev) (id = 93)
#   frequency \gn (Hz)    Bin   Nufnu (erg cm^-2 s^-1)  Nufnu (erg cm^-2 s^-1)_error    TStart    TStop
4.8400E23     0.0000E00    4.5525E-11   9.8574E-13    54682.65486    56139.94861
# Fermi3FGL (200 Mev) (id = 92)
#   frequency \gn (Hz)    Bin   Nufnu (erg cm^-2 s^-1)  Nufnu (erg cm^-2 s^-1)_error    TStart    TStop
4.8400E22     0.0000E00    2.5802E-11   7.6153E-13    54682.65486    56139.94861
# Fermi2FglLC (id = 91)
#   frequency \gn (Hz)    Bin   Nufnu (erg cm^-2 s^-1)  Nufnu (erg cm^-2 s^-1)_error    TStart    TStop
2.4200E23     0.0000E00    4.5024E-11   3.5346E-12    54682.7    54713.0
2.4200E23     0.0000E00    3.7029E-11   2.9876E-12    54713.0    54743.4
2.4200E23     0.0000E00    3.1349E-11   2.8403E-12    54743.4    54773.8
2.4200E23     0.0000E00    3.5346E-11   3.0086E-12    54773.8    54804.1
2.4200E23     0.0000E00    3.1138E-11   2.6930E-12    54804.1    54834.5
2.4200E23     0.0000E00    3.4505E-11   3.0718E-12    54834.5    54864.9
2.4200E23     0.0000E00    2.9034E-11   2.6720E-12    54864.9    54895.2
2.4200E23     0.0000E00    2.1881E-11   2.8193E-12    54895.2    54925.6
2.4200E23     0.0000E00    3.0718E-11   2.7141E-12    54925.6    54956.0
2.4200E23     0.0000E00    3.9765E-11   3.0507E-12    54956.0    54986.4
2.4200E23     0.0000E00    3.8081E-11   3.0507E-12    54986.4    55016.7
2.4200E23     0.0000E00    3.3242E-11   2.8824E-12    55016.7    55047.1
2.4200E23     0.0000E00    3.3453E-11   3.0928E-12    55047.1    55077.5
2.4200E23     0.0000E00    4.2079E-11   3.5136E-12    55077.5    55107.8
2.4200E23     0.0000E00    4.4183E-11   3.1770E-12    55107.8    55138.2
2.4200E23     0.0000E00    4.2500E-11   3.4084E-12    55138.2    55168.6
2.4200E23     0.0000E00    5.1967E-11   3.5136E-12    55168.6    55198.9
2.4200E23     0.0000E00    4.3131E-11   3.3032E-12    55198.9    55229.3
2.4200E23     0.0000E00    4.5866E-11   3.4925E-12    55229.3    55259.7
2.4200E23     0.0000E00    3.5136E-11   2.9666E-12    55259.7    55290.1
2.4200E23     0.0000E00    4.1658E-11   3.4084E-12    55290.1    55320.4
2.4200E23     0.0000E00    4.0396E-11   3.1559E-12    55320.4    55350.8
2.4200E23     0.0000E00    4.2500E-11   3.3453E-12    55350.8    55381.2
2.4200E23     0.0000E00    2.7141E-11   2.8193E-12    55381.2    55409.0
# Fermi2FGL (6Gev) (id = 90)
#   frequency \gn (Hz)    Bin   Nufnu (erg cm^-2 s^-1)  Nufnu (erg cm^-2 s^-1)_error    TStart    TStop
1.4520E24     0.0000E00    5.8179E-11   2.4946E-12    54682.65486    55409.05347
# Fermi2FGL (60Gev) (id = 89)
#   frequency \gn (Hz)    Bin   Nufnu (erg cm^-2 s^-1)  Nufnu (erg cm^-2 s^-1)_error    TStart    TStop
1.4520E25     0.0000E00    9.4807E-11   5.5054E-12    54682.65486    55409.05347
# Fermi2FGL (600 Mev) (id = 88)
#   frequency \gn (Hz)    Bin   Nufnu (erg cm^-2 s^-1)  Nufnu (erg cm^-2 s^-1)_error    TStart    TStop
1.4520E23     0.0000E00    3.2453E-11   9.1489E-13    54682.65486    55409.05347
# Fermi2FGL (2Gev) (id = 87)
#   frequency \gn (Hz)    Bin   Nufnu (erg cm^-2 s^-1)  Nufnu (erg cm^-2 s^-1)_error    TStart    TStop
4.8400E23     0.0000E00    3.7950E-11   1.2184E-12    54682.65486    55409.05347
# Fermi2FGL (200 Mev) (id = 86)
#   frequency \gn (Hz)    Bin   Nufnu (erg cm^-2 s^-1)  Nufnu (erg cm^-2 s^-1)_error    TStart    TStop
4.8400E22     0.0000E00    2.5439E-11   1.0625E-12    54682.65486    55409.05347
# Fermi1FGL (6Gev) (id = 85)
#   frequency \gn (Hz)    Bin   Nufnu (erg cm^-2 s^-1)  Nufnu (erg cm^-2 s^-1)_error    TStart    TStop
1.4520E24     0.0000E00    5.2176E-11   3.5448E-12    54682.65486    55016.61944
# Fermi1FGL (60Gev) (id = 84)
#   frequency \gn (Hz)    Bin   Nufnu (erg cm^-2 s^-1)  Nufnu (erg cm^-2 s^-1)_error    TStart    TStop
1.4520E25     0.0000E00    6.9112E-11   6.6884E-12    54682.65486    55016.61944
# Fermi1FGL (600 Mev) (id = 83)
#   frequency \gn (Hz)    Bin   Nufnu (erg cm^-2 s^-1)  Nufnu (erg cm^-2 s^-1)_error    TStart    TStop
1.4520E23     0.0000E00    2.9700E-11   1.2307E-12    54682.65486    55016.61944
# Fermi1FGL (2Gev) (id = 82)
#   frequency \gn (Hz)    Bin   Nufnu (erg cm^-2 s^-1)  Nufnu (erg cm^-2 s^-1)_error    TStart    TStop
4.8400E23     0.0000E00    3.4352E-11   1.6902E-12    54682.65486    55016.61944
# Fermi1FGL (200 Mev) (id = 81)
#   frequency \gn (Hz)    Bin   Nufnu (erg cm^-2 s^-1)  Nufnu (erg cm^-2 s^-1)_error    TStart    TStop
4.8400E22     0.0000E00    2.5798E-11   1.7496E-12    54682.65486    55016.61944
# Fermi 4FGL-DR3 (30-100 GeV) (id = 80)
#   frequency \gn (Hz)    Bin   Nufnu (erg cm^-2 s^-1)  Nufnu (erg cm^-2 s^-1)_error    TStart    TStop
1.3240E25     0.0000E00    9.8806E-11   3.5518E-12 0.0   0.0
# Fermi 4FGL-DR3 (3-10 GeV) (id = 79)
#   frequency \gn (Hz)    Bin   Nufnu (erg cm^-2 s^-1)  Nufnu (erg cm^-2 s^-1)_error    TStart    TStop
1.3240E24     0.0000E00    6.6272E-11   1.0341E-12 0.0   0.0
# Fermi 4FGL-DR3 (100-1000 GeV) (id = 78)
#   frequency \gn (Hz)    Bin   Nufnu (erg cm^-2 s^-1)  Nufnu (erg cm^-2 s^-1)_error    TStart    TStop
7.6460E25     0.0000E00    8.0121E-11   4.8611E-12 0.0   0.0
# Fermi 4FGL-DR3 (10-30 GeV) (id = 77)
#   frequency \gn (Hz)    Bin   Nufnu (erg cm^-2 s^-1)  Nufnu (erg cm^-2 s^-1)_error    TStart    TStop
4.1880E24     0.0000E00    8.2211E-11   1.9999E-12 0.0   0.0
# Fermi 4FGL-DR3 (1-3 GeV) (id = 76)
#   frequency \gn (Hz)    Bin   Nufnu (erg cm^-2 s^-1)  Nufnu (erg cm^-2 s^-1)_error    TStart    TStop
4.1880E23     0.0000E00    4.9046E-11   6.1385E-13 0.0   0.0
# Fermi 4FGL-DR3 (0.3-1 GeV) (id = 75)
#   frequency \gn (Hz)    Bin   Nufnu (erg cm^-2 s^-1)  Nufnu (erg cm^-2 s^-1)_error    TStart    TStop
1.3230E23     0.0000E00    3.6814E-11   5.3309E-13 0.0   0.0
# Fermi 4FGL-DR3 (0.1-0.3 GeV) (id = 74)
#   frequency \gn (Hz)    Bin   Nufnu (erg cm^-2 s^-1)  Nufnu (erg cm^-2 s^-1)_error    TStart    TStop
4.1880E22     0.0000E00    2.6476E-11   1.1978E-12 0.0   0.0
# Fermi 4FGL-DR3 (0.05-0.1 GeV) (id = 73)
#   frequency \gn (Hz)    Bin   Nufnu (erg cm^-2 s^-1)  Nufnu (erg cm^-2 s^-1)_error    TStart    TStop
1.7090E22     0.0000E00    2.4844E-11   2.8269E-12 0.0   0.0
# BATPA100 (id = 72)
#   frequency \gn (Hz)    Bin   Nufnu (erg cm^-2 s^-1)  Nufnu (erg cm^-2 s^-1)_error    TStart    TStop
1.1470E19     0.0000E00    5.8022E-11   5.6290E-13    53576.425781    55346.425781
# BAT60AGN (15 - 55 keV) (id = 71)
#   frequency \gn (Hz)    Bin   Nufnu (erg cm^-2 s^-1)  Nufnu (erg cm^-2 s^-1)_error    TStart    TStop
6.9450E18     0.0000E00    7.9436E-11   9.4680E-13    53430.0    55256.0
# BAT54MCAT (15-50keV) (id = 70)
#   frequency \gn (Hz)    Bin   Nufnu (erg cm^-2 s^-1)  Nufnu (erg cm^-2 s^-1)_error    TStart    TStop
6.6220E18     0.0000E00    5.8503E-11   7.6314E-13    53340.5    54525.5
# BAT54MCAT (15-150keV) (id = 69)
#   frequency \gn (Hz)    Bin   Nufnu (erg cm^-2 s^-1)  Nufnu (erg cm^-2 s^-1)_error    TStart    TStop
1.1470E19     0.0000E00    5.2340E-11   8.6420E-13    53340.5    54525.5
# BAT39MCAT (15-30keV) (id = 68)
#   frequency \gn (Hz)    Bin   Nufnu (erg cm^-2 s^-1)  Nufnu (erg cm^-2 s^-1)_error    TStart    TStop
5.1290E18     0.0000E00    8.4845E-11   9.7664E-13    53340.5    54525.5
# BAT39MCAT (10-150keV) (id = 67)
#   frequency \gn (Hz)    Bin   Nufnu (erg cm^-2 s^-1)  Nufnu (erg cm^-2 s^-1)_error    TStart    TStop
9.3650E18     0.0000E00    4.6868E-11   5.8508E-13    53340.5    54525.5
# 2FHL (92GeV) (id = 66)
#   frequency \gn (Hz)    Bin   Nufnu (erg cm^-2 s^-1)  Nufnu (erg cm^-2 s^-1)_error    TStart    TStop
2.2240E25     0.0000E00    1.0779E-10   6.3016E-12    54682.0    57116.0
# 2FHL (316GeV) (id = 65)
#   frequency \gn (Hz)    Bin   Nufnu (erg cm^-2 s^-1)  Nufnu (erg cm^-2 s^-1)_error    TStart    TStop
7.6400E25     0.0000E00    8.0483E-11   9.8390E-12    54682.0    57116.0
# 2FHL (1081GeV) (id = 64)
#   frequency \gn (Hz)    Bin   Nufnu (erg cm^-2 s^-1)  Nufnu (erg cm^-2 s^-1)_error    TStart    TStop
2.6140E26     0.0000E00    6.7128E-11   1.6844E-11    54682.0    57116.0
# MAXIGSCHGL-SB (id = 63)
#   frequency \gn (Hz)    Bin   Nufnu (erg cm^-2 s^-1)  Nufnu (erg cm^-2 s^-1)_error    TStart    TStop
8.4630E17     0.0000E00    2.4714E-10   2.0914E-12    55075.0    55286.0
# MAXIGSCHGL-HB (id = 62)
#   frequency \gn (Hz)    Bin   Nufnu (erg cm^-2 s^-1)  Nufnu (erg cm^-2 s^-1)_error    TStart    TStop
1.4510E18     0.0000E00    1.9511E-10   1.8205E-12    55075.0    55286.0
# MAXIGSC (id = 61)
#   frequency \gn (Hz)    Bin   Nufnu (erg cm^-2 s^-1)  Nufnu (erg cm^-2 s^-1)_error    TStart    TStop
1.5290E18     0.0000E00    3.6548E-10   3.2730E-12    55075.0    55286.0
# 4XMM-DR12 (4.5-12 keV) (id = 60)
#   frequency \gn (Hz)    Bin   Nufnu (erg cm^-2 s^-1)  Nufnu (erg cm^-2 s^-1)_error    TStart    TStop
1.7770E18     0.0000E00    3.5241E-10   8.5126E-13    59158.019537037035    59158.13710648148
1.7770E18     0.0000E00    2.9247E-11   2.3460E-13    55698.44394675926    55698.55585648148
1.7770E18     0.0000E00    1.5868E-10   7.6566E-13    52593.03270833333    52593.142696759256
1.7770E18     0.0000E00    1.3278E-10   2.4818E-13    52037.39697916667    52037.83232638889
1.7770E18     0.0000E00    6.2680E-11   2.9179E-13    54792.6087962963    54792.71491898148
1.7770E18     0.0000E00    3.1045E-11   2.8395E-13    54230.67173611111    54230.75361111111
1.7770E18     0.0000E00    2.0572E-10   5.2709E-13    57877.18373842593    57877.31101851852
1.7770E18     0.0000E00    3.6470E-10   7.2441E-13    53131.11033564815    53131.82251157407
1.7770E18     0.0000E00    2.6037E-11   1.8687E-13    54230.16709490741    54230.36476851852
1.7770E18     0.0000E00    1.7473E-10   3.3160E-13    51862.595300925925    51863.07710648148
1.7770E18     0.0000E00    2.3833E-11   1.9364E-13    59363.16131944444    59363.278703703705
1.7770E18     0.0000E00    5.9784E-11   8.0822E-13    52792.06047453704    52792.27177083334
1.7770E18     0.0000E00    1.1205E-10   3.0327E-13    52983.89534722222    52984.243159722224
1.7770E18     0.0000E00    1.4578E-10   2.9038E-13    51689.44094907407    51689.81738425926
1.7770E18     0.0000E00    4.5237E-11   3.2256E-13    54228.33771990741    54228.59711805556
1.7770E18     0.0000E00    1.1733E-10   2.9478E-13    57179.00829861111    57179.326319444444
1.7770E18     0.0000E00    5.0073E-11   2.7473E-13    55514.88443287037    55514.98013888889
1.7770E18     0.0000E00    2.2095E-10   8.5458E-13    54617.109085648146    54617.209710648145
1.7770E18     0.0000E00    3.1777E-11   2.1463E-13    58248.61216435185    58248.73936342593
1.7770E18     0.0000E00    5.3903E-11   1.9944E-13    52791.55327546296    52792.026400462964
1.7770E18     0.0000E00    9.1836E-11   3.7051E-13    55512.889074074075    55512.98478009259
1.7770E18     0.0000E00    1.8855E-10   8.8169E-13    52957.677037037036    52958.240324074075
1.7770E18     0.0000E00    1.6864E-10   4.8300E-13    58077.073275462964    58077.20055555556
1.7770E18     0.0000E00    9.3827E-11   3.7609E-13    58970.24721064815    58970.36457175926
1.7770E18     0.0000E00    1.6325E-10   6.6554E-13    55319.32542824074    55319.40840277778
1.7770E18     0.0000E00    1.1723E-13   2.0286E-14    52611.001539351855    52611.111296296294
1.7770E18     0.0000E00    4.5522E-11   2.5075E-13    54976.171331018515    54976.277453703704
1.7770E18     0.0000E00    3.2427E-11   2.8326E-13    54230.54209490741    54230.62398148148
1.7770E18     0.0000E00    1.8428E-13   2.7640E-14    52592.874131944445    52592.98402777778
1.7770E18     0.0000E00    1.7818E-10   5.2766E-13    58609.7440625    58609.86141203704
1.7770E18     0.0000E00    1.7097E-10   3.2341E-13    53683.76315972222    53684.45539351852
1.7770E18     0.0000E00    4.2372E-11   3.8197E-13    54228.613171296296    54228.839537037034
1.7770E18     0.0000E00    1.6671E-10   2.5809E-13    51861.932488425926    51862.47224537037
1.7770E18     0.0000E00    1.5055E-11   2.3759E-13    55893.978784722225    55894.114340277774
1.7770E18     0.0000E00    3.6754E-11   1.0984E-12    52797.913194444445    52798.459861111114
1.7770E18     0.0000E00    4.1580E-11   1.4789E-13    57334.60832175926    57334.958761574075
1.7770E18     0.0000E00    4.0280E-11   1.5084E-13    57514.16784722222    57514.49050925926
1.7770E18     0.0000E00    1.2211E-11   1.0248E-13    52399.18887731482    52399.38631944444
1.7770E18     0.0000E00    3.9640E-10   3.9531E-13    53883.092986111114    53883.884305555555
1.7770E18     0.0000E00    2.8577E-11   2.7532E-13    54230.41247685185    54230.49428240741
1.7770E18     0.0000E00    5.0835E-11   2.4391E-13    52609.95842592593    52610.778715277775
1.7770E18     0.0000E00    1.5675E-10   2.6950E-13    52592.01940972222    52592.828148148146
1.7770E18     0.0000E00    3.3514E-11   3.2045E-13    52610.83358796296    52610.94342592593
1.7770E18     0.0000E00    2.2776E-10   6.6136E-13    55151.75497685185    55151.84952546296
1.7770E18     0.0000E00    5.9317E-11   4.7467E-13    54423.54855324074    54423.764085648145
1.7770E18     0.0000E00    4.2636E-11   1.3969E-13    51850.00702546296    51850.43409722222
1.7770E18     0.0000E00    1.3450E-10   3.9069E-13    58444.15326388889    58444.33427083334
1.7770E18     0.0000E00    2.3396E-11   1.3502E-13    52398.701273148145    52399.127233796295
1.7770E18     0.0000E00    1.6478E-11   1.2907E-13    57695.56859953704    57695.75375
# 4XMM-DR12 (2-4.5 keV) (id = 59)
#   frequency \gn (Hz)    Bin   Nufnu (erg cm^-2 s^-1)  Nufnu (erg cm^-2 s^-1)_error    TStart    TStop
7.2540E17     0.0000E00    4.1787E-10   4.5881E-13    59158.019537037035    59158.13710648148
7.2540E17     0.0000E00    6.0399E-11   1.8567E-13    55698.44394675926    55698.55585648148
7.2540E17     0.0000E00    1.6262E-10   4.5874E-13    52593.03270833333    52593.142696759256
7.2540E17     0.0000E00    1.7480E-10   1.2439E-13    52037.39697916667    52037.83232638889
7.2540E17     0.0000E00    1.1070E-10   2.1934E-13    54792.6087962963    54792.71491898148
7.2540E17     0.0000E00    5.3129E-11   2.0504E-13    54230.67173611111    54230.75361111111
7.2540E17     0.0000E00    2.5181E-10   3.1018E-13    57877.18373842593    57877.31101851852
7.2540E17     0.0000E00    3.3299E-10   1.9073E-13    53131.11033564815    53131.82251157407
7.2540E17     0.0000E00    4.6585E-11   1.5483E-13    54230.16709490741    54230.36476851852
7.2540E17     0.0000E00    2.5316E-10   3.1889E-14    51862.595300925925    51863.07710648148
7.2540E17     0.0000E00    5.1850E-11   1.5954E-13    59363.16131944444    59363.278703703705
7.2540E17     0.0000E00    9.9603E-11   5.0284E-13    52792.06047453704    52792.27177083334
7.2540E17     0.0000E00    1.5352E-10   1.9493E-13    52983.89534722222    52984.243159722224
7.2540E17     0.0000E00    2.0555E-10   2.2951E-13    51689.44094907407    51689.81738425926
7.2540E17     0.0000E00    7.9146E-11   2.0078E-13    54228.33771990741    54228.59711805556
7.2540E17     0.0000E00    1.8599E-10   1.6888E-13    57179.00829861111    57179.326319444444
7.2540E17     0.0000E00    8.7154E-11   2.0615E-13    55514.88443287037    55514.98013888889
7.2540E17     0.0000E00    2.9437E-10   6.1349E-13    54617.109085648146    54617.209710648145
7.2540E17     0.0000E00    6.5467E-11   1.7051E-13    58248.61216435185    58248.73936342593
7.2540E17     0.0000E00    1.0172E-10   1.4450E-13    52791.55327546296    52792.026400462964
7.2540E17     0.0000E00    1.2916E-10   2.4792E-13    55512.889074074075    55512.98478009259
7.2540E17     0.0000E00    2.4123E-10   4.7807E-13    52957.677037037036    52958.240324074075
7.2540E17     0.0000E00    2.3544E-10   3.3836E-13    58077.073275462964    58077.20055555556
7.2540E17     0.0000E00    1.3826E-10   2.6029E-13    58970.24721064815    58970.36457175926
7.2540E17     0.0000E00    1.8895E-10   4.0357E-13    55319.32542824074    55319.40840277778
7.2540E17     0.0000E00    9.8237E-11   2.4273E-13    52611.001539351855    52611.111296296294
7.2540E17     0.0000E00    9.0340E-11   2.0324E-13    54976.171331018515    54976.277453703704
7.2540E17     0.0000E00    5.5159E-11   2.0652E-13    54230.54209490741    54230.62398148148
7.2540E17     0.0000E00    1.5130E-10   3.8361E-13    52592.874131944445    52592.98402777778
7.2540E17     0.0000E00    2.0248E-10   2.8702E-13    58609.7440625    58609.86141203704
7.2540E17     0.0000E00    2.3188E-10   7.7337E-14    53683.76315972222    53684.45539351852
7.2540E17     0.0000E00    7.4742E-11   2.5413E-13    54228.613171296296    54228.839537037034
7.2540E17     0.0000E00    2.3397E-10   1.2631E-13    51861.932488425926    51862.47224537037
7.2540E17     0.0000E00    2.9277E-11   1.6482E-13    55893.978784722225    55894.114340277774
7.2540E17     0.0000E00    5.7385E-11   6.9067E-13    52797.913194444445    52798.459861111114
7.2540E17     0.0000E00    8.4091E-11   1.1485E-13    57334.60832175926    57334.958761574075
7.2540E17     0.0000E00    4.6782E-13   4.2704E-13    52792.06047453704    52792.27177083334
7.2540E17     0.0000E00    7.9958E-11   1.1460E-13    57514.16784722222    57514.49050925926
7.2540E17     0.0000E00    2.4381E-11   7.9347E-14    52399.18887731482    52399.38631944444
7.2540E17     0.0000E00    4.1996E-10   1.1093E-13    53883.092986111114    53883.884305555555
7.2540E17     0.0000E00    5.1444E-11   2.0609E-13    54230.41247685185    54230.49428240741
7.2540E17     0.0000E00    6.7214E-11   1.4841E-13    52609.95842592593    52610.778715277775
7.2540E17     0.0000E00    1.7652E-10   9.0489E-14    52592.01940972222    52592.828148148146
7.2540E17     0.0000E00    7.8715E-11   2.4349E-13    52610.83358796296    52610.94342592593
7.2540E17     0.0000E00    2.4160E-10   3.4273E-13    55151.75497685185    55151.84952546296
7.2540E17     0.0000E00    8.5715E-11   2.7116E-13    54423.54855324074    54423.764085648145
7.2540E17     0.0000E00    6.6673E-11   9.4989E-14    51850.00702546296    51850.43409722222
7.2540E17     0.0000E00    2.0371E-10   2.3775E-13    58444.15326388889    58444.33427083334
7.2540E17     0.0000E00    4.1307E-11   1.0337E-13    52398.701273148145    52399.127233796295
7.2540E17     0.0000E00    3.1934E-11   1.0182E-13    57695.56859953704    57695.75375
# 4XMM-DR12 (1-2 keV) (id = 58)
#   frequency \gn (Hz)    Bin   Nufnu (erg cm^-2 s^-1)  Nufnu (erg cm^-2 s^-1)_error    TStart    TStop
3.4190E17     0.0000E00    4.4024E-10   2.0869E-13    59158.019537037035    59158.13710648148
3.4190E17     0.0000E00    8.3670E-11   1.4314E-13    55698.44394675926    55698.55585648148
3.4190E17     0.0000E00    1.4531E-10   2.4703E-13    52593.03270833333    52593.142696759256
3.4190E17     0.0000E00    2.0579E-10   7.7204E-15    52037.39697916667    52037.83232638889
3.4190E17     0.0000E00    1.1803E-10   1.3186E-13    54792.6087962963    54792.71491898148
3.4190E17     0.0000E00    6.6720E-11   1.5269E-13    54230.67173611111    54230.75361111111
3.4190E17     0.0000E00    2.9047E-10   2.0800E-14    57877.18373842593    57877.31101851852
3.4190E17     0.0000E00    2.8082E-10   6.2523E-14    53131.11033564815    53131.82251157407
3.4190E17     0.0000E00    6.2630E-11   1.0816E-13    54230.16709490741    54230.36476851852
3.4190E17     0.0000E00    2.7549E-10   7.0272E-14    51862.595300925925    51863.07710648148
3.4190E17     0.0000E00    8.7645E-11   1.3529E-13    59363.16131944444    59363.278703703705
3.4190E17     0.0000E00    1.4068E-10   4.4112E-13    52792.06047453704    52792.27177083334
3.4190E17     0.0000E00    1.7008E-10   8.6374E-14    52983.89534722222    52984.243159722224
3.4190E17     0.0000E00    2.0954E-10   5.8580E-14    51689.44094907407    51689.81738425926
3.4190E17     0.0000E00    1.1089E-10   1.7281E-13    54228.33771990741    54228.59711805556
3.4190E17     0.0000E00    2.2206E-10   1.2254E-13    57179.00829861111    57179.326319444444
3.4190E17     0.0000E00    1.0258E-10   1.2538E-13    55514.88443287037    55514.98013888889
3.4190E17     0.0000E00    3.2172E-10   3.8320E-13    54617.109085648146    54617.209710648145
3.4190E17     0.0000E00    1.0265E-10   1.3707E-13    58248.61216435185    58248.73936342593
3.4190E17     0.0000E00    1.3949E-10   5.9262E-14    52791.55327546296    52792.026400462964
3.4190E17     0.0000E00    1.3230E-10   1.6095E-13    55512.889074074075    55512.98478009259
3.4190E17     0.0000E00    2.6325E-10   5.4590E-14    52957.677037037036    52958.240324074075
3.4190E17     0.0000E00    2.8860E-10   1.0602E-13    58077.073275462964    58077.20055555556
3.4190E17     0.0000E00    1.7411E-10   8.1149E-14    58970.24721064815    58970.36457175926
3.4190E17     0.0000E00    1.8678E-10   2.0992E-13    55319.32542824074    55319.40840277778
3.4190E17     0.0000E00    1.0084E-10   1.5607E-13    52611.001539351855    52611.111296296294
3.4190E17     0.0000E00    1.1054E-10   1.3467E-13    54976.171331018515    54976.277453703704
3.4190E17     0.0000E00    6.8592E-11   1.5662E-13    54230.54209490741    54230.62398148148
3.4190E17     0.0000E00    1.3201E-10   2.2062E-13    52592.874131944445    52592.98402777778
3.4190E17     0.0000E00    2.1558E-10   1.0533E-13    58609.7440625    58609.86141203704
3.4190E17     0.0000E00    2.6613E-10   5.2391E-14    53683.76315972222    53684.45539351852
3.4190E17     0.0000E00    1.0621E-10   1.9071E-13    54228.613171296296    54228.839537037034
3.4190E17     0.0000E00    2.0363E-10   1.3771E-14    51861.932488425926    51862.47224537037
3.4190E17     0.0000E00    5.0764E-11   1.4882E-13    55893.978784722225    55894.114340277774
3.4190E17     0.0000E00    8.6536E-11   5.8828E-13    52797.913194444445    52798.459861111114
3.4190E17     0.0000E00    1.2813E-10   7.8721E-14    57334.60832175926    57334.958761574075
3.4190E17     0.0000E00    2.9853E-12   3.5969E-13    52792.06047453704    52792.27177083334
3.4190E17     0.0000E00    1.2212E-10   8.8205E-14    57514.16784722222    57514.49050925926
3.4190E17     0.0000E00    3.5916E-11   6.4557E-14    52399.18887731482    52399.38631944444
3.4190E17     0.0000E00    3.0141E-10   4.9539E-15    53883.092986111114    53883.884305555555
3.4190E17     0.0000E00    6.7008E-11   1.4336E-13    54230.41247685185    54230.49428240741
3.4190E17     0.0000E00    7.6757E-11   4.3442E-14    52609.95842592593    52610.778715277775
3.4190E17     0.0000E00    1.6806E-10   2.0745E-15    52592.01940972222    52592.828148148146
3.4190E17     0.0000E00    9.0582E-11   1.5413E-13    52610.83358796296    52610.94342592593
3.4190E17     0.0000E00    2.3358E-10   2.8233E-13    55151.75497685185    55151.84952546296
3.4190E17     0.0000E00    1.0125E-10   1.9209E-13    54423.54855324074    54423.764085648145
3.4190E17     0.0000E00    8.9805E-11   8.4642E-15    51850.00702546296    51850.43409722222
3.4190E17     0.0000E00    2.4827E-10   9.9254E-14    58444.15326388889    58444.33427083334
3.4190E17     0.0000E00    5.9116E-11   6.5133E-14    52398.701273148145    52399.127233796295
3.4190E17     0.0000E00    5.1440E-11   8.6352E-14    57695.56859953704    57695.75375
# 4XMM-DR12 (0.5-1 keV) (id = 57)
#   frequency \gn (Hz)    Bin   Nufnu (erg cm^-2 s^-1)  Nufnu (erg cm^-2 s^-1)_error    TStart    TStop
1.7100E17     0.0000E00    4.1878E-10   2.7353E-13    59158.019537037035    59158.13710648148
1.7100E17     0.0000E00    9.6876E-11   1.6377E-13    55698.44394675926    55698.55585648148
1.7100E17     0.0000E00    1.4255E-10   2.3084E-13    52593.03270833333    52593.142696759256
1.7100E17     0.0000E00    2.1069E-10   4.1277E-14    52037.39697916667    52037.83232638889
1.7100E17     0.0000E00    1.4603E-10   1.8853E-13    54792.6087962963    54792.71491898148
1.7100E17     0.0000E00    7.9652E-11   1.6842E-13    54230.67173611111    54230.75361111111
1.7100E17     0.0000E00    2.7880E-10   1.5448E-13    57877.18373842593    57877.31101851852
1.7100E17     0.0000E00    2.5965E-10   1.0145E-13    53131.11033564815    53131.82251157407
1.7100E17     0.0000E00    7.5591E-11   8.7101E-14    54230.16709490741    54230.36476851852
1.7100E17     0.0000E00    2.8816E-10   6.1325E-14    51862.595300925925    51863.07710648148
1.7100E17     0.0000E00    1.2597E-10   1.5603E-13    59363.16131944444    59363.278703703705
1.7100E17     0.0000E00    1.7252E-10   4.8367E-13    52792.06047453704    52792.27177083334
1.7100E17     0.0000E00    1.8693E-10   7.8737E-14    52983.89534722222    52984.243159722224
1.7100E17     0.0000E00    2.2883E-10   6.3340E-14    51689.44094907407    51689.81738425926
1.7100E17     0.0000E00    1.3802E-10   1.9315E-13    54228.33771990741    54228.59711805556
1.7100E17     0.0000E00    2.6988E-10   6.9105E-14    57179.00829861111    57179.326319444444
1.7100E17     0.0000E00    1.1876E-10   1.4693E-13    55514.88443287037    55514.98013888889
1.7100E17     0.0000E00    2.8327E-10   3.2173E-13    54617.109085648146    54617.209710648145
1.7100E17     0.0000E00    1.4161E-10   1.3822E-13    58248.61216435185    58248.73936342593
1.7100E17     0.0000E00    1.6950E-10   4.9560E-14    52791.55327546296    52792.026400462964
1.7100E17     0.0000E00    1.1545E-10   1.0342E-13    55512.889074074075    55512.98478009259
1.7100E17     0.0000E00    2.7290E-10   9.5574E-14    52957.677037037036    52958.240324074075
1.7100E17     0.0000E00    3.0012E-10   1.8605E-13    58077.073275462964    58077.20055555556
1.7100E17     0.0000E00    1.9341E-10   1.3494E-13    58970.24721064815    58970.36457175926
1.7100E17     0.0000E00    1.6417E-10   2.0212E-13    55319.32542824074    55319.40840277778
1.7100E17     0.0000E00    1.0713E-10   1.4757E-13    52611.001539351855    52611.111296296294
1.7100E17     0.0000E00    1.3286E-10   1.6616E-13    54976.171331018515    54976.277453703704
1.7100E17     0.0000E00    8.1596E-11   1.7245E-13    54230.54209490741    54230.62398148148
1.7100E17     0.0000E00    1.3852E-10   2.0456E-13    52592.874131944445    52592.98402777778
1.7100E17     0.0000E00    2.0752E-10   1.6736E-13    58609.7440625    58609.86141203704
1.7100E17     0.0000E00    2.8975E-10   8.1771E-14    53683.76315972222    53684.45539351852
1.7100E17     0.0000E00    1.3407E-10   2.1312E-13    54228.613171296296    54228.839537037034
1.7100E17     0.0000E00    2.2898E-10   3.6881E-14    51861.932488425926    51862.47224537037
1.7100E17     0.0000E00    7.0968E-11   2.0859E-13    55893.978784722225    55894.114340277774
1.7100E17     0.0000E00    1.0884E-10   7.4691E-13    52797.913194444445    52798.459861111114
1.7100E17     0.0000E00    1.8736E-10   1.0133E-15    57334.60832175926    57334.958761574075
1.7100E17     0.0000E00    5.1901E-12   4.6036E-13    52792.06047453704    52792.27177083334
1.7100E17     0.0000E00    1.6705E-10   8.9542E-14    57514.16784722222    57514.49050925926
1.7100E17     0.0000E00    5.0029E-11   7.2817E-14    52399.18887731482    52399.38631944444
1.7100E17     0.0000E00    3.2028E-10   6.0880E-14    53883.092986111114    53883.884305555555
1.7100E17     0.0000E00    8.0444E-11   1.6318E-13    54230.41247685185    54230.49428240741
1.7100E17     0.0000E00    8.5067E-11   8.1725E-14    52609.95842592593    52610.778715277775
1.7100E17     0.0000E00    1.6014E-10   1.6472E-14    52592.01940972222    52592.828148148146
1.7100E17     0.0000E00    1.0091E-10   1.2921E-13    52610.83358796296    52610.94342592593
1.7100E17     0.0000E00    1.7670E-10   1.4569E-13    55151.75497685185    55151.84952546296
1.7100E17     0.0000E00    1.1103E-10   2.1940E-13    54423.54855324074    54423.764085648145
1.7100E17     0.0000E00    1.0935E-10   4.7855E-14    51850.00702546296    51850.43409722222
1.7100E17     0.0000E00    2.6959E-10   1.0232E-13    58444.15326388889    58444.33427083334
1.7100E17     0.0000E00    7.5130E-11   7.2793E-14    52398.701273148145    52399.127233796295
1.7100E17     0.0000E00    7.0407E-11   9.3363E-14    57695.56859953704    57695.75375
# XMMSL2 (2-12 keV) (id = 56)
#   frequency \gn (Hz)    Bin   Nufnu (erg cm^-2 s^-1)  Nufnu (erg cm^-2 s^-1)_error    TStart    TStop
1.1850E18     0.0000E00    4.2258E-10   2.4472E-11    53872.69675713    53872.69727796
1.1850E18     0.0000E00    3.9015E-11   4.8988E-12    54224.46573861    54224.46625944
1.1850E18     0.0000E00    3.1736E-11   4.5025E-12    56423.29651407    56423.29703491
1.1850E18     0.0000E00    1.8369E-10   1.1261E-11    56973.76925713    56973.76977796
# XMMSL2 (0.2-2 keV) (id = 55)
#   frequency \gn (Hz)    Bin   Nufnu (erg cm^-2 s^-1)  Nufnu (erg cm^-2 s^-1)_error    TStart    TStop
1.5290E17     0.0000E00    1.9633E-10   5.0977E-12    53872.69675713    53872.69727796
1.5290E17     0.0000E00    7.3490E-11   2.2932E-12    54224.46573861    54224.46625944
1.5290E17     0.0000E00    1.3348E-11   1.7463E-12    56423.29651407    56423.29703491
1.5290E17     0.0000E00    1.7338E-10   3.7421E-12    56973.76925713    56973.76977796
# XMMSL2 (0.2-12 keV) (id = 54)
#   frequency \gn (Hz)    Bin   Nufnu (erg cm^-2 s^-1)  Nufnu (erg cm^-2 s^-1)_error    TStart    TStop
3.7460E17     0.0000E00    3.2663E-10   7.7250E-12    53872.69675713    53872.69727796
3.7460E17     0.0000E00    9.2780E-11   2.8103E-12    54224.46573861    54224.46625944
3.7460E17     0.0000E00    7.6735E-11   2.5869E-12    56423.29651407    56423.29703491
3.7460E17     0.0000E00    2.3207E-10   4.7237E-12    56973.76925713    56973.76977796
# WGACAT2 (id = 53)
#   frequency \gn (Hz)    Bin   Nufnu (erg cm^-2 s^-1)  Nufnu (erg cm^-2 s^-1)_error    TStart    TStop
2.4200E17     0.0000E00    6.1758E-11   2.2289E-13    49297.334005    49297.0
2.4200E17     0.0000E00    9.1012E-11   3.2504E-13    49111.821366    49112.106458
2.4200E17     0.0000E00    9.3798E-11   2.2289E-13    49142.342257    49142.975035
# WFCCAT FULL (id = 52)
#   frequency \gn (Hz)    Bin   Nufnu (erg cm^-2 s^-1)  Nufnu (erg cm^-2 s^-1)_error    TStart    TStop
1.0810E18     0.0000E00    1.0823E-10   4.2894E-12    51159.61515    51161.677361
1.0810E18     0.0000E00    1.3692E-10   1.6605E-11    50999.819826    51001.697373
1.0810E18     0.0000E00    2.5651E-10   8.8039E-12    51148.206389    51149.067196
1.0810E18     0.0000E00    7.7125E-11   8.8525E-12    51715.462558    51716.316008
1.0810E18     0.0000E00    1.8004E-10   7.5712E-12    51150.277905    51151.34086
1.0810E18     0.0000E00    7.6127E-11   7.0383E-12    50789.813067    50790.597281
1.0810E18     0.0000E00    1.3642E-10   1.6872E-11    50974.535706    50974.89905
1.0810E18     0.0000E00    1.1429E-10   1.8502E-11    52051.393171    52052.651389
1.0810E18     0.0000E00    6.0259E-11   5.2936E-12    51336.61941    51337.538454
1.0810E18     0.0000E00    2.3380E-10   7.9553E-12    51353.247627    51353.760189
1.0810E18     0.0000E00    1.7195E-10   2.8510E-11    50994.682083    50996.607789
1.0810E18     0.0000E00    1.2909E-10   2.0682E-11    51692.867812    51693.521542
1.0810E18     0.0000E00    2.9056E-10   8.6494E-12    51151.412512    51153.615301
1.0810E18     0.0000E00    2.4239E-10   8.6402E-12    51354.108113    51355.176645
1.0810E18     0.0000E00    2.1059E-10   8.2343E-12    50990.209977    50991.254691
1.0810E18     0.0000E00    1.4655E-10   2.0037E-11    51112.028611    51112.905855
1.0810E18     0.0000E00    1.7432E-10   9.6548E-12    50763.647928    50764.62512
1.0810E18     0.0000E00    6.5096E-11   5.5199E-12    50825.578264    50826.550315
1.0810E18     0.0000E00    1.0340E-10   8.2230E-12    51334.337361    51336.540706
1.0810E18     0.0000E00    3.9953E-11   5.1983E-12    50438.013044    50438.405111
1.0810E18     0.0000E00    3.7692E-10   1.3946E-11    50982.365405    50982.994279
1.0810E18     0.0000E00    2.1075E-10   7.0927E-12    51353.247627    51354.034874
1.0810E18     0.0000E00    8.4567E-11   6.9426E-12    52056.214468    52056.682947
1.0810E18     0.0000E00    1.4774E-10   4.9037E-12    52052.739259    52056.200185
1.0810E18     0.0000E00    1.2655E-10   1.3294E-11    51684.489317    51687.184155
1.0810E18     0.0000E00    5.4614E-11   6.1859E-12    50806.605613    50808.403935
1.0810E18     0.0000E00    1.6729E-10   5.6542E-12    50970.127431    50974.053137
1.0810E18     0.0000E00    1.4339E-10   1.7339E-11    51706.379572    51708.61853
1.0810E18     0.0000E00    8.1003E-11   5.1172E-12    52061.528472    52065.333264
1.0810E18     0.0000E00    2.5972E-10   8.0613E-12    51701.965625    51703.012581
1.0810E18     0.0000E00    1.1380E-10   7.1126E-12    52067.421377    52071.989734
# WFCCAT (id = 51)
#   frequency \gn (Hz)    Bin   Nufnu (erg cm^-2 s^-1)  Nufnu (erg cm^-2 s^-1)_error    TStart    TStop
5.7550E17     0.0000E00    1.3755E-10   5.8184E-12    51159.61515    51161.677361
9.2370E17     0.0000E00    1.1621E-10   5.6182E-12    51159.61515    51161.677361
1.3810E18     0.0000E00    9.5393E-11   7.1959E-12    51159.61515    51161.677361
2.1230E18     0.0000E00    6.5507E-11   1.0710E-11    51159.61515    51161.677361
5.7550E17     0.0000E00    1.3126E-10   2.1859E-11    50999.819826    51001.697373
9.2370E17     0.0000E00    1.2506E-10   1.9284E-11    50999.819826    51001.697373
1.3810E18     0.0000E00    1.2674E-10   2.2973E-11    50999.819826    51001.697373
2.1230E18     0.0000E00    1.0228E-10   3.9440E-11    50999.819826    51001.697373
5.7550E17     0.0000E00    2.3165E-10   1.2523E-11    51148.206389    51149.067196
9.2370E17     0.0000E00    2.5066E-10   1.2697E-11    51148.206389    51149.067196
1.3810E18     0.0000E00    2.2613E-10   1.3453E-11    51148.206389    51149.067196
2.1230E18     0.0000E00    2.6508E-10   2.1877E-11    51148.206389    51149.067196
5.7550E17     0.0000E00    5.2434E-11   1.4615E-11    51715.462558    51716.316008
9.2370E17     0.0000E00    6.4045E-11   1.1280E-11    51715.462558    51716.316008
1.3810E18     0.0000E00    7.7957E-11   1.1160E-11    51715.462558    51716.316008
2.1230E18     0.0000E00    4.7351E-11   1.9376E-11    51715.462558    51716.316008
5.7550E17     0.0000E00    2.0440E-10   1.0542E-11    51150.277905    51151.34086
9.2370E17     0.0000E00    1.9171E-10   1.0266E-11    51150.277905    51151.34086
1.3810E18     0.0000E00    1.5292E-10   1.2784E-11    51150.277905    51151.34086
2.1230E18     0.0000E00    1.6540E-10   2.0870E-11    51150.277905    51151.34086
6.0210E17     0.0000E00    8.7854E-11   1.0790E-11    50789.813067    50790.597281
9.6480E17     0.0000E00    9.1582E-11   1.0184E-11    50789.813067    50790.597281
1.4480E18     0.0000E00    6.7911E-11   1.2820E-11    50789.813067    50790.597281
2.2310E18     0.0000E00    6.8699E-11   1.8185E-11    50789.813067    50790.597281
5.7550E17     0.0000E00    1.8505E-10   3.5769E-11    50974.535706    50974.89905
9.2370E17     0.0000E00    1.6246E-10   2.8861E-11    50974.535706    50974.89905
1.3810E18     0.0000E00    1.1062E-10   3.3328E-11    50974.535706    50974.89905
2.1230E18     0.0000E00    1.3341E-10   4.6741E-11    50974.535706    50974.89905
5.7550E17     0.0000E00    1.3916E-10   3.0758E-11    52051.393171    52052.651389
9.2370E17     0.0000E00    1.1525E-10   2.6448E-11    52051.393171    52052.651389
1.3810E18     0.0000E00    9.6374E-11   2.6962E-11    52051.393171    52052.651389
6.0210E17     0.0000E00    9.1042E-11   7.9736E-12    51336.61941    51337.538454
9.6480E17     0.0000E00    5.5939E-11   7.8060E-12    51336.61941    51337.538454
1.4480E18     0.0000E00    6.1457E-11   8.8554E-12    51336.61941    51337.538454
2.2310E18     0.0000E00    3.1852E-11   1.2781E-11    51336.61941    51337.538454
6.0210E17     0.0000E00    3.3336E-10   1.2482E-11    51353.247627    51353.760189
9.6480E17     0.0000E00    2.5784E-10   1.1065E-11    51353.247627    51353.760189
1.4480E18     0.0000E00    2.1958E-10   1.3424E-11    51353.247627    51353.760189
2.2310E18     0.0000E00    1.6845E-10   1.9498E-11    51353.247627    51353.760189
6.0210E17     0.0000E00    2.8416E-10   3.9781E-11    50994.682083    50996.607789
9.6480E17     0.0000E00    2.5010E-10   3.9564E-11    50994.682083    50996.607789
1.4480E18     0.0000E00    1.3700E-10   5.5611E-11    50994.682083    50996.607789
2.2310E18     0.0000E00    1.3246E-10   1.0162E-10    50994.682083    50996.607789
6.0210E17     0.0000E00    1.8121E-10   2.7477E-11    51692.867812    51693.521542
9.6480E17     0.0000E00    8.4819E-11   3.1044E-11    51692.867812    51693.521542
1.4480E18     0.0000E00    1.5754E-10   3.5643E-11    51692.867812    51693.521542
6.0210E17     0.0000E00    4.0478E-10   1.2528E-11    51151.412512    51153.615301
9.6480E17     0.0000E00    3.1078E-10   1.0954E-11    51151.412512    51153.615301
1.4480E18     0.0000E00    2.7224E-10   1.4152E-11    51151.412512    51153.615301
2.2310E18     0.0000E00    1.9629E-10   2.4753E-11    51151.412512    51153.615301
5.7550E17     0.0000E00    2.2562E-10   1.5213E-11    51354.108113    51355.176645
9.2370E17     0.0000E00    2.4155E-10   1.0656E-11    51354.108113    51355.176645
1.3810E18     0.0000E00    2.2018E-10   1.1916E-11    51354.108113    51355.176645
2.1230E18     0.0000E00    1.6362E-10   1.7502E-11    51354.108113    51355.176645
5.7550E17     0.0000E00    2.5477E-10   1.4028E-11    50990.209977    50991.254691
9.2370E17     0.0000E00    2.2352E-10   1.2053E-11    50990.209977    50991.254691
1.3810E18     0.0000E00    1.8231E-10   1.4885E-11    50990.209977    50991.254691
2.1230E18     0.0000E00    1.6890E-10   1.9390E-11    50990.209977    50991.254691
6.0210E17     0.0000E00    1.7088E-10   2.9409E-11    51112.028611    51112.905855
9.6480E17     0.0000E00    1.0501E-10   2.6508E-11    51112.028611    51112.905855
1.4480E18     0.0000E00    1.6761E-10   3.5105E-11    51112.028611    51112.905855
2.2310E18     0.0000E00    1.0717E-10   5.8575E-11    51112.028611    51112.905855
6.0210E17     0.0000E00    2.2627E-10   1.6757E-11    50763.647928    50764.62512
9.6480E17     0.0000E00    2.0261E-10   1.3531E-11    50763.647928    50764.62512
1.4480E18     0.0000E00    1.6358E-10   1.6184E-11    50763.647928    50764.62512
2.2310E18     0.0000E00    1.1923E-10   2.6755E-11    50763.647928    50764.62512
6.0210E17     0.0000E00    9.4704E-11   9.7861E-12    50825.578264    50826.550315
9.6480E17     0.0000E00    7.7569E-11   7.9445E-12    50825.578264    50826.550315
1.4480E18     0.0000E00    6.1644E-11   9.8345E-12    50825.578264    50826.550315
2.2310E18     0.0000E00    4.7907E-11   1.4967E-11    50825.578264    50826.550315
5.7550E17     0.0000E00    1.2666E-10   1.2739E-11    51334.337361    51336.540706
9.2370E17     0.0000E00    1.2251E-10   1.2593E-11    51334.337361    51336.540706
1.3810E18     0.0000E00    8.6899E-11   1.4523E-11    51334.337361    51336.540706
2.1230E18     0.0000E00    6.7604E-11   2.3818E-11    51334.337361    51336.540706
5.7550E17     0.0000E00    5.1969E-11   8.5232E-12    50438.013044    50438.405111
9.2370E17     0.0000E00    3.0210E-11   7.2776E-12    50438.013044    50438.405111
1.3810E18     0.0000E00    4.0694E-11   8.3821E-12    50438.013044    50438.405111
2.1230E18     0.0000E00    4.5951E-11   1.2557E-11    50438.013044    50438.405111
5.7550E17     0.0000E00    3.5848E-10   2.2157E-11    50982.365405    50982.994279
9.2370E17     0.0000E00    3.4623E-10   2.0243E-11    50982.365405    50982.994279
1.3810E18     0.0000E00    3.6567E-10   2.2440E-11    50982.365405    50982.994279
2.1230E18     0.0000E00    2.6693E-10   3.4430E-11    50982.365405    50982.994279
6.0210E17     0.0000E00    3.1180E-10   1.1520E-11    51353.247627    51354.034874
9.6480E17     0.0000E00    2.3334E-10   9.3084E-12    51353.247627    51354.034874
1.4480E18     0.0000E00    1.9659E-10   1.1571E-11    51353.247627    51354.034874
2.2310E18     0.0000E00    1.4405E-10   1.7007E-11    51353.247627    51354.034874
5.7550E17     0.0000E00    1.0838E-10   1.1504E-11    52056.214468    52056.682947
9.2370E17     0.0000E00    7.4557E-11   1.0079E-11    52056.214468    52056.682947
1.3810E18     0.0000E00    7.8993E-11   1.0919E-11    52056.214468    52056.682947
2.1230E18     0.0000E00    7.3064E-11   1.9650E-11    52056.214468    52056.682947
5.7550E17     0.0000E00    1.4397E-10   7.9205E-12    52052.739259    52056.200185
9.2370E17     0.0000E00    1.4145E-10   5.1035E-12    52052.739259    52056.200185
1.3810E18     0.0000E00    1.3490E-10   5.6419E-12    52052.739259    52056.200185
2.1230E18     0.0000E00    1.0112E-10   8.9458E-12    52052.739259    52056.200185
6.0210E17     0.0000E00    2.1259E-10   2.2384E-11    51684.489317    51687.184155
9.6480E17     0.0000E00    1.7001E-10   2.0817E-11    51684.489317    51687.184155
1.4480E18     0.0000E00    1.0703E-10   2.2542E-11    51684.489317    51687.184155
5.7550E17     0.0000E00    8.7388E-11   8.8117E-12    50806.605613    50808.403935
9.2370E17     0.0000E00    5.0609E-11   9.0540E-12    50806.605613    50808.403935
1.3810E18     0.0000E00    4.9480E-11   1.0699E-11    50806.605613    50808.403935
2.1230E18     0.0000E00    2.7281E-11   1.8862E-11    50806.605613    50808.403935
6.0210E17     0.0000E00    2.5283E-10   8.8181E-12    50970.127431    50974.053137
9.6480E17     0.0000E00    1.8218E-10   8.1964E-12    50970.127431    50974.053137
1.4480E18     0.0000E00    1.5838E-10   1.0251E-11    50970.127431    50974.053137
2.2310E18     0.0000E00    1.1949E-10   1.7928E-11    50970.127431    50974.053137
5.7550E17     0.0000E00    2.9772E-10   3.7791E-11    51706.379572    51708.61853
9.2370E17     0.0000E00    1.7680E-10   2.6667E-11    51706.379572    51708.61853
1.3810E18     0.0000E00    1.1608E-10   2.7888E-11    51706.379572    51708.61853
2.1230E18     0.0000E00    1.2502E-10   4.9641E-11    51706.379572    51708.61853
5.7550E17     0.0000E00    1.0516E-10   9.5701E-12    52061.528472    52065.333264
9.2370E17     0.0000E00    7.9992E-11   5.9586E-12    52061.528472    52065.333264
1.3810E18     0.0000E00    7.3399E-11   6.3074E-12    52061.528472    52065.333264
2.1230E18     0.0000E00    7.2915E-11   1.0748E-11    52061.528472    52065.333264
6.0210E17     0.0000E00    2.8772E-10   1.1227E-11    51701.965625    51703.012581
9.6480E17     0.0000E00    2.6787E-10   9.2520E-12    51701.965625    51703.012581
1.4480E18     0.0000E00    2.4783E-10   1.0569E-11    51701.965625    51703.012581
2.2310E18     0.0000E00    2.2353E-10   1.5692E-11    51701.965625    51703.012581
5.7550E17     0.0000E00    9.4703E-11   1.3228E-11    52067.421377    52071.989734
9.2370E17     0.0000E00    1.0576E-10   6.8761E-12    52067.421377    52071.989734
1.3810E18     0.0000E00    1.0516E-10   6.4476E-12    52067.421377    52071.989734
2.1230E18     0.0000E00    8.6213E-11   9.2868E-12    52067.421377    52071.989734
# SAXMECS (id = 50)
#   frequency \gn (Hz)    Bin   Nufnu (erg cm^-2 s^-1)  Nufnu (erg cm^-2 s^-1)_error    TStart    TStop
7.2540E17     0.0000E00    3.7900E-10   4.3263E-13    51673.172917    51676.296262
7.2540E17     0.0000E00    4.9122E-10   1.0365E-12    51662.980185    51663.966956
7.2540E17     0.0000E00    1.7125E-10   4.9573E-13    50986.303021    50987.098519
7.2540E17     0.0000E00    4.5517E-10   9.4638E-13    51664.333623    51667.092384
7.2540E17     0.0000E00    8.6527E-11   1.8477E-13    51302.761759    51306.14015
7.2540E17     0.0000E00    4.7770E-10   9.9148E-13    51661.891146    51662.968588
7.2540E17     0.0000E00    1.3204E-10   4.3264E-13    50926.020012    50927.275741
7.2540E17     0.0000E00    2.2082E-10   5.8587E-13    50924.083264    50925.134583
# RXS2CAT (id = 49)
#   frequency \gn (Hz)    Bin   Nufnu (erg cm^-2 s^-1)  Nufnu (erg cm^-2 s^-1)_error    TStart    TStop
2.4200E17     0.0000E00    1.9462E-10   1.8441E-12    48104.0    48499.0
# RASS (id = 48)
#   frequency \gn (Hz)    Bin   Nufnu (erg cm^-2 s^-1)  Nufnu (erg cm^-2 s^-1)_error    TStart    TStop
2.4200E17     0.0000E00    1.2767E-10   1.3680E-12    47892.5    48257.5
# IPCSLEW (id = 47)
#   frequency \gn (Hz)    Bin   Nufnu (erg cm^-2 s^-1)  Nufnu (erg cm^-2 s^-1)_error    TStart    TStop
2.4200E17     0.0000E00    4.1775E-11   2.7353E-12    43813.5    44695.5
# IPC (id = 46)
#   frequency \gn (Hz)    Bin   Nufnu (erg cm^-2 s^-1)  Nufnu (erg cm^-2 s^-1)_error    TStart    TStop
2.4200E17     0.0000E00    2.0107E-11   7.4271E-13    43813.5    44695.5
2.4200E17     0.0000E00    4.1964E-11   5.1971E-13    43813.5    44695.5
2.4200E17     0.0000E00    4.9833E-11   6.4826E-13    43813.5    44695.5
# CMA (id = 45)
#   frequency \gn (Hz)    Bin   Nufnu (erg cm^-2 s^-1)  Nufnu (erg cm^-2 s^-1)_error    TStart    TStop
7.6460E16     0.0000E00    1.8585E-11   2.2712E-12    46069.695312    46069.695312
7.6460E16     0.0000E00    3.6751E-11   2.5725E-12    46069.636719    46069.636719
7.6460E16     0.0000E00    7.3347E-12   2.7459E-12    45732.605469    45732.605469
7.6460E16     0.0000E00    5.2498E-11   3.0503E-12    46069.609375    46069.609375
7.6460E16     0.0000E00    1.8380E-11   2.2170E-12    45734.605469    45734.605469
7.6460E16     0.0000E00    4.5461E-11   2.3780E-12    45734.539062    45734.539062
7.6460E16     0.0000E00    3.2261E-11   1.7578E-12    45734.558594    45734.558594
7.6460E16     0.0000E00    5.3566E-11   2.2276E-12    45731.472656    45731.472656
7.6460E16     0.0000E00    5.1753E-11   2.1215E-12    45736.050781    45736.050781
7.6460E16     0.0000E00    3.7187E-11   1.5645E-12    45731.511719    45731.511719
7.6460E16     0.0000E00    3.4884E-11   1.9242E-12    45736.089844    45736.089844
7.6460E16     0.0000E00    1.6736E-11   3.5341E-12    45732.582031    45732.582031
7.6460E16     0.0000E00    1.7768E-11   2.9060E-12    45736.132812    45736.132812
7.6460E16     0.0000E00    5.0465E-11   2.0819E-12    46197.675781    46197.675781
7.6460E16     0.0000E00    1.2003E-10   4.8234E-12    46039.808594    46039.808594
7.6460E16     0.0000E00    7.3555E-11   4.4884E-12    46039.882812    46039.882812
7.6460E16     0.0000E00    1.0284E-10   4.1089E-12    46039.832031    46039.832031
7.6460E16     0.0000E00    2.2912E-11   1.7904E-12    45732.546875    45732.546875
7.6460E16     0.0000E00    6.6666E-11   3.2450E-12    46037.96875    46037.96875
7.6460E16     0.0000E00    3.5738E-11   1.5257E-12    46192.007812    46192.007812
7.6460E16     0.0000E00    3.5228E-11   1.6373E-12    45732.496094    45732.496094
7.6460E16     0.0000E00    4.5273E-11   1.6604E-12    46191.929688    46191.929688
7.6460E16     0.0000E00    1.5503E-11   1.5488E-12    46192.105469    46192.105469
7.6460E16     0.0000E00    7.5597E-11   3.1952E-12    46036.746094    46036.746094
7.6460E16     0.0000E00    1.9759E-11   1.8442E-12    46183.96875    46183.96875
7.6460E16     0.0000E00    9.3373E-11   3.7984E-12    46036.71875    46036.71875
7.6460E16     0.0000E00    3.5919E-11   1.6551E-12    46183.890625    46183.890625
7.6460E16     0.0000E00    5.2743E-11   1.8909E-12    46196.875    46196.875
7.6460E16     0.0000E00    5.3976E-11   3.7973E-12    46036.792969    46036.792969
7.6460E16     0.0000E00    1.7274E-11   1.7278E-12    46206.710938    46206.710938
7.6460E16     0.0000E00    4.5796E-11   1.6778E-12    46183.8125    46183.8125
7.6460E16     0.0000E00    3.8765E-11   1.7081E-12    46196.960938    46196.960938
7.6460E16     0.0000E00    3.1668E-11   1.5645E-12    46206.628906    46206.628906
7.6460E16     0.0000E00    2.3910E-11   2.5006E-12    46177.386719    46177.386719
7.6460E16     0.0000E00    5.9333E-11   2.0943E-12    46177.230469    46177.230469
7.6460E16     0.0000E00    9.7817E-11   3.5006E-12    46037.859375    46037.859375
7.6460E16     0.0000E00    4.8312E-11   2.1239E-12    46177.3125    46177.3125
7.6460E16     0.0000E00    1.1914E-10   4.5222E-12    46037.824219    46037.824219
7.6460E16     0.0000E00    4.1439E-11   1.5472E-12    46206.546875    46206.546875
7.6460E16     0.0000E00    1.7737E-11   1.8434E-12    46197.046875    46197.046875
# ARIEL3A (id = 44)
#   frequency \gn (Hz)    Bin   Nufnu (erg cm^-2 s^-1)  Nufnu (erg cm^-2 s^-1)_error    TStart    TStop
8.3760E17     0.0000E00    2.7140E-10   1.6962E-11 0.0   0.0
8.3760E17     0.0000E00    3.7105E-11   2.4737E-12 0.0   0.0
# 1SXPS(2—10 keV) (id = 43)
#   frequency \gn (Hz)    Bin   Nufnu (erg cm^-2 s^-1)  Nufnu (erg cm^-2 s^-1)_error    TStart    TStop
1.0810E18     0.0000E00    3.3431E-10   7.9522E-12    53647.181157    54416.616076
# 1SXPS(1-2keV) (id = 42)
#   frequency \gn (Hz)    Bin   Nufnu (erg cm^-2 s^-1)  Nufnu (erg cm^-2 s^-1)_error    TStart    TStop
3.4190E17     0.0000E00    5.0529E-10   7.8909E-12    53647.181157    54416.616076
# 1SXPS(0.3—10 keV) (id = 41)
#   frequency \gn (Hz)    Bin   Nufnu (erg cm^-2 s^-1)  Nufnu (erg cm^-2 s^-1)_error    TStart    TStop
4.1880E17     0.0000E00    5.2113E-10   4.4025E-12    53647.181157    54416.616076
# 1SXPS(0.3-1keV) (id = 40)
#   frequency \gn (Hz)    Bin   Nufnu (erg cm^-2 s^-1)  Nufnu (erg cm^-2 s^-1)_error    TStart    TStop
1.3250E17     0.0000E00    5.4379E-10   6.5160E-12    53647.181157    54416.616076
# UVOTSSC uvw2 (id = 39)
#   frequency \gn (Hz)    Bin   Nufnu (erg cm^-2 s^-1)  Nufnu (erg cm^-2 s^-1)_error    TStart    TStop
1.4750E15     0.0000E00    1.8154E-10   1.1091E-12    55236.060313    55236.060313
1.4750E15     0.0000E00    1.5108E-10   9.5765E-13    55265.983877    55265.983877
1.4750E15     0.0000E00    2.4168E-10   1.2685E-12    55196.434282    55196.434282
1.4750E15     0.0000E00    1.3585E-10   7.8414E-13    55273.950012    55273.950012
1.4750E15     0.0000E00    1.6763E-10   9.8423E-13    55245.292234    55245.292234
1.4750E15     0.0000E00    1.5748E-10   1.0236E-12    55333.028889    55333.028889
1.4750E15     0.0000E00    1.1393E-10   5.2189E-13    54805.118021    54805.118021
1.4750E15     0.0000E00    1.0693E-10   6.9252E-13    55294.009676    55294.009676
1.4750E15     0.0000E00    1.1005E-10   7.0739E-13    55360.0689    55360.0689
1.4750E15     0.0000E00    1.2234E-10   7.2936E-13    55382.749988    55382.749988
1.4750E15     0.0000E00    1.2076E-10   1.0668E-12    54569.214213    54569.214213
1.4750E15     0.0000E00    1.5545E-10   9.2860E-13    55336.907778    55336.907778
1.4750E15     0.0000E00    1.2455E-10   1.1545E-12    55357.925521    55357.925521
1.4750E15     0.0000E00    1.8454E-10   1.5361E-12    54538.241875    54538.241875
1.4750E15     0.0000E00    1.9257E-10   1.1891E-12    55215.262245    55215.262245
1.4750E15     0.0000E00    1.0608E-10   6.8112E-13    53904.042477    53904.042477
1.4750E15     0.0000E00    1.3434E-10   5.8035E-13    55147.73103    55147.73103
1.4750E15     0.0000E00    1.7583E-10   1.0718E-12    55269.869433    55269.869433
1.4750E15     0.0000E00    1.3827E-10   8.1900E-13    55156.099028    55156.099028
1.4750E15     0.0000E00    1.8399E-10   1.0239E-12    54591.178831    54591.178831
1.4750E15     0.0000E00    1.5350E-10   8.4681E-13    55272.946563    55272.946563
1.4750E15     0.0000E00    1.4922E-10   8.1993E-13    55275.953854    55275.953854
1.4750E15     0.0000E00    1.4730E-10   9.4188E-13    55315.096782    55315.096782
1.4750E15     0.0000E00    1.5569E-10   1.0791E-12    54945.002002    54945.002002
1.4750E15     0.0000E00    1.4890E-10   6.6242E-13    55150.664329    55150.664329
1.4750E15     0.0000E00    1.1946E-10   1.1900E-12    55354.911389    55354.911389
1.4750E15     0.0000E00    2.1093E-10   1.3648E-12    54592.175069    54592.175069
1.4750E15     0.0000E00    2.0581E-10   1.0210E-12    54974.226354    54974.226354
1.4750E15     0.0000E00    1.4171E-10   9.2371E-13    55228.291528    55228.291528
1.4750E15     0.0000E00    1.5566E-10   9.9440E-13    55176.231146    55176.231146
1.4750E15     0.0000E00    1.6088E-10   1.0076E-12    55277.156354    55277.156354
1.4750E15     0.0000E00    2.1056E-10   1.0218E-12    54974.360174    54974.360174
1.4750E15     0.0000E00    1.2111E-10   8.7369E-13    54885.614086    54885.614086
1.4750E15     0.0000E00    1.3863E-10   8.0189E-13    54920.964931    54920.964931
1.4750E15     0.0000E00    2.1025E-10   2.6229E-12    54975.033623    54975.033623
1.4750E15     0.0000E00    2.0260E-10   1.6721E-12    55208.376944    55208.376944
1.4750E15     0.0000E00    1.8834E-10   2.1338E-12    54977.042222    54977.042222
1.4750E15     0.0000E00    1.1587E-10   1.0982E-12    55362.898542    55362.898542
1.4750E15     0.0000E00    1.4119E-10   9.6061E-13    55152.489514    55152.489514
1.4750E15     0.0000E00    1.6480E-10   1.0014E-12    55230.101111    55230.101111
1.4750E15     0.0000E00    1.9105E-10   1.0674E-12    55190.40941    55190.40941
1.4750E15     0.0000E00    9.2223E-11   1.0784E-12    54858.514155    54858.514155
# UVOTSSC uvm2 (id = 38)
#   frequency \gn (Hz)    Bin   Nufnu (erg cm^-2 s^-1)  Nufnu (erg cm^-2 s^-1)_error    TStart    TStop
1.3450E15     0.0000E00    1.5811E-10   1.1166E-12    55265.983877    55265.983877
1.3450E15     0.0000E00    2.2905E-10   1.3300E-12    55196.434282    55196.434282
1.3450E15     0.0000E00    2.2836E-10   1.3376E-12    55212.374919    55212.374919
1.3450E15     0.0000E00    1.7560E-10   8.3878E-13    55245.292234    55245.292234
1.3450E15     0.0000E00    1.6647E-10   1.1626E-12    55326.890752    55326.890752
1.3450E15     0.0000E00    1.4370E-10   1.2011E-12    54948.884873    54948.884873
1.3450E15     0.0000E00    1.6670E-10   1.0053E-12    53931.613704    53931.613704
1.3450E15     0.0000E00    1.6647E-10   7.2958E-13    55246.368171    55246.368171
1.3450E15     0.0000E00    6.9167E-11   4.3864E-13    54805.118021    54805.118021
1.3450E15     0.0000E00    1.9691E-10   1.2630E-12    54594.265833    54594.265833
1.3450E15     0.0000E00    2.2476E-10   2.0011E-12    53742.409063    53742.409063
1.3450E15     0.0000E00    1.7016E-10   1.1107E-12    55220.281609    55220.281609
1.3450E15     0.0000E00    1.9524E-10   1.2041E-12    55192.42434    55192.42434
1.3450E15     0.0000E00    2.2631E-10   1.4430E-12    55211.367315    55211.367315
1.3450E15     0.0000E00    1.2932E-10   9.8066E-13    55284.054016    55284.054016
1.3450E15     0.0000E00    1.8526E-10   1.6289E-12    54538.241875    54538.241875
1.3450E15     0.0000E00    1.5796E-10   1.1178E-12    54778.869097    54778.869097
1.3450E15     0.0000E00    1.3374E-10   9.7397E-13    55257.024861    55257.024861
1.3450E15     0.0000E00    2.3967E-10   1.7955E-12    55198.312558    55198.312558
1.3450E15     0.0000E00    1.0228E-10   9.7691E-13    53904.042477    53904.042477
1.3450E15     0.0000E00    1.7320E-10   1.1894E-12    55269.869433    55269.869433
1.3450E15     0.0000E00    1.2895E-10   1.0458E-12    55303.117581    55303.117581
1.3450E15     0.0000E00    1.2690E-10   9.6987E-13    55278.022407    55278.022407
1.3450E15     0.0000E00    2.0890E-10   1.1956E-12    55214.316539    55214.316539
1.3450E15     0.0000E00    1.4492E-10   9.5195E-13    55156.099028    55156.099028
1.3450E15     0.0000E00    2.1143E-10   1.9064E-12    55209.357801    55209.357801
1.3450E15     0.0000E00    1.6104E-10   1.5651E-12    54943.06662    54943.06662
1.3450E15     0.0000E00    1.1238E-10   8.4925E-13    55288.943368    55288.943368
1.3450E15     0.0000E00    2.2907E-10   1.9064E-12    55188.483252    55188.483252
1.3450E15     0.0000E00    1.6933E-10   1.2901E-12    54945.002002    54945.002002
1.3450E15     0.0000E00    1.6658E-10   1.6981E-12    54510.106308    54510.106308
1.3450E15     0.0000E00    1.5721E-10   1.0881E-12    55150.664329    55150.664329
1.3450E15     0.0000E00    1.6694E-10   1.1594E-12    55267.926215    55267.926215
1.3450E15     0.0000E00    1.5069E-10   1.4259E-12    55153.428831    55153.428831
1.3450E15     0.0000E00    1.5861E-10   1.0294E-12    54559.244931    54559.244931
1.3450E15     0.0000E00    1.8478E-10   1.1513E-12    55345.946655    55345.946655
1.3450E15     0.0000E00    1.5121E-10   9.5334E-13    54913.941308    54913.941308
1.3450E15     0.0000E00    1.8490E-10   1.2831E-12    54965.065405    54965.065405
1.3450E15     0.0000E00    1.6472E-10   1.2525E-12    55216.330706    55216.330706
1.3450E15     0.0000E00    1.7957E-10   1.4574E-12    54512.454954    54512.454954
1.3450E15     0.0000E00    1.2559E-10   1.0250E-12    54885.614086    54885.614086
1.3450E15     0.0000E00    2.1273E-10   1.0910E-12    54593.179236    54593.179236
1.3450E15     0.0000E00    1.5312E-10   1.0099E-12    55319.863044    55319.863044
1.3450E15     0.0000E00    1.5825E-10   1.0338E-12    55250.317049    55250.317049
1.3450E15     0.0000E00    1.0344E-10   8.0566E-13    55293.34691    55293.34691
1.3450E15     0.0000E00    1.5899E-10   9.8379E-13    54914.943484    54914.943484
1.3450E15     0.0000E00    1.9163E-10   1.2854E-12    55180.241007    55180.241007
1.3450E15     0.0000E00    2.1552E-10   2.6189E-12    54975.033623    54975.033623
1.3450E15     0.0000E00    1.6883E-10   1.1116E-12    55223.278368    55223.278368
1.3450E15     0.0000E00    1.5174E-10   1.0291E-12    54928.868345    54928.868345
1.3450E15     0.0000E00    1.0523E-10   8.1396E-13    55290.006042    55290.006042
1.3450E15     0.0000E00    2.1674E-10   1.2821E-12    54594.924664    54594.924664
1.3450E15     0.0000E00    1.4045E-10   9.5313E-13    55261.974132    55261.974132
1.3450E15     0.0000E00    1.6476E-10   1.1863E-12    55266.992766    55266.992766
# UVOTSSC uvw1 (id = 37)
#   frequency \gn (Hz)    Bin   Nufnu (erg cm^-2 s^-1)  Nufnu (erg cm^-2 s^-1)_error    TStart    TStop
1.1570E15     0.0000E00    1.9417E-10   8.6215E-13    55213.31191    55213.31191
1.1570E15     0.0000E00    1.5212E-10   9.3725E-13    54512.11287    54512.11287
1.1570E15     0.0000E00    1.3591E-10   9.5100E-13    55265.983877    55265.983877
1.1570E15     0.0000E00    2.3773E-10   1.2998E-12    55196.434282    55196.434282
1.1570E15     0.0000E00    1.4723E-10   1.0052E-12    55240.011667    55240.011667
1.1570E15     0.0000E00    2.0104E-10   1.1720E-12    55212.374919    55212.374919
1.1570E15     0.0000E00    1.2482E-10   7.7821E-13    55321.874595    55321.874595
1.1570E15     0.0000E00    1.3821E-10   7.6779E-13    54510.38184    54510.38184
1.1570E15     0.0000E00    1.4745E-10   5.7868E-13    55245.292234    55245.292234
1.1570E15     0.0000E00    1.3538E-10   1.0713E-12    55309.147303    55309.147303
1.1570E15     0.0000E00    1.4024E-10   9.9157E-13    55333.028889    55333.028889
1.1570E15     0.0000E00    1.3992E-10   1.0076E-12    55326.890752    55326.890752
1.1570E15     0.0000E00    1.4151E-10   9.3880E-13    55238.07    55238.07
1.1570E15     0.0000E00    1.6950E-10   9.2946E-13    54508.099803    54508.099803
1.1570E15     0.0000E00    1.7057E-10   9.9348E-13    55243.03228    55243.03228
1.1570E15     0.0000E00    1.4843E-10   9.8080E-13    55276.018507    55276.018507
1.1570E15     0.0000E00    1.4161E-10   1.0127E-12    55312.159988    55312.159988
1.1570E15     0.0000E00    1.2991E-10   7.3719E-13    54948.884873    54948.884873
1.1570E15     0.0000E00    2.0069E-10   1.2836E-12    55211.856181    55211.856181
1.1570E15     0.0000E00    1.7207E-10   1.1228E-12    55215.335914    55215.335914
1.1570E15     0.0000E00    1.1706E-10   1.1753E-12    55253.193993    55253.193993
1.1570E15     0.0000E00    1.3673E-10   5.8221E-13    55246.368171    55246.368171
1.1570E15     0.0000E00    1.3216E-10   9.4015E-13    54558.038252    54558.038252
1.1570E15     0.0000E00    1.5194E-10   9.4280E-13    55348.961111    55348.961111
1.1570E15     0.0000E00    1.0241E-10   3.5397E-13    54805.118021    54805.118021
1.1570E15     0.0000E00    1.4301E-10   9.3064E-13    55219.34941    55219.34941
1.1570E15     0.0000E00    1.2831E-10   9.8190E-13    55330.89559    55330.89559
1.1570E15     0.0000E00    1.3640E-10   9.3212E-13    55227.171956    55227.171956
1.1570E15     0.0000E00    8.8464E-11   7.7758E-13    55291.072095    55291.072095
1.1570E15     0.0000E00    1.7028E-10   1.1002E-12    54594.265833    54594.265833
1.1570E15     0.0000E00    1.3557E-10   1.0167E-12    54561.251146    54561.251146
1.1570E15     0.0000E00    1.2836E-10   9.4940E-13    54939.028461    54939.028461
1.1570E15     0.0000E00    1.2667E-10   7.8221E-13    55318.863472    55318.863472
1.1570E15     0.0000E00    1.6450E-10   1.0514E-12    54978.921273    54978.921273
1.1570E15     0.0000E00    1.1343E-10   7.7167E-13    54924.990278    54924.990278
1.1570E15     0.0000E00    1.3576E-10   8.9507E-13    55322.873877    55322.873877
1.1570E15     0.0000E00    1.1389E-10   7.7301E-13    54950.96544    54950.96544
1.1570E15     0.0000E00    1.4237E-10   7.4357E-13    55351.903067    55351.903067
1.1570E15     0.0000E00    9.7401E-11   6.8828E-13    55294.009676    55294.009676
1.1570E15     0.0000E00    1.5572E-10   9.3608E-13    55232.052396    55232.052396
1.1570E15     0.0000E00    1.5106E-10   4.5785E-13    53742.409063    53742.409063
1.1570E15     0.0000E00    1.9868E-10   1.2462E-12    54973.162836    54973.162836
1.1570E15     0.0000E00    1.3620E-10   8.7330E-13    54559.926389    54559.926389
1.1570E15     0.0000E00    1.0045E-10   6.7820E-13    55360.0689    55360.0689
1.1570E15     0.0000E00    1.1180E-10   8.2686E-13    54954.964676    54954.964676
1.1570E15     0.0000E00    1.4706E-10   8.2852E-13    54511.109606    54511.109606
1.1570E15     0.0000E00    1.4281E-10   7.5407E-13    54937.019306    54937.019306
1.1570E15     0.0000E00    1.0840E-10   6.9638E-13    55365.913727    55365.913727
1.1570E15     0.0000E00    1.8993E-10   1.1566E-12    55186.148727    55186.148727
1.1570E15     0.0000E00    1.0276E-10   7.7166E-13    55286.065903    55286.065903
1.1570E15     0.0000E00    1.1185E-10   6.3463E-13    55154.432535    55154.432535
1.1570E15     0.0000E00    1.1138E-10   6.7515E-13    55382.749988    55382.749988
1.1570E15     0.0000E00    1.4550E-10   9.0654E-13    55220.281609    55220.281609
1.1570E15     0.0000E00    1.5599E-10   9.6930E-13    55325.95566    55325.95566
1.1570E15     0.0000E00    1.3637E-10   8.4443E-13    54560.181933    54560.181933
1.1570E15     0.0000E00    1.0937E-10   4.7624E-13    54569.214213    54569.214213
1.1570E15     0.0000E00    1.3508E-10   6.9418E-13    53737.462778    53737.462778
1.1570E15     0.0000E00    1.1352E-10   6.1409E-13    54567.072558    54567.072558
1.1570E15     0.0000E00    1.2666E-10   7.5821E-13    54944.192512    54944.192512
1.1570E15     0.0000E00    1.0128E-10   9.8556E-13    55299.03463    55299.03463
1.1570E15     0.0000E00    1.2233E-10   5.6636E-13    54566.002361    54566.002361
1.1570E15     0.0000E00    1.2824E-10   8.7091E-13    55323.876701    55323.876701
1.1570E15     0.0000E00    1.8099E-10   1.1974E-12    54968.955671    54968.955671
1.1570E15     0.0000E00    2.0036E-10   1.2708E-12    55212.71037    55212.71037
1.1570E15     0.0000E00    1.2252E-10   9.0511E-13    55252.259884    55252.259884
1.1570E15     0.0000E00    1.1463E-10   7.8589E-13    54564.195197    54564.195197
1.1570E15     0.0000E00    1.1954E-10   7.9899E-13    55377.681366    55377.681366
1.1570E15     0.0000E00    1.7328E-10   1.0299E-12    55192.42434    55192.42434
1.1570E15     0.0000E00    1.3524E-10   8.5794E-13    55336.907778    55336.907778
1.1570E15     0.0000E00    1.7155E-10   8.2093E-13    54976.038866    54976.038866
1.1570E15     0.0000E00    2.0208E-10   1.2475E-12    55211.367315    55211.367315
1.1570E15     0.0000E00    1.1784E-10   8.0654E-13    55357.925521    55357.925521
1.1570E15     0.0000E00    1.0134E-10   6.9680E-13    55339.058183    55339.058183
1.1570E15     0.0000E00    1.1220E-10   7.3439E-13    55320.870567    55320.870567
1.1570E15     0.0000E00    1.8000E-10   7.5741E-13    54629.883715    54629.883715
1.1570E15     0.0000E00    1.0813E-10   7.7404E-13    55284.054016    55284.054016
1.1570E15     0.0000E00    1.6317E-10   1.1003E-12    54538.241875    54538.241875
1.1570E15     0.0000E00    1.9621E-10   2.0586E-12    54973.787315    54973.787315
1.1570E15     0.0000E00    1.3500E-10   8.6068E-13    54946.948681    54946.948681
1.1570E15     0.0000E00    1.7888E-10   1.3483E-12    55215.262245    55215.262245
1.1570E15     0.0000E00    1.3283E-10   6.7168E-13    54778.869097    54778.869097
1.1570E15     0.0000E00    1.1705E-10   8.4278E-13    55257.024861    55257.024861
1.1570E15     0.0000E00    1.1829E-10   7.5140E-13    55254.198113    55254.198113
1.1570E15     0.0000E00    2.0701E-10   1.3564E-12    55206.486262    55206.486262
1.1570E15     0.0000E00    1.9903E-10   1.2868E-12    55198.312558    55198.312558
1.1570E15     0.0000E00    1.6166E-10   1.2116E-12    54930.997257    54930.997257
1.1570E15     0.0000E00    1.0117E-10   8.5131E-13    55287.92765    55287.92765
1.1570E15     0.0000E00    1.5071E-10   9.9415E-13    55249.24625    55249.24625
1.1570E15     0.0000E00    1.2026E-10   8.9224E-13    55147.73103    55147.73103
1.1570E15     0.0000E00    1.0013E-10   6.7215E-13    53900.016169    53900.016169
1.1570E15     0.0000E00    8.4184E-11   3.9880E-13    53901.490544    53901.490544
1.1570E15     0.0000E00    1.4961E-10   1.0459E-12    55269.869433    55269.869433
1.1570E15     0.0000E00    1.1116E-10   8.5676E-13    55303.117581    55303.117581
1.1570E15     0.0000E00    1.6436E-10   1.0207E-12    54978.720347    54978.720347
1.1570E15     0.0000E00    1.2368E-10   8.8984E-13    55278.022407    55278.022407
1.1570E15     0.0000E00    1.3837E-10   4.3421E-13    53739.465185    53739.465185
1.1570E15     0.0000E00    1.2922E-10   9.1635E-13    55264.988264    55264.988264
1.1570E15     0.0000E00    1.3750E-10   2.9352E-12    55150.55235    55150.55235
1.1570E15     0.0000E00    1.3248E-10   7.6030E-13    55251.52662    55251.52662
1.1570E15     0.0000E00    1.8343E-10   8.3360E-13    55214.316539    55214.316539
1.1570E15     0.0000E00    1.2369E-10   6.3679E-13    55156.099028    55156.099028
1.1570E15     0.0000E00    1.6294E-10   1.0876E-12    54978.185428    54978.185428
1.1570E15     0.0000E00    1.8707E-10   1.1437E-12    55209.357801    55209.357801
1.1570E15     0.0000E00    1.6138E-10   8.2187E-13    54591.178831    54591.178831
1.1570E15     0.0000E00    1.5350E-10   9.7426E-13    55242.018171    55242.018171
1.1570E15     0.0000E00    1.6392E-10   9.6754E-13    54978.453912    54978.453912
1.1570E15     0.0000E00    1.8440E-10   1.0938E-12    54506.159549    54506.159549
1.1570E15     0.0000E00    1.3462E-10   1.2592E-12    54943.06662    54943.06662
1.1570E15     0.0000E00    1.0899E-10   8.7058E-13    55155.481806    55155.481806
1.1570E15     0.0000E00    1.1723E-10   8.0234E-13    55262.981238    55262.981238
1.1570E15     0.0000E00    9.8137E-11   7.4162E-13    55288.943368    55288.943368
1.1570E15     0.0000E00    1.0805E-10   7.6173E-13    54952.972581    54952.972581
1.1570E15     0.0000E00    1.2533E-10   1.0730E-12    55314.84897    55314.84897
1.1570E15     0.0000E00    1.4023E-10   8.2537E-13    55275.953854    55275.953854
1.1570E15     0.0000E00    1.5848E-10   1.0710E-12    54509.170845    54509.170845
1.1570E15     0.0000E00    1.2826E-10   8.8046E-13    55315.096782    55315.096782
1.1570E15     0.0000E00    1.9408E-10   8.4222E-13    55188.483252    55188.483252
1.1570E15     0.0000E00    1.4117E-10   8.2814E-13    54945.002002    54945.002002
1.1570E15     0.0000E00    1.4796E-10   9.3695E-13    54510.106308    54510.106308
1.1570E15     0.0000E00    2.2173E-10   1.4409E-12    55182.191817    55182.191817
1.1570E15     0.0000E00    1.1354E-10   7.8861E-13    55342.075301    55342.075301
1.1570E15     0.0000E00    1.3573E-10   5.4319E-13    55150.664329    55150.664329
1.1570E15     0.0000E00    8.4218E-11   1.9912E-13    53902.025347    53902.025347
1.1570E15     0.0000E00    1.4458E-10   9.3824E-13    55267.926215    55267.926215
1.1570E15     0.0000E00    1.1711E-10   7.2612E-13    55354.911389    55354.911389
1.1570E15     0.0000E00    1.4282E-10   1.1013E-12    55306.134711    55306.134711
1.1570E15     0.0000E00    1.3032E-10   6.8905E-13    55153.428831    55153.428831
1.1570E15     0.0000E00    1.3155E-10   8.7345E-13    54559.244931    54559.244931
1.1570E15     0.0000E00    1.6057E-10   9.7176E-13    55345.946655    55345.946655
1.1570E15     0.0000E00    9.7524E-11   8.1699E-13    55287.008137    55287.008137
1.1570E15     0.0000E00    1.2453E-10   7.6107E-13    54556.555984    54556.555984
1.1570E15     0.0000E00    1.7151E-10   2.0924E-12    54505.420451    54505.420451
1.1570E15     0.0000E00    1.7384E-10   8.7691E-13    54592.175069    54592.175069
1.1570E15     0.0000E00    1.5310E-10   1.2400E-12    55245.02669    55245.02669
1.1570E15     0.0000E00    1.3387E-10   8.7068E-13    55228.291528    55228.291528
1.1570E15     0.0000E00    1.9120E-11   2.4253E-13    53740.532546    53740.532546
1.1570E15     0.0000E00    1.3334E-10   7.7844E-13    54913.941308    54913.941308
1.1570E15     0.0000E00    1.5593E-10   1.0956E-12    54965.065405    54965.065405
1.1570E15     0.0000E00    1.3591E-10   9.0675E-13    54906.588588    54906.588588
1.1570E15     0.0000E00    1.3968E-10   1.0035E-12    55176.231146    55176.231146
1.1570E15     0.0000E00    1.4191E-10   9.3375E-13    55277.156354    55277.156354
1.1570E15     0.0000E00    9.4220E-11   8.1961E-13    54844.743634    54844.743634
1.1570E15     0.0000E00    1.5622E-10   1.1885E-12    54512.454954    54512.454954
1.1570E15     0.0000E00    1.0829E-10   9.4277E-13    54885.614086    54885.614086
1.1570E15     0.0000E00    1.4766E-10   1.7463E-12    55268.942188    55268.942188
1.1570E15     0.0000E00    1.6900E-10   1.0567E-12    55225.360613    55225.360613
1.1570E15     0.0000E00    1.2764E-10   9.6525E-13    55259.103854    55259.103854
1.1570E15     0.0000E00    1.3379E-10   8.8965E-13    54892.064861    54892.064861
1.1570E15     0.0000E00    1.7883E-10   9.2059E-13    54593.179236    54593.179236
1.1570E15     0.0000E00    1.2800E-10   7.8735E-13    55319.863044    55319.863044
1.1570E15     0.0000E00    1.3555E-10   8.8874E-13    55250.317049    55250.317049
1.1570E15     0.0000E00    1.0019E-10   5.9802E-13    54803.977535    54803.977535
1.1570E15     0.0000E00    1.0431E-10   7.6879E-13    55386.311551    55386.311551
1.1570E15     0.0000E00    1.1921E-10   8.5374E-13    55256.159838    55256.159838
1.1570E15     0.0000E00    1.1451E-10   6.7892E-13    54918.967025    54918.967025
1.1570E15     0.0000E00    8.9758E-11   6.4945E-13    55293.34691    55293.34691
1.1570E15     0.0000E00    1.4122E-10   1.0287E-12    54935.14787    54935.14787
1.1570E15     0.0000E00    1.3852E-10   9.8606E-13    55174.695752    55174.695752
1.1570E15     0.0000E00    1.7180E-10   9.2464E-13    54508.506424    54508.506424
1.1570E15     0.0000E00    1.8069E-10   1.2141E-12    54507.162535    54507.162535
1.1570E15     0.0000E00    1.3760E-10   7.9568E-13    54914.943484    54914.943484
1.1570E15     0.0000E00    1.8366E-10   1.2800E-12    55200.207708    55200.207708
1.1570E15     0.0000E00    1.2081E-10   7.5749E-13    54920.964931    54920.964931
1.1570E15     0.0000E00    1.1724E-10   7.9213E-13    55262.047292    55262.047292
1.1570E15     0.0000E00    1.6952E-10   1.1036E-12    55180.241007    55180.241007
1.1570E15     0.0000E00    1.9390E-10   9.4355E-13    54975.033623    54975.033623
1.1570E15     0.0000E00    1.4552E-10   9.6689E-13    55226.292731    55226.292731
1.1570E15     0.0000E00    1.1569E-10   8.3018E-13    54916.958252    54916.958252
1.1570E15     0.0000E00    1.4735E-10   9.5491E-13    55223.278368    55223.278368
1.1570E15     0.0000E00    1.8099E-10   1.4953E-12    55208.376944    55208.376944
1.1570E15     0.0000E00    1.5484E-10   1.0587E-12    55237.015312    55237.015312
1.1570E15     0.0000E00    1.7041E-10   6.9331E-13    54977.042222    54977.042222
1.1570E15     0.0000E00    1.6896E-10   7.6511E-13    54526.314236    54526.314236
1.1570E15     0.0000E00    1.0614E-10   9.3280E-13    55362.898542    55362.898542
1.1570E15     0.0000E00    1.1960E-10   8.2467E-13    55282.378067    55282.378067
1.1570E15     0.0000E00    1.3992E-10   1.0535E-12    54928.868345    54928.868345
1.1570E15     0.0000E00    1.4611E-10   7.8862E-13    54511.451748    54511.451748
1.1570E15     0.0000E00    9.7103E-11   6.1112E-13    54864.687581    54864.687581
1.1570E15     0.0000E00    9.3099E-11   8.1718E-13    55290.006042    55290.006042
1.1570E15     0.0000E00    1.9296E-10   1.0736E-12    55210.370868    55210.370868
1.1570E15     0.0000E00    1.8396E-10   1.1033E-12    54594.924664    54594.924664
1.1570E15     0.0000E00    1.1858E-10   7.5995E-13    55261.974132    55261.974132
1.1570E15     0.0000E00    1.4368E-10   9.7672E-13    55266.992766    55266.992766
1.1570E15     0.0000E00    1.2392E-10   5.1102E-13    55152.223067    55152.223067
1.1570E15     0.0000E00    1.2987E-10   1.4817E-12    54926.984097    54926.984097
1.1570E15     0.0000E00    1.2823E-10   1.2266E-12    55152.489514    55152.489514
1.1570E15     0.0000E00    1.6062E-10   2.0351E-12    54932.935127    54932.935127
1.1570E15     0.0000E00    1.2487E-10   8.4274E-13    55280.985602    55280.985602
1.1570E15     0.0000E00    1.2378E-10   6.4985E-13    55158.243993    55158.243993
1.1570E15     0.0000E00    1.7780E-10   1.2019E-12    55202.54669    55202.54669
1.1570E15     0.0000E00    1.9630E-10   3.0875E-12    54973.854259    54973.854259
1.1570E15     0.0000E00    1.4591E-10   9.6865E-13    55327.89772    55327.89772
1.1570E15     0.0000E00    1.2091E-10   8.2780E-13    54562.253009    54562.253009
1.1570E15     0.0000E00    1.3623E-10   9.4003E-13    55178.237998    55178.237998
1.1570E15     0.0000E00    8.9971E-11   6.7333E-13    55297.096019    55297.096019
1.1570E15     0.0000E00    1.5737E-10   1.0245E-12    55230.101111    55230.101111
1.1570E15     0.0000E00    1.6998E-10   1.0300E-12    55190.40941    55190.40941
1.1570E15     0.0000E00    8.2211E-11   7.4426E-13    54858.514155    54858.514155
1.1570E15     0.0000E00    8.6069E-11   7.8125E-13    54849.088819    54849.088819
1.1570E15     0.0000E00    1.4151E-10   9.2863E-13    55217.327292    55217.327292
1.1570E15     0.0000E00    2.0327E-10   2.0479E-12    55204.293704    55204.293704
# UVOTSSC u (id = 36)
#   frequency \gn (Hz)    Bin   Nufnu (erg cm^-2 s^-1)  Nufnu (erg cm^-2 s^-1)_error    TStart    TStop
8.5630E14     0.0000E00    8.8930E-11   1.8162E-13    53904.042477    53904.042477
8.5630E14     0.0000E00    8.9155E-11   6.3727E-13    53900.016169    53900.016169
8.5630E14     0.0000E00    7.6154E-11   4.3409E-13    53901.490544    53901.490544
8.5630E14     0.0000E00    7.9984E-11   2.1513E-13    53902.025347    53902.025347
8.5630E14     0.0000E00    1.1117E-10   8.8217E-13    54556.555984    54556.555984
# UVOTSSC v (id = 35)
#   frequency \gn (Hz)    Bin   Nufnu (erg cm^-2 s^-1)  Nufnu (erg cm^-2 s^-1)_error    TStart    TStop
5.5500E14     0.0000E00    1.0397E-10   1.0933E-12    54556.555984    54556.555984
# WISE W4 ExtEll (id = 34)
#   frequency \gn (Hz)    Bin   Nufnu (erg cm^-2 s^-1)  Nufnu (erg cm^-2 s^-1)_error    TStart    TStop
1.3630E13     0.0000E00    7.6108E-12   3.1503E-13    55331.94355647    55337.43410565
# WISE W3 ExtEll (id = 33)
#   frequency \gn (Hz)    Bin   Nufnu (erg cm^-2 s^-1)  Nufnu (erg cm^-2 s^-1)_error    TStart    TStop
2.4980E13     0.0000E00    9.6719E-12   1.6173E-13    55331.94355647    55337.43410565
# WISE W2 ExtEll (id = 32)
#   frequency \gn (Hz)    Bin   Nufnu (erg cm^-2 s^-1)  Nufnu (erg cm^-2 s^-1)_error    TStart    TStop
6.5170E13     0.0000E00    2.9580E-11   4.7287E-13    55331.94355647    55337.43410565
# WISE W1 ExtEll (id = 31)
#   frequency \gn (Hz)    Bin   Nufnu (erg cm^-2 s^-1)  Nufnu (erg cm^-2 s^-1)_error    TStart    TStop
8.8170E13     0.0000E00    4.5085E-11   7.2067E-13    55331.94355647    55337.43410565
# allwise w4 (id = 30)
#   frequency \gn (Hz)    Bin   Nufnu (erg cm^-2 s^-1)  Nufnu (erg cm^-2 s^-1)_error    TStart    TStop
1.3630E13     0.0000E00    7.7238E-12   3.1971E-13    55331.94355647    55337.43410565
# allwise w3 (id = 29)
#   frequency \gn (Hz)    Bin   Nufnu (erg cm^-2 s^-1)  Nufnu (erg cm^-2 s^-1)_error    TStart    TStop
2.4980E13     0.0000E00    9.7344E-12   1.6692E-13    55331.94355647    55337.43410565
# allwise w2 (id = 28)
#   frequency \gn (Hz)    Bin   Nufnu (erg cm^-2 s^-1)  Nufnu (erg cm^-2 s^-1)_error    TStart    TStop
6.5170E13     0.0000E00    3.5595E-11   5.6903E-13    55331.94355647    55528.87043664
# allwise w1 (id = 27)
#   frequency \gn (Hz)    Bin   Nufnu (erg cm^-2 s^-1)  Nufnu (erg cm^-2 s^-1)_error    TStart    TStop
8.8170E13     0.0000E00    5.2339E-11   8.2122E-13    55331.94355647    55528.87043664
# PCCS2F217 (id = 26)
#   frequency \gn (Hz)    Bin   Nufnu (erg cm^-2 s^-1)  Nufnu (erg cm^-2 s^-1)_error    TStart    TStop
2.1700E11     0.0000E00    6.6946E-13   6.3095E-14 0.0   0.0
# PCCS2F100 (id = 25)
#   frequency \gn (Hz)    Bin   Nufnu (erg cm^-2 s^-1)  Nufnu (erg cm^-2 s^-1)_error    TStart    TStop
1.0000E11     0.0000E00    3.8064E-13   5.6158E-14 0.0   0.0
# PCCS2F030 (id = 24)
#   frequency \gn (Hz)    Bin   Nufnu (erg cm^-2 s^-1)  Nufnu (erg cm^-2 s^-1)_error    TStart    TStop
2.8400E10     0.0000E00    1.7740E-13   2.3710E-14 0.0   0.0
# PCCS1F217 (id = 23)
#   frequency \gn (Hz)    Bin   Nufnu (erg cm^-2 s^-1)  Nufnu (erg cm^-2 s^-1)_error    TStart    TStop
2.1700E11     0.0000E00    5.1529E-13   7.2026E-14    55055.5    55527.5
# PCCS1F143 (id = 22)
#   frequency \gn (Hz)    Bin   Nufnu (erg cm^-2 s^-1)  Nufnu (erg cm^-2 s^-1)_error    TStart    TStop
1.4300E11     0.0000E00    3.9628E-13   5.4890E-14    55055.5    55527.5
# PCCS1F100 (id = 21)
#   frequency \gn (Hz)    Bin   Nufnu (erg cm^-2 s^-1)  Nufnu (erg cm^-2 s^-1)_error    TStart    TStop
1.0000E11     0.0000E00    3.2797E-13   6.1651E-14    55055.5    55527.5
# NORTH20CM (flux 80 cm) (id = 20)
#   frequency \gn (Hz)    Bin   Nufnu (erg cm^-2 s^-1)  Nufnu (erg cm^-2 s^-1)_error    TStart    TStop
3.8400E08     0.0000E00    3.0566E-15   0.0000E00 0.0   0.0
# NORTH20CM (flux 6 cm) (id = 19)
#   frequency \gn (Hz)    Bin   Nufnu (erg cm^-2 s^-1)  Nufnu (erg cm^-2 s^-1)_error    TStart    TStop
5.0000E09     0.0000E00    3.5600E-14   0.0000E00 0.0   0.0
# NORTH20CM (flux 20 cm) (id = 18)
#   frequency \gn (Hz)    Bin   Nufnu (erg cm^-2 s^-1)  Nufnu (erg cm^-2 s^-1)_error    TStart    TStop
1.4000E09     0.0000E00    1.1690E-14   0.0000E00 0.0   0.0
# GB6 (id = 17)
#   frequency \gn (Hz)    Bin   Nufnu (erg cm^-2 s^-1)  Nufnu (erg cm^-2 s^-1)_error    TStart    TStop
4.8500E09     0.0000E00    3.5065E-14   3.1040E-15    46735.5    47069.5
# ERCSC217 (id = 16)
#   frequency \gn (Hz)    Bin   Nufnu (erg cm^-2 s^-1)  Nufnu (erg cm^-2 s^-1)_error    TStart    TStop
2.1700E11     0.0000E00    5.4949E-13   9.9370E-14    55055.5    55354.5
# ERCSC100 (id = 15)
#   frequency \gn (Hz)    Bin   Nufnu (erg cm^-2 s^-1)  Nufnu (erg cm^-2 s^-1)_error    TStart    TStop
1.0000E11     0.0000E00    5.2342E-13   6.7266E-14    55055.5    55354.5
# USNO A2.0 (id = 14)
#   frequency \gn (Hz)    Bin   Nufnu (erg cm^-2 s^-1)  Nufnu (erg cm^-2 s^-1)_error    TStart    TStop
4.6880E14     0.0000E00    2.7510E-09   2.6541E-10 0.0   0.0
6.8180E14     0.0000E00    1.2679E-10   1.2232E-11 0.0   0.0
# SDSS19 (id = 13)
#   frequency \gn (Hz)    Bin   Nufnu (erg cm^-2 s^-1)  Nufnu (erg cm^-2 s^-1)_error    TStart    TStop
8.4510E14     0.0000E00    4.3666E-11   1.9054E-13    52755.22154669    52755.22217169
6.2890E14     0.0000E00    8.2883E-11   1.6197E-13    52755.22320522    52755.22383022
4.8150E14     0.0000E00    1.0204E-10   6.4486E-13    52755.21988816    52755.22051316
3.9370E14     0.0000E00    5.0875E-11   4.4948E-13    52755.22071743    52755.22134243
3.2860E14     0.0000E00    1.1352E-10   2.7675E-13    52755.22237596    52755.22300096
# 2MASS (id = 12)
#   frequency \gn (Hz)    Bin   Nufnu (erg cm^-2 s^-1)  Nufnu (erg cm^-2 s^-1)_error    TStart    TStop
2.4290E14     0.0000E00    6.1074E-11   2.0009E-12 0.0   0.0
1.8050E14     0.0000E00    4.3500E-11   2.3447E-12 0.0   0.0
1.3900E14     0.0000E00    3.8306E-11   1.4010E-12 0.0   0.0
# VizieR photometry (id = 11)
#   frequency \gn (Hz)    Bin   Nufnu (erg cm^-2 s^-1)  Nufnu (erg cm^-2 s^-1)_error    TStart    TStop
1.8180E14     0.0000E00    4.4892E-11   0.0000E00 0.0   0.0
2.4200E14     0.0000E00    6.0248E-11   0.0000E00 0.0   0.0
3.8250E14     0.0000E00    2.5209E-09   1.0252E-09 0.0   0.0
1.3860E14     0.0000E00    3.8655E-11   1.3855E-12 0.0   0.0
1.8180E14     0.0000E00    4.4892E-11   2.3628E-12 0.0   0.0
2.4200E14     0.0000E00    6.0248E-11   1.9357E-12 0.0   0.0
1.3860E14     0.0000E00    3.8655E-11   1.3855E-12 0.0   0.0
1.8180E14     0.0000E00    4.4892E-11   2.5445E-12 0.0   0.0
2.4200E14     0.0000E00    6.0248E-11   2.1776E-12 0.0   0.0
4.4550E14     0.0000E00    1.4255E-10   0.0000E00 0.0   0.0
1.8180E14     0.0000E00    4.4892E-11   2.3628E-12 0.0   0.0
2.4200E14     0.0000E00    6.0248E-11   1.9357E-12 0.0   0.0
4.4550E14     0.0000E00    1.4255E-10   2.6728E-12 0.0   0.0
1.8180E14     0.0000E00    4.4892E-11   0.0000E00 0.0   0.0
2.4200E14     0.0000E00    6.0248E-11   0.0000E00 0.0   0.0
4.4550E14     0.0000E00    1.4255E-10   0.0000E00 0.0   0.0
6.7490E14     0.0000E00    1.1676E-10   2.1597E-11 0.0   0.0
3.8810E14     0.0000E00    1.2419E-10   8.1501E-12 0.0   0.0
4.8150E14     0.0000E00    1.1893E-10   2.4075E-12 0.0   0.0
5.9410E14     0.0000E00    1.4199E-10   9.5056E-12 0.0   0.0
3.9340E14     0.0000E00    9.1662E-11   6.6878E-12 0.0   0.0
5.1490E14     0.0000E00    9.0622E-11   2.5745E-12 0.0   0.0
5.9530E14     0.0000E00    1.0239E-10   8.3342E-12 0.0   0.0
1.3570E13     0.0000E00    9.7440E-12   2.3071E-13 0.0   0.0
2.5930E13     0.0000E00    1.1878E-11   1.8154E-13 0.0   0.0
6.5170E13     0.0000E00    3.4737E-11   6.5172E-13 0.0   0.0
8.9490E13     0.0000E00    4.7251E-11   9.8439E-13 0.0   0.0
1.3860E14     0.0000E00    3.8655E-11   1.3855E-12 0.0   0.0
1.8180E14     0.0000E00    4.4892E-11   2.3628E-12 0.0   0.0
2.4200E14     0.0000E00    6.0248E-11   1.9357E-12 0.0   0.0
4.4550E14     0.0000E00    9.0874E-11   5.7910E-12 0.0   0.0
4.4550E14     0.0000E00    1.6393E-10   9.8001E-12 0.0   0.0
4.4550E14     0.0000E00    1.0067E-10   2.2273E-12 0.0   0.0
8.5190E14     0.0000E00    4.4555E-11   1.7038E-13 0.0   0.0
1.3860E14     0.0000E00    9.3798E-11   2.4939E-12 0.0   0.0
1.8180E14     0.0000E00    1.3268E-10   3.2715E-12 0.0   0.0
2.4200E14     0.0000E00    1.3961E-10   2.6616E-12 0.0   0.0
3.3240E14     0.0000E00    6.2166E-13   1.3298E-14 0.0   0.0
4.7990E14     0.0000E00    7.5344E-13   9.5980E-15 0.0   0.0
3.9270E14     0.0000E00    3.5182E-12   5.1438E-13 0.0   0.0
4.7990E14     0.0000E00    2.0540E-11   0.0000E00 0.0   0.0
3.9270E14     0.0000E00    2.1596E-12   1.1780E-14 0.0   0.0
6.2200E14     0.0000E00    3.0353E-12   2.0525E-13 0.0   0.0
3.9340E14     0.0000E00    9.1662E-11   6.6878E-12 0.0   0.0
5.1490E14     0.0000E00    9.0622E-11   2.5745E-12 0.0   0.0
5.9530E14     0.0000E00    1.0239E-10   8.3342E-12 0.0   0.0
7.4580E14     0.0000E00    2.6549E-10   0.0000E00 0.0   0.0
4.6340E14     0.0000E00    7.9247E-11   0.0000E00 0.0   0.0
5.4810E14     0.0000E00    7.3994E-11   0.0000E00 0.0   0.0
6.2200E14     0.0000E00    8.5211E-11   0.0000E00 0.0   0.0
5.4140E14     0.0000E00    1.4943E-10   0.0000E00 0.0   0.0
1.3690E14     0.0000E00    4.4079E-11   4.1067E-13 0.0   0.0
1.3690E14     0.0000E00    3.6960E-11   1.3689E-12 0.0   0.0
1.8390E14     0.0000E00    6.0694E-11   9.1960E-13 0.0   0.0
1.8390E14     0.0000E00    4.5060E-11   2.3910E-12 0.0   0.0
2.3980E14     0.0000E00    6.5474E-11   4.7966E-13 0.0   0.0
2.3980E14     0.0000E00    6.0917E-11   1.9186E-12 0.0   0.0
5.4140E14     0.0000E00    1.8354E-10   4.3856E-11 0.0   0.0
1.3570E13     0.0000E00    9.7168E-12   2.1714E-13 0.0   0.0
2.5930E13     0.0000E00    1.1852E-11   1.5560E-13 0.0   0.0
6.5170E13     0.0000E00    2.8154E-11   5.2138E-13 0.0   0.0
8.9490E13     0.0000E00    3.9734E-11   8.0541E-13 0.0   0.0
1.3860E14     0.0000E00    3.8655E-11   1.3855E-12 0.0   0.0
1.8180E14     0.0000E00    4.4892E-11   2.3628E-12 0.0   0.0
2.4200E14     0.0000E00    6.0248E-11   1.9357E-12 0.0   0.0
1.3570E13     0.0000E00    9.7440E-12   2.3071E-13 0.0   0.0
2.5930E13     0.0000E00    1.1878E-11   1.8154E-13 0.0   0.0
6.5170E13     0.0000E00    3.4737E-11   6.5172E-13 0.0   0.0
8.9490E13     0.0000E00    4.7251E-11   9.8439E-13 0.0   0.0
1.3860E14     0.0000E00    3.8655E-11   1.3855E-12 0.0   0.0
1.8180E14     0.0000E00    4.4892E-11   2.3628E-12 0.0   0.0
2.4200E14     0.0000E00    6.0248E-11   1.9357E-12 0.0   0.0
3.9270E14     0.0000E00    1.8730E-10   4.2800E-11 0.0   0.0
4.7990E14     0.0000E00    1.9388E-10   4.6550E-11 0.0   0.0
5.4140E14     0.0000E00    1.9654E-10   4.4939E-11 0.0   0.0
6.2200E14     0.0000E00    2.0028E-10   6.4064E-11 0.0   0.0
6.7490E14     0.0000E00    2.0314E-10   7.0190E-11 0.0   0.0
1.1530E15     0.0000E00    1.7526E-11   0.0000E00 0.0   0.0
1.1530E15     0.0000E00    8.9357E-11   0.0000E00 0.0   0.0
1.1530E15     0.0000E00    1.4874E-10   0.0000E00 0.0   0.0
1.5550E15     0.0000E00    2.0214E-10   0.0000E00 0.0   0.0
1.1530E15     0.0000E00    1.1876E-10   0.0000E00 0.0   0.0
1.1530E15     0.0000E00    1.2683E-10   0.0000E00 0.0   0.0
1.1530E15     0.0000E00    1.3721E-10   0.0000E00 0.0   0.0
1.3350E15     0.0000E00    1.5350E-10   0.0000E00 0.0   0.0
1.5550E15     0.0000E00    1.6793E-10   0.0000E00 0.0   0.0
1.1530E15     0.0000E00    1.1645E-10   0.0000E00 0.0   0.0
1.1530E15     0.0000E00    1.3029E-10   0.0000E00 0.0   0.0
1.1530E15     0.0000E00    1.0723E-10   0.0000E00 0.0   0.0
1.1530E15     0.0000E00    1.6373E-10   0.0000E00 0.0   0.0
1.5550E15     0.0000E00    1.8503E-10   0.0000E00 0.0   0.0
1.1530E15     0.0000E00    1.3490E-10   0.0000E00 0.0   0.0
1.1530E15     0.0000E00    2.1792E-10   0.0000E00 0.0   0.0
1.3350E15     0.0000E00    2.0422E-10   0.0000E00 0.0   0.0
1.5550E15     0.0000E00    2.3168E-10   0.0000E00 0.0   0.0
1.1530E15     0.0000E00    1.0273E-10   0.0000E00 0.0   0.0
1.1530E15     0.0000E00    1.1023E-10   0.0000E00 0.0   0.0
1.5550E15     0.0000E00    1.2859E-10   0.0000E00 0.0   0.0
1.1530E15     0.0000E00    1.8909E-10   0.0000E00 0.0   0.0
1.1530E15     0.0000E00    1.0400E-10   0.0000E00 0.0   0.0
1.1530E15     0.0000E00    9.9273E-11   0.0000E00 0.0   0.0
1.3350E15     0.0000E00    1.1172E-10   0.0000E00 0.0   0.0
1.5550E15     0.0000E00    1.1600E-10   0.0000E00 0.0   0.0
1.1530E15     0.0000E00    1.4297E-10   0.0000E00 0.0   0.0
1.3350E15     0.0000E00    1.6018E-10   0.0000E00 0.0   0.0
1.1530E15     0.0000E00    1.5681E-10   0.0000E00 0.0   0.0
1.1530E15     0.0000E00    9.9850E-11   0.0000E00 0.0   0.0
1.1530E15     0.0000E00    1.3029E-10   0.0000E00 0.0   0.0
1.5550E15     0.0000E00    1.5409E-10   0.0000E00 0.0   0.0
1.3350E15     0.0000E00    1.4683E-10   0.0000E00 0.0   0.0
1.1530E15     0.0000E00    1.1761E-10   0.0000E00 0.0   0.0
1.5550E15     0.0000E00    1.4103E-10   0.0000E00 0.0   0.0
1.1530E15     0.0000E00    1.2222E-10   0.0000E00 0.0   0.0
1.3350E15     0.0000E00    1.3481E-10   0.0000E00 0.0   0.0
1.1530E15     0.0000E00    1.4297E-10   0.0000E00 0.0   0.0
1.3350E15     0.0000E00    1.6418E-10   0.0000E00 0.0   0.0
1.1530E15     0.0000E00    1.2452E-10   0.0000E00 0.0   0.0
1.1530E15     0.0000E00    1.2452E-10   0.0000E00 0.0   0.0
1.1530E15     0.0000E00    1.2798E-10   0.0000E00 0.0   0.0
1.5550E15     0.0000E00    1.4911E-10   0.0000E00 0.0   0.0
1.1530E15     0.0000E00    1.3951E-10   0.0000E00 0.0   0.0
1.1530E15     0.0000E00    1.2452E-10   0.0000E00 0.0   0.0
1.1530E15     0.0000E00    1.2914E-10   0.0000E00 0.0   0.0
1.1530E15     0.0000E00    1.0400E-10   0.0000E00 0.0   0.0
1.1530E15     0.0000E00    1.2337E-10   0.0000E00 0.0   0.0
1.1530E15     0.0000E00    1.1438E-10   0.0000E00 0.0   0.0
1.1530E15     0.0000E00    1.1230E-10   0.0000E00 0.0   0.0
1.1530E15     0.0000E00    1.0389E-10   0.0000E00 0.0   0.0
1.1530E15     0.0000E00    1.3029E-10   0.0000E00 0.0   0.0
1.1530E15     0.0000E00    1.3029E-10   0.0000E00 0.0   0.0
1.1530E15     0.0000E00    1.2798E-10   0.0000E00 0.0   0.0
1.3350E15     0.0000E00    1.4816E-10   0.0000E00 0.0   0.0
1.1530E15     0.0000E00    1.0239E-10   0.0000E00 0.0   0.0
1.1530E15     0.0000E00    1.3490E-10   0.0000E00 0.0   0.0
1.1530E15     0.0000E00    1.7410E-10   0.0000E00 0.0   0.0
1.1530E15     0.0000E00    9.9273E-11   0.0000E00 0.0   0.0
1.1530E15     0.0000E00    9.4200E-11   0.0000E00 0.0   0.0
1.1530E15     0.0000E00    1.0250E-10   0.0000E00 0.0   0.0
1.1530E15     0.0000E00    1.0204E-10   0.0000E00 0.0   0.0
1.5550E15     0.0000E00    1.1724E-10   0.0000E00 0.0   0.0
1.1530E15     0.0000E00    8.8896E-11   0.0000E00 0.0   0.0
1.1530E15     0.0000E00    1.2798E-10   0.0000E00 0.0   0.0
1.3350E15     0.0000E00    1.3481E-10   0.0000E00 0.0   0.0
1.1530E15     0.0000E00    1.2452E-10   0.0000E00 0.0   0.0
1.1530E15     0.0000E00    1.0423E-10   0.0000E00 0.0   0.0
1.1530E15     0.0000E00    9.2009E-11   0.0000E00 0.0   0.0
1.5550E15     0.0000E00    1.0542E-10   0.0000E00 0.0   0.0
1.1530E15     0.0000E00    1.4297E-10   0.0000E00 0.0   0.0
1.1530E15     0.0000E00    1.3836E-10   0.0000E00 0.0   0.0
1.3350E15     0.0000E00    2.0022E-10   0.0000E00 0.0   0.0
1.1530E15     0.0000E00    1.8217E-10   0.0000E00 0.0   0.0
1.1530E15     0.0000E00    8.9242E-11   0.0000E00 0.0   0.0
1.5550E15     0.0000E00    1.0247E-10   0.0000E00 0.0   0.0
1.1530E15     0.0000E00    1.4297E-10   0.0000E00 0.0   0.0
1.1530E15     0.0000E00    9.2817E-11   0.0000E00 0.0   0.0
1.1530E15     0.0000E00    1.0492E-10   0.0000E00 0.0   0.0
1.1530E15     0.0000E00    1.0953E-10   0.0000E00 0.0   0.0
1.1530E15     0.0000E00    1.6257E-10   0.0000E00 0.0   0.0
1.1530E15     0.0000E00    1.5681E-10   0.0000E00 0.0   0.0
1.1530E15     0.0000E00    1.2337E-10   0.0000E00 0.0   0.0
1.5550E15     0.0000E00    1.4896E-10   0.0000E00 0.0   0.0
1.1530E15     0.0000E00    1.0792E-10   0.0000E00 0.0   0.0
1.5550E15     0.0000E00    1.1926E-10   0.0000E00 0.0   0.0
1.1530E15     0.0000E00    1.2452E-10   0.0000E00 0.0   0.0
1.1530E15     0.0000E00    1.0020E-10   0.0000E00 0.0   0.0
1.5550E15     0.0000E00    1.1568E-10   0.0000E00 0.0   0.0
1.1530E15     0.0000E00    1.1346E-10   0.0000E00 0.0   0.0
1.1530E15     0.0000E00    1.4413E-10   0.0000E00 0.0   0.0
1.5550E15     0.0000E00    1.5704E-10   0.0000E00 0.0   0.0
1.1530E15     0.0000E00    1.1645E-10   0.0000E00 0.0   0.0
1.1530E15     0.0000E00    9.2817E-11   0.0000E00 0.0   0.0
1.1530E15     0.0000E00    1.1207E-10   0.0000E00 0.0   0.0
1.1530E15     0.0000E00    1.1761E-10   0.0000E00 0.0   0.0
1.1530E15     0.0000E00    1.6603E-10   0.0000E00 0.0   0.0
1.1530E15     0.0000E00    1.1876E-10   0.0000E00 0.0   0.0
1.1530E15     0.0000E00    1.2452E-10   0.0000E00 0.0   0.0
1.1530E15     0.0000E00    1.2106E-10   0.0000E00 0.0   0.0
1.1530E15     0.0000E00    1.6834E-10   0.0000E00 0.0   0.0
1.3350E15     0.0000E00    1.9221E-10   0.0000E00 0.0   0.0
1.1530E15     0.0000E00    1.0861E-10   0.0000E00 0.0   0.0
1.3350E15     0.0000E00    1.2494E-10   0.0000E00 0.0   0.0
1.1530E15     0.0000E00    1.5566E-10   0.0000E00 0.0   0.0
1.1530E15     0.0000E00    1.2452E-10   0.0000E00 0.0   0.0
1.1530E15     0.0000E00    8.1056E-11   0.0000E00 0.0   0.0
1.1530E15     0.0000E00    1.7641E-10   0.0000E00 0.0   0.0
1.1530E15     0.0000E00    1.5796E-10   0.0000E00 0.0   0.0
1.1530E15     0.0000E00    1.1761E-10   0.0000E00 0.0   0.0
1.1530E15     0.0000E00    9.7198E-11   0.0000E00 0.0   0.0
1.5550E15     0.0000E00    1.1102E-10   0.0000E00 0.0   0.0
1.1530E15     0.0000E00    1.3375E-10   0.0000E00 0.0   0.0
1.1530E15     0.0000E00    1.1645E-10   0.0000E00 0.0   0.0
1.1530E15     0.0000E00    1.1761E-10   0.0000E00 0.0   0.0
1.1530E15     0.0000E00    1.3490E-10   0.0000E00 0.0   0.0
1.1530E15     0.0000E00    1.4758E-10   0.0000E00 0.0   0.0
1.1530E15     0.0000E00    1.0965E-10   0.0000E00 0.0   0.0
1.1530E15     0.0000E00    1.6949E-10   0.0000E00 0.0   0.0
1.1530E15     0.0000E00    1.8448E-10   0.0000E00 0.0   0.0
1.1530E15     0.0000E00    1.3375E-10   0.0000E00 0.0   0.0
1.1530E15     0.0000E00    8.2439E-11   0.0000E00 0.0   0.0
1.1530E15     0.0000E00    1.2914E-10   0.0000E00 0.0   0.0
1.3350E15     0.0000E00    1.5083E-10   0.0000E00 0.0   0.0
1.5550E15     0.0000E00    1.4911E-10   0.0000E00 0.0   0.0
1.1530E15     0.0000E00    1.2452E-10   0.0000E00 0.0   0.0
1.1530E15     0.0000E00    1.4528E-10   0.0000E00 0.0   0.0
1.1530E15     0.0000E00    1.2337E-10   0.0000E00 0.0   0.0
1.3350E15     0.0000E00    1.4282E-10   0.0000E00 0.0   0.0
1.1530E15     0.0000E00    1.1069E-10   0.0000E00 0.0   0.0
1.1530E15     0.0000E00    8.9934E-11   0.0000E00 0.0   0.0
1.3350E15     0.0000E00    9.9977E-11   0.0000E00 0.0   0.0
1.1530E15     0.0000E00    1.7987E-10   0.0000E00 0.0   0.0
1.1530E15     0.0000E00    1.1472E-10   0.0000E00 0.0   0.0
5.4830E14     0.0000E00    9.9785E-11   0.0000E00 0.0   0.0
8.6520E14     0.0000E00    1.0469E-10   0.0000E00 0.0   0.0
1.1530E15     0.0000E00    1.1403E-10   0.0000E00 0.0   0.0
1.1530E15     0.0000E00    1.1438E-10   0.0000E00 0.0   0.0
1.1530E15     0.0000E00    1.5911E-10   0.0000E00 0.0   0.0
1.5550E15     0.0000E00    2.0214E-10   0.0000E00 0.0   0.0
1.1530E15     0.0000E00    1.4067E-10   0.0000E00 0.0   0.0
1.1530E15     0.0000E00    1.2222E-10   0.0000E00 0.0   0.0
1.5550E15     0.0000E00    1.3574E-10   0.0000E00 0.0   0.0
1.1530E15     0.0000E00    1.3029E-10   0.0000E00 0.0   0.0
1.1530E15     0.0000E00    1.2798E-10   0.0000E00 0.0   0.0
1.5550E15     0.0000E00    1.5083E-10   0.0000E00 0.0   0.0
1.1530E15     0.0000E00    1.0734E-10   0.0000E00 0.0   0.0
1.5550E15     0.0000E00    1.1444E-10   0.0000E00 0.0   0.0
1.1530E15     0.0000E00    1.1991E-10   0.0000E00 0.0   0.0
1.3350E15     0.0000E00    1.3348E-10   0.0000E00 0.0   0.0
1.1530E15     0.0000E00    1.2106E-10   0.0000E00 0.0   0.0
1.3350E15     0.0000E00    1.4149E-10   0.0000E00 0.0   0.0
1.1530E15     0.0000E00    1.4758E-10   0.0000E00 0.0   0.0
1.3350E15     0.0000E00    1.6418E-10   0.0000E00 0.0   0.0
1.1530E15     0.0000E00    1.3260E-10   0.0000E00 0.0   0.0
1.3350E15     0.0000E00    1.4816E-10   0.0000E00 0.0   0.0
1.1530E15     0.0000E00    1.1761E-10   0.0000E00 0.0   0.0
1.5550E15     0.0000E00    1.3512E-10   0.0000E00 0.0   0.0
1.1530E15     0.0000E00    1.8217E-10   0.0000E00 0.0   0.0
1.3350E15     0.0000E00    2.1357E-10   0.0000E00 0.0   0.0
1.1530E15     0.0000E00    9.2701E-11   0.0000E00 0.0   0.0
1.1530E15     0.0000E00    1.0919E-10   0.0000E00 0.0   0.0
1.1530E15     0.0000E00    1.0723E-10   0.0000E00 0.0   0.0
1.3350E15     0.0000E00    1.1893E-10   0.0000E00 0.0   0.0
1.1530E15     0.0000E00    1.4758E-10   0.0000E00 0.0   0.0
1.1530E15     0.0000E00    1.6603E-10   0.0000E00 0.0   0.0
8.6520E14     0.0000E00    8.3751E-11   0.0000E00 0.0   0.0
1.3350E15     0.0000E00    9.1033E-11   0.0000E00 0.0   0.0
1.5550E15     0.0000E00    1.0153E-10   0.0000E00 0.0   0.0
1.1530E15     0.0000E00    1.5796E-10   0.0000E00 0.0   0.0
1.1530E15     0.0000E00    1.2914E-10   0.0000E00 0.0   0.0
1.1530E15     0.0000E00    1.6488E-10   0.0000E00 0.0   0.0
1.1530E15     0.0000E00    7.5291E-11   0.0000E00 0.0   0.0
1.5550E15     0.0000E00    8.8318E-11   0.0000E00 0.0   0.0
1.1530E15     0.0000E00    1.5566E-10   0.0000E00 0.0   0.0
1.5550E15     0.0000E00    1.8348E-10   0.0000E00 0.0   0.0
1.1530E15     0.0000E00    1.2337E-10   0.0000E00 0.0   0.0
1.1530E15     0.0000E00    1.0481E-10   0.0000E00 0.0   0.0
1.1530E15     0.0000E00    9.5584E-11   0.0000E00 0.0   0.0
1.1530E15     0.0000E00    1.2106E-10   0.0000E00 0.0   0.0
1.3350E15     0.0000E00    1.4015E-10   0.0000E00 0.0   0.0
1.1530E15     0.0000E00    1.5681E-10   0.0000E00 0.0   0.0
1.1530E15     0.0000E00    9.1779E-11   0.0000E00 0.0   0.0
1.1530E15     0.0000E00    1.2452E-10   0.0000E00 0.0   0.0
1.3350E15     0.0000E00    1.4015E-10   0.0000E00 0.0   0.0
1.5550E15     0.0000E00    1.7415E-10   0.0000E00 0.0   0.0
1.1530E15     0.0000E00    1.1761E-10   0.0000E00 0.0   0.0
1.3350E15     0.0000E00    1.3615E-10   0.0000E00 0.0   0.0
1.1530E15     0.0000E00    1.4758E-10   0.0000E00 0.0   0.0
1.5550E15     0.0000E00    1.7570E-10   0.0000E00 0.0   0.0
1.1530E15     0.0000E00    1.7180E-10   0.0000E00 0.0   0.0
1.3350E15     0.0000E00    1.8821E-10   0.0000E00 0.0   0.0
1.1530E15     0.0000E00    1.6373E-10   0.0000E00 0.0   0.0
1.3350E15     0.0000E00    1.8954E-10   0.0000E00 0.0   0.0
1.1530E15     0.0000E00    1.6603E-10   0.0000E00 0.0   0.0
1.5550E15     0.0000E00    1.9436E-10   0.0000E00 0.0   0.0
1.1530E15     0.0000E00    1.1334E-10   0.0000E00 0.0   0.0
1.3350E15     0.0000E00    1.2894E-10   0.0000E00 0.0   0.0
1.5550E15     0.0000E00    1.3248E-10   0.0000E00 0.0   0.0
1.1530E15     0.0000E00    1.2222E-10   0.0000E00 0.0   0.0
1.1530E15     0.0000E00    1.5450E-10   0.0000E00 0.0   0.0
1.1530E15     0.0000E00    1.5566E-10   0.0000E00 0.0   0.0
1.5550E15     0.0000E00    1.8037E-10   0.0000E00 0.0   0.0
1.1530E15     0.0000E00    1.2106E-10   0.0000E00 0.0   0.0
1.1530E15     0.0000E00    1.1334E-10   0.0000E00 0.0   0.0
1.3350E15     0.0000E00    1.1292E-10   0.0000E00 0.0   0.0
1.1530E15     0.0000E00    1.2568E-10   0.0000E00 0.0   0.0
1.3350E15     0.0000E00    1.4149E-10   0.0000E00 0.0   0.0
1.1530E15     0.0000E00    1.2568E-10   0.0000E00 0.0   0.0
1.1530E15     0.0000E00    1.0838E-10   0.0000E00 0.0   0.0
1.1530E15     0.0000E00    1.0746E-10   0.0000E00 0.0   0.0
1.1530E15     0.0000E00    9.8927E-11   0.0000E00 0.0   0.0
1.1530E15     0.0000E00    1.1069E-10   0.0000E00 0.0   0.0
1.5550E15     0.0000E00    1.3263E-10   0.0000E00 0.0   0.0
1.1530E15     0.0000E00    1.7756E-10   0.0000E00 0.0   0.0
1.3350E15     0.0000E00    2.0422E-10   0.0000E00 0.0   0.0
1.1530E15     0.0000E00    1.3605E-10   0.0000E00 0.0   0.0
1.3350E15     0.0000E00    1.4816E-10   0.0000E00 0.0   0.0
1.1530E15     0.0000E00    1.6834E-10   0.0000E00 0.0   0.0
1.1530E15     0.0000E00    1.2452E-10   0.0000E00 0.0   0.0
1.3350E15     0.0000E00    1.4015E-10   0.0000E00 0.0   0.0
1.5550E15     0.0000E00    1.4258E-10   0.0000E00 0.0   0.0
1.1530E15     0.0000E00    1.4182E-10   0.0000E00 0.0   0.0
1.1530E15     0.0000E00    1.3490E-10   0.0000E00 0.0   0.0
1.3350E15     0.0000E00    1.5617E-10   0.0000E00 0.0   0.0
1.5550E15     0.0000E00    1.6015E-10   0.0000E00 0.0   0.0
1.1530E15     0.0000E00    1.1876E-10   0.0000E00 0.0   0.0
1.3350E15     0.0000E00    1.2787E-10   0.0000E00 0.0   0.0
1.1530E15     0.0000E00    1.3605E-10   0.0000E00 0.0   0.0
8.6520E14     0.0000E00    7.5359E-11   0.0000E00 0.0   0.0
1.1530E15     0.0000E00    7.7136E-11   0.0000E00 0.0   0.0
1.1530E15     0.0000E00    1.5104E-10   0.0000E00 0.0   0.0
1.1530E15     0.0000E00    1.2683E-10   0.0000E00 0.0   0.0
1.1530E15     0.0000E00    1.3836E-10   0.0000E00 0.0   0.0
1.1530E15     0.0000E00    1.8333E-10   0.0000E00 0.0   0.0
1.5550E15     0.0000E00    1.4694E-10   0.0000E00 0.0   0.0
1.1530E15     0.0000E00    1.4067E-10   0.0000E00 0.0   0.0
1.5550E15     0.0000E00    1.2999E-10   0.0000E00 0.0   0.0
8.6520E14     0.0000E00    7.1725E-11   0.0000E00 0.0   0.0
1.1530E15     0.0000E00    7.7136E-11   0.0000E00 0.0   0.0
1.1530E15     0.0000E00    1.0596E-10   0.0000E00 0.0   0.0
1.1530E15     0.0000E00    1.5566E-10   0.0000E00 0.0   0.0
1.3350E15     0.0000E00    1.7486E-10   0.0000E00 0.0   0.0
1.1530E15     0.0000E00    1.5450E-10   0.0000E00 0.0   0.0
1.1530E15     0.0000E00    1.8563E-10   0.0000E00 0.0   0.0
1.1530E15     0.0000E00    1.4989E-10   0.0000E00 0.0   0.0
1.3350E15     0.0000E00    1.6418E-10   0.0000E00 0.0   0.0
1.5550E15     0.0000E00    1.7726E-10   0.0000E00 0.0   0.0
1.1530E15     0.0000E00    1.0746E-10   0.0000E00 0.0   0.0
1.1530E15     0.0000E00    1.8448E-10   0.0000E00 0.0   0.0
1.3350E15     0.0000E00    2.0289E-10   0.0000E00 0.0   0.0
1.5550E15     0.0000E00    1.9747E-10   0.0000E00 0.0   0.0
1.1530E15     0.0000E00    1.5566E-10   0.0000E00 0.0   0.0
1.3350E15     0.0000E00    1.7085E-10   0.0000E00 0.0   0.0
1.1530E15     0.0000E00    9.9043E-11   0.0000E00 0.0   0.0
1.3350E15     0.0000E00    1.1506E-10   0.0000E00 0.0   0.0
1.1530E15     0.0000E00    1.7756E-10   0.0000E00 0.0   0.0
1.3350E15     0.0000E00    1.9221E-10   0.0000E00 0.0   0.0
1.5550E15     0.0000E00    2.0214E-10   0.0000E00 0.0   0.0
1.1530E15     0.0000E00    1.6834E-10   0.0000E00 0.0   0.0
1.3350E15     0.0000E00    1.8554E-10   0.0000E00 0.0   0.0
1.1530E15     0.0000E00    1.2683E-10   0.0000E00 0.0   0.0
1.1530E15     0.0000E00    1.3375E-10   0.0000E00 0.0   0.0
1.1530E15     0.0000E00    1.3490E-10   0.0000E00 0.0   0.0
1.3350E15     0.0000E00    1.5083E-10   0.0000E00 0.0   0.0
1.1530E15     0.0000E00    1.0181E-10   0.0000E00 0.0   0.0
1.3350E15     0.0000E00    1.1479E-10   0.0000E00 0.0   0.0
1.1530E15     0.0000E00    1.7987E-10   0.0000E00 0.0   0.0
1.1530E15     0.0000E00    8.2209E-11   0.0000E00 0.0   0.0
1.3350E15     0.0000E00    9.1968E-11   0.0000E00 0.0   0.0
8.6520E14     0.0000E00    8.3924E-11   0.0000E00 0.0   0.0
1.1530E15     0.0000E00    9.1779E-11   0.0000E00 0.0   0.0
1.1530E15     0.0000E00    1.2452E-10   0.0000E00 0.0   0.0
1.3350E15     0.0000E00    1.4015E-10   0.0000E00 0.0   0.0
1.5550E15     0.0000E00    1.4476E-10   0.0000E00 0.0   0.0
1.1530E15     0.0000E00    1.1346E-10   0.0000E00 0.0   0.0
1.1530E15     0.0000E00    2.0293E-10   0.0000E00 0.0   0.0
1.1530E15     0.0000E00    1.3144E-10   0.0000E00 0.0   0.0
1.3350E15     0.0000E00    1.4683E-10   0.0000E00 0.0   0.0
1.1530E15     0.0000E00    1.3951E-10   0.0000E00 0.0   0.0
1.1530E15     0.0000E00    7.8865E-11   0.0000E00 0.0   0.0
1.1530E15     0.0000E00    1.8563E-10   0.0000E00 0.0   0.0
1.3350E15     0.0000E00    2.0155E-10   0.0000E00 0.0   0.0
1.1530E15     0.0000E00    1.5911E-10   0.0000E00 0.0   0.0
1.3350E15     0.0000E00    1.7352E-10   0.0000E00 0.0   0.0
1.1530E15     0.0000E00    8.6360E-11   0.0000E00 0.0   0.0
1.3350E15     0.0000E00    1.4816E-10   0.0000E00 0.0   0.0
1.1530E15     0.0000E00    1.3375E-10   0.0000E00 0.0   0.0
1.3350E15     0.0000E00    1.5083E-10   0.0000E00 0.0   0.0
1.1530E15     0.0000E00    1.5104E-10   0.0000E00 0.0   0.0
1.1530E15     0.0000E00    8.5322E-11   0.0000E00 0.0   0.0
1.3350E15     0.0000E00    9.3569E-11   0.0000E00 0.0   0.0
1.1530E15     0.0000E00    9.3854E-11   0.0000E00 0.0   0.0
1.3350E15     0.0000E00    6.1534E-11   0.0000E00 0.0   0.0
1.5550E15     0.0000E00    1.0915E-10   0.0000E00 0.0   0.0
1.1530E15     0.0000E00    1.3144E-10   0.0000E00 0.0   0.0
1.1530E15     0.0000E00    1.2568E-10   0.0000E00 0.0   0.0
1.3350E15     0.0000E00    1.4816E-10   0.0000E00 0.0   0.0
1.1530E15     0.0000E00    1.2798E-10   0.0000E00 0.0   0.0
1.5550E15     0.0000E00    1.4290E-10   0.0000E00 0.0   0.0
1.1530E15     0.0000E00    1.4989E-10   0.0000E00 0.0   0.0
1.1530E15     0.0000E00    1.2914E-10   0.0000E00 0.0   0.0
1.1530E15     0.0000E00    1.7756E-10   0.0000E00 0.0   0.0
5.5210E14     0.0000E00    1.2973E-09   0.0000E00 0.0   0.0
1.2970E15     0.0000E00    6.4730E-10   0.0000E00 0.0   0.0
5.5210E14     0.0000E00    1.4685E-10   0.0000E00 0.0   0.0
1.2970E15     0.0000E00    7.3422E-11   1.2972E-13 0.0   0.0
3.1240E14     0.0000E00    1.1777E-10   1.0309E-11 0.0   0.0
3.4650E14     0.0000E00    1.1989E-10   0.0000E00 0.0   0.0
4.0080E14     0.0000E00    1.3908E-10   0.0000E00 0.0   0.0
4.8940E14     0.0000E00    1.5759E-10   0.0000E00 0.0   0.0
6.2820E14     0.0000E00    1.4951E-10   0.0000E00 0.0   0.0
4.0080E14     0.0000E00    2.2004E-12   1.2024E-14 0.0   0.0
6.2820E14     0.0000E00    3.0593E-12   2.0731E-13 0.0   0.0
4.0080E14     0.0000E00    3.5832E-12   5.2104E-13 0.0   0.0
4.8940E14     0.0000E00    2.0848E-11   0.0000E00 0.0   0.0
3.4650E14     0.0000E00    6.4795E-13   1.3860E-14 0.0   0.0
4.8940E14     0.0000E00    7.6346E-13   9.7880E-15 0.0   0.0
1.2970E15     0.0000E00    2.1793E-10   0.0000E00 0.0   0.0
1.2970E15     0.0000E00    2.0755E-10   0.0000E00 0.0   0.0
1.2970E15     0.0000E00    2.0366E-10   0.0000E00 0.0   0.0
1.2970E15     0.0000E00    1.5437E-10   0.0000E00 0.0   0.0
1.2970E15     0.0000E00    6.4211E-10   0.0000E00 0.0   0.0
1.2970E15     0.0000E00    7.3032E-11   1.2972E-13 0.0   0.0
6.5170E13     0.0000E00    3.1217E-11   2.6069E-13 0.0   0.0
8.9490E13     0.0000E00    4.6087E-11   5.3694E-13 0.0   0.0
1.2970E15     0.0000E00    2.1534E-10   0.0000E00 0.0   0.0
1.2970E15     0.0000E00    6.3952E-10   0.0000E00 0.0   0.0
1.2970E15     0.0000E00    7.2773E-11   1.2972E-13 0.0   0.0
1.2970E15     0.0000E00    1.5307E-10   0.0000E00 0.0   0.0
1.2970E15     0.0000E00    2.0625E-10   0.0000E00 0.0   0.0
1.2970E15     0.0000E00    2.0107E-10   0.0000E00 0.0   0.0
1.2970E15     0.0000E00    2.0755E-10   1.2972E-12 0.0   0.0
1.2970E15     0.0000E00    1.7901E-10   0.0000E00 0.0   0.0
1.2970E15     0.0000E00    7.1087E-11   5.1888E-13 0.0   0.0
1.2970E15     0.0000E00    2.1793E-10   1.2972E-12 0.0   0.0
1.2970E15     0.0000E00    7.3292E-11   3.8916E-13 0.0   0.0
1.2970E15     0.0000E00    2.0236E-10   1.2972E-12 0.0   0.0
1.2970E15     0.0000E00    1.5177E-10   0.0000E00 0.0   0.0
3.4650E14     0.0000E00    6.4795E-13   1.3860E-14 0.0   0.0
4.8940E14     0.0000E00    7.6346E-13   9.7880E-15 0.0   0.0
4.0080E14     0.0000E00    3.5832E-12   5.2104E-13 0.0   0.0
4.8940E14     0.0000E00    2.0848E-11   0.0000E00 0.0   0.0
3.1240E14     0.0000E00    1.1777E-10   1.0934E-11 0.0   0.0
3.4650E14     0.0000E00    1.1989E-10   0.0000E00 0.0   0.0
4.0080E14     0.0000E00    1.3908E-10   0.0000E00 0.0   0.0
4.8940E14     0.0000E00    1.5759E-10   0.0000E00 0.0   0.0
6.2820E14     0.0000E00    1.4951E-10   0.0000E00 0.0   0.0
4.0080E14     0.0000E00    2.2004E-12   1.2024E-14 0.0   0.0
6.2820E14     0.0000E00    3.0593E-12   2.0731E-13 0.0   0.0
1.3570E13     0.0000E00    7.7083E-12   0.0000E00 0.0   0.0
2.5930E13     0.0000E00    1.0088E-11   0.0000E00 0.0   0.0
6.5170E13     0.0000E00    3.5584E-11   0.0000E00 0.0   0.0
8.9490E13     0.0000E00    5.3068E-11   0.0000E00 0.0   0.0
1.3860E14     0.0000E00    9.3798E-11   0.0000E00 0.0   0.0
1.8390E14     0.0000E00    1.3297E-10   0.0000E00 0.0   0.0
2.3980E14     0.0000E00    1.4126E-10   0.0000E00 0.0   0.0
1.3570E13     0.0000E00    9.7440E-12   2.3071E-13 0.0   0.0
2.5930E13     0.0000E00    1.1878E-11   1.8154E-13 0.0   0.0
6.5170E13     0.0000E00    3.4737E-11   6.5172E-13 0.0   0.0
8.9490E13     0.0000E00    4.7251E-11   9.8439E-13 0.0   0.0
1.3860E14     0.0000E00    3.8655E-11   1.3855E-12 0.0   0.0
1.8390E14     0.0000E00    4.5060E-11   2.3910E-12 0.0   0.0
2.3980E14     0.0000E00    6.0917E-11   1.9186E-12 0.0   0.0
3.3240E14     0.0000E00    1.1502E-10   3.3244E-13 0.0   0.0
3.9270E14     0.0000E00    5.0653E-11   3.9266E-13 0.0   0.0
4.4550E14     0.0000E00    1.0067E-10   2.2273E-12 0.0   0.0
4.7990E14     0.0000E00    1.0222E-10   4.7990E-13 0.0   0.0
5.4140E14     0.0000E00    1.9654E-10   4.4939E-11 0.0   0.0
6.2200E14     0.0000E00    8.2101E-11   0.0000E00 0.0   0.0
6.7490E14     0.0000E00    2.0314E-10   7.0190E-11 0.0   0.0
8.5190E14     0.0000E00    4.3874E-11   1.7038E-13 0.0   0.0
1.3570E13     0.0000E00    7.7083E-12   0.0000E00 0.0   0.0
2.5930E13     0.0000E00    1.0088E-11   0.0000E00 0.0   0.0
6.5170E13     0.0000E00    3.5584E-11   0.0000E00 0.0   0.0
8.9490E13     0.0000E00    5.3068E-11   0.0000E00 0.0   0.0
1.3860E14     0.0000E00    9.3798E-11   0.0000E00 0.0   0.0
1.8390E14     0.0000E00    1.3297E-10   0.0000E00 0.0   0.0
2.3980E14     0.0000E00    1.4126E-10   0.0000E00 0.0   0.0
1.3570E13     0.0000E00    9.7440E-12   2.3071E-13 0.0   0.0
2.5930E13     0.0000E00    1.1878E-11   1.8154E-13 0.0   0.0
6.5170E13     0.0000E00    3.4737E-11   6.5172E-13 0.0   0.0
8.9490E13     0.0000E00    4.7251E-11   9.8439E-13 0.0   0.0
1.3860E14     0.0000E00    3.8655E-11   1.3855E-12 0.0   0.0
1.8390E14     0.0000E00    4.5060E-11   2.3910E-12 0.0   0.0
2.3980E14     0.0000E00    6.0917E-11   1.9186E-12 0.0   0.0
3.3240E14     0.0000E00    1.1502E-10   3.3244E-13 0.0   0.0
3.9270E14     0.0000E00    5.0653E-11   3.9266E-13 0.0   0.0
4.4550E14     0.0000E00    1.0067E-10   2.2273E-12 0.0   0.0
4.7990E14     0.0000E00    1.0222E-10   4.7990E-13 0.0   0.0
5.4140E14     0.0000E00    1.9654E-10   4.4939E-11 0.0   0.0
6.2200E14     0.0000E00    8.2101E-11   0.0000E00 0.0   0.0
6.7490E14     0.0000E00    2.0314E-10   7.0190E-11 0.0   0.0
8.5190E14     0.0000E00    4.3874E-11   1.7038E-13 0.0   0.0
3.3240E14     0.0000E00    1.5724E-10   3.3244E-13 0.0   0.0
3.9270E14     0.0000E00    1.3979E-10   7.8532E-13 0.0   0.0
4.7990E14     0.0000E00    1.3437E-10   4.7990E-13 0.0   0.0
6.2200E14     0.0000E00    9.8895E-11   0.0000E00 0.0   0.0
8.5190E14     0.0000E00    4.2170E-11   2.5558E-13 0.0   0.0
3.3240E14     0.0000E00    2.5166E-10   2.6595E-12 0.0   0.0
3.9270E14     0.0000E00    1.7041E-09   0.0000E00 0.0   0.0
4.7990E14     0.0000E00    8.3023E-10   0.0000E00 0.0   0.0
6.2200E14     0.0000E00    8.2723E-11   0.0000E00 0.0   0.0
8.5190E14     0.0000E00    2.6750E-08   0.0000E00 0.0   0.0
3.3240E14     0.0000E00    1.1469E-10   3.3244E-13 0.0   0.0
3.9270E14     0.0000E00    5.0653E-11   3.9266E-13 0.0   0.0
4.7990E14     0.0000E00    1.0174E-10   4.7990E-13 0.0   0.0
6.2200E14     0.0000E00    8.2101E-11   0.0000E00 0.0   0.0
8.5190E14     0.0000E00    4.4044E-11   1.7038E-13 0.0   0.0
4.4550E14     0.0000E00    1.0067E-10   0.0000E00 0.0   0.0
4.4550E14     0.0000E00    1.0067E-10   0.0000E00 0.0   0.0
4.4550E14     0.0000E00    7.3501E-11   0.0000E00 0.0   0.0
4.4550E14     0.0000E00    7.3501E-11   0.0000E00 0.0   0.0
3.3240E14     0.0000E00    6.0172E-11   1.3298E-12 0.0   0.0
3.9270E14     0.0000E00    9.6202E-11   3.9266E-13 0.0   0.0
4.7990E14     0.0000E00    4.8470E-11   9.5980E-13 0.0   0.0
6.2200E14     0.0000E00    8.1479E-11   1.8659E-12 0.0   0.0
8.5190E14     0.0000E00    8.1444E-11   1.5335E-12 0.0   0.0
5.4140E14     0.0000E00    7.8507E-11   0.0000E00 0.0   0.0
1.3690E14     0.0000E00    8.1723E-11   2.4640E-12 0.0   0.0
1.3690E14     0.0000E00    7.9396E-11   2.1902E-12 0.0   0.0
1.3690E14     0.0000E00    8.9663E-11   2.4640E-12 0.0   0.0
1.3690E14     0.0000E00    7.9396E-11   2.1902E-12 0.0   0.0
1.3690E14     0.0000E00    8.1723E-11   2.4640E-12 0.0   0.0
1.8390E14     0.0000E00    1.1569E-10   2.9427E-12 0.0   0.0
1.8390E14     0.0000E00    1.1716E-10   3.1266E-12 0.0   0.0
1.8390E14     0.0000E00    1.3297E-10   3.3106E-12 0.0   0.0
1.8390E14     0.0000E00    1.1605E-10   2.9427E-12 0.0   0.0
1.8390E14     0.0000E00    1.2047E-10   3.4945E-12 0.0   0.0
2.3980E14     0.0000E00    1.0864E-10   1.4390E-12 0.0   0.0
2.3980E14     0.0000E00    1.1488E-10   1.6788E-12 0.0   0.0
2.3980E14     0.0000E00    1.4126E-10   2.6381E-12 0.0   0.0
2.3980E14     0.0000E00    1.2303E-10   2.1585E-12 0.0   0.0
2.3980E14     0.0000E00    1.2759E-10   2.3983E-12 0.0   0.0
1.4000E09     0.0000E00    8.0360E-15   0.0000E00 0.0   0.0
5.0000E09     0.0000E00    2.0000E-14   0.0000E00 0.0   0.0
1.8180E14     0.0000E00    1.2014E-10   3.4533E-12 0.0   0.0
2.4200E14     0.0000E00    1.2606E-10   2.4196E-12 0.0   0.0
1.3690E14     0.0000E00    8.1723E-11   2.4640E-12 0.0   0.0
1.8390E14     0.0000E00    1.2047E-10   3.4945E-12 0.0   0.0
2.3980E14     0.0000E00    1.2759E-10   2.3983E-12 0.0   0.0
1.3690E14     0.0000E00    8.1723E-11   2.4640E-12 0.0   0.0
1.8390E14     0.0000E00    1.2047E-10   3.4945E-12 0.0   0.0
2.3980E14     0.0000E00    1.2759E-10   2.3983E-12 0.0   0.0
3.6500E08     0.0000E00    2.9054E-15   0.0000E00 0.0   0.0
1.4000E09     0.0000E00    1.1690E-14   0.0000E00 0.0   0.0
4.8500E09     0.0000E00    3.4532E-14   0.0000E00 0.0   0.0
1.5100E08     0.0000E00    2.5368E-15   0.0000E00 0.0   0.0
3.6500E08     0.0000E00    2.8324E-15   6.9350E-17 0.0   0.0
1.3860E14     0.0000E00    3.8655E-11   0.0000E00 0.0   0.0
3.9270E14     0.0000E00    5.1046E-11   0.0000E00 0.0   0.0
1.4990E09     0.0000E00    2.5483E-16   0.0000E00 0.0   0.0
1.3690E14     0.0000E00    3.6960E-11   1.3689E-12 0.0   0.0
1.3860E14     0.0000E00    3.8655E-11   1.3855E-12 0.0   0.0
1.8180E14     0.0000E00    4.4892E-11   2.5445E-12 0.0   0.0
1.8390E14     0.0000E00    4.5060E-11   2.3910E-12 0.0   0.0
2.3980E14     0.0000E00    6.0917E-11   1.9186E-12 0.0   0.0
2.4200E14     0.0000E00    6.0248E-11   0.0000E00 0.0   0.0
2.4200E14     0.0000E00    6.0248E-11   2.1776E-12 0.0   0.0
1.3860E14     0.0000E00    8.6040E-11   0.0000E00 0.0   0.0
1.3860E14     0.0000E00    8.6040E-11   0.0000E00 0.0   0.0
2.4200E14     0.0000E00    1.3985E-10   0.0000E00 0.0   0.0
5.0000E09     0.0000E00    3.4600E-14   0.0000E00 0.0   0.0
5.0000E09     0.0000E00    3.2650E-14   0.0000E00 0.0   0.0
5.0000E09     0.0000E00    3.0250E-14   0.0000E00 0.0   0.0
5.0000E09     0.0000E00    2.9150E-14   0.0000E00 0.0   0.0
8.0000E09     0.0000E00    3.0400E-14   0.0000E00 0.0   0.0
5.0000E09     0.0000E00    3.6150E-14   0.0000E00 0.0   0.0
1.5000E10     0.0000E00    1.6500E-14   0.0000E00 0.0   0.0
1.5000E10     0.0000E00    6.6000E-14   0.0000E00 0.0   0.0
1.5000E10     0.0000E00    4.9500E-14   0.0000E00 0.0   0.0
5.0000E09     0.0000E00    2.9000E-14   0.0000E00 0.0   0.0
4.3000E10     0.0000E00    1.2040E-13   3.0100E-14 0.0   0.0
1.8180E14     0.0000E00    4.4892E-11   2.3628E-12 0.0   0.0
2.4200E14     0.0000E00    6.0248E-11   1.9357E-12 0.0   0.0
4.4550E14     0.0000E00    1.6393E-10   9.8001E-12 0.0   0.0
4.4550E14     0.0000E00    9.0874E-11   5.7910E-12 0.0   0.0
4.4550E14     0.0000E00    1.0067E-10   2.2273E-12 0.0   0.0
1.3690E14     0.0000E00    8.1723E-11   0.0000E00 0.0   0.0
4.4550E14     0.0000E00    1.0067E-10   0.0000E00 0.0   0.0
1.4000E09     0.0000E00    1.0766E-14   0.0000E00 0.0   0.0
4.8000E09     0.0000E00    3.4704E-14   0.0000E00 0.0   0.0
2.4200E14     0.0000E00    6.0490E-11   0.0000E00 0.0   0.0
1.5000E10     0.0000E00    6.6900E-14   3.0000E-16 0.0   0.0
1.3690E14     0.0000E00    8.9389E-11   0.0000E00 0.0   0.0
5.4140E14     0.0000E00    1.2561E-10   0.0000E00 0.0   0.0
6.7490E14     0.0000E00    1.1473E-10   0.0000E00 0.0   0.0
1.3690E14     0.0000E00    8.9389E-11   0.0000E00 0.0   0.0
5.4140E14     0.0000E00    1.2561E-10   0.0000E00 0.0   0.0
6.7490E14     0.0000E00    7.1539E-11   0.0000E00 0.0   0.0
4.7290E14     0.0000E00    6.4314E-11   0.0000E00 0.0   0.0
6.3480E14     0.0000E00    8.6968E-11   0.0000E00 0.0   0.0
4.0000E09     0.0000E00    8.7200E-17   2.4000E-17 0.0   0.0
1.2660E13     0.0000E00    1.0650E-11   6.3315E-14 0.0   0.0
3.8080E13     0.0000E00    2.1860E-11   1.5233E-13 0.0   0.0
3.7000E10     0.0000E00    1.8130E-13   5.9200E-14 0.0   0.0
1.3570E13     0.0000E00    9.7440E-12   2.3071E-13 0.0   0.0
2.5930E13     0.0000E00    1.1878E-11   1.8154E-13 0.0   0.0
6.5170E13     0.0000E00    3.4737E-11   6.5172E-13 0.0   0.0
8.9490E13     0.0000E00    4.7251E-11   9.8439E-13 0.0   0.0
2.4000E09     0.0000E00    6.2880E-15   0.0000E00 0.0   0.0
2.4000E09     0.0000E00    7.4400E-15   0.0000E00 0.0   0.0
2.4000E09     0.0000E00    9.9360E-15   0.0000E00 0.0   0.0
5.0000E09     0.0000E00    1.7950E-14   0.0000E00 0.0   0.0
5.0000E09     0.0000E00    1.8150E-14   0.0000E00 0.0   0.0
5.0000E09     0.0000E00    2.1050E-14   0.0000E00 0.0   0.0
8.8000E09     0.0000E00    2.2792E-14   0.0000E00 0.0   0.0
8.8000E09     0.0000E00    2.4904E-14   0.0000E00 0.0   0.0
8.8000E09     0.0000E00    3.2560E-14   0.0000E00 0.0   0.0
1.5500E10     0.0000E00    4.2935E-14   0.0000E00 0.0   0.0
1.5500E10     0.0000E00    4.8670E-14   0.0000E00 0.0   0.0
1.5500E10     0.0000E00    5.6885E-14   0.0000E00 0.0   0.0
1.0200E08     0.0000E00    6.3240E-16   0.0000E00 0.0   0.0
1.5100E08     0.0000E00    2.5368E-15   0.0000E00 0.0   0.0
4.6340E14     0.0000E00    9.8711E-11   0.0000E00 0.0   0.0
6.2200E14     0.0000E00    6.8418E-11   0.0000E00 0.0   0.0
3.9270E14     0.0000E00    1.3939E-10   3.9266E-13 0.0   0.0
3.9270E14     0.0000E00    1.0798E-10   3.9266E-13 0.0   0.0
4.7990E14     0.0000E00    1.0174E-10   4.7990E-13 0.0   0.0
6.2200E14     0.0000E00    6.8418E-11   0.0000E00 0.0   0.0
8.5190E14     0.0000E00    3.7996E-11   1.7038E-13 0.0   0.0
3.9270E14     0.0000E00    4.1622E-12   3.9266E-14 0.0   0.0
3.9270E14     0.0000E00    5.6543E-12   7.8532E-14 0.0   0.0
4.7990E14     0.0000E00    4.3575E-12   5.7588E-14 0.0   0.0
6.2200E14     0.0000E00    6.0519E-12   2.4879E-14 0.0   0.0
8.5190E14     0.0000E00    3.5184E-13   7.8377E-14 0.0   0.0
3.9270E14     0.0000E00    1.3939E-10   3.9266E-13 0.0   0.0
3.9270E14     0.0000E00    1.0798E-10   3.9266E-13 0.0   0.0
4.7990E14     0.0000E00    1.0174E-10   4.7990E-13 0.0   0.0
6.2200E14     0.0000E00    6.8418E-11   0.0000E00 0.0   0.0
8.5190E14     0.0000E00    3.7996E-11   1.7038E-13 0.0   0.0
3.9270E14     0.0000E00    4.1622E-12   3.9266E-14 0.0   0.0
3.9270E14     0.0000E00    5.6543E-12   7.8532E-14 0.0   0.0
4.7990E14     0.0000E00    4.3575E-12   5.7588E-14 0.0   0.0
6.2200E14     0.0000E00    6.0519E-12   2.4879E-14 0.0   0.0
8.5190E14     0.0000E00    3.5184E-13   7.8377E-14 0.0   0.0
3.9270E14     0.0000E00    1.3939E-10   3.9266E-13 0.0   0.0
3.9270E14     0.0000E00    1.0798E-10   3.9266E-13 0.0   0.0
4.7990E14     0.0000E00    1.0174E-10   4.7990E-13 0.0   0.0
6.2200E14     0.0000E00    6.8418E-11   0.0000E00 0.0   0.0
8.5190E14     0.0000E00    3.7996E-11   1.7038E-13 0.0   0.0
3.9270E14     0.0000E00    1.3939E-10   3.9266E-13 0.0   0.0
3.9270E14     0.0000E00    1.0798E-10   3.9266E-13 0.0   0.0
4.7990E14     0.0000E00    1.0174E-10   4.7990E-13 0.0   0.0
6.2200E14     0.0000E00    6.8418E-11   0.0000E00 0.0   0.0
8.5190E14     0.0000E00    3.7996E-11   1.7038E-13 0.0   0.0
3.9270E14     0.0000E00    1.3939E-10   3.9266E-13 0.0   0.0
3.9270E14     0.0000E00    1.0798E-10   3.9266E-13 0.0   0.0
4.7990E14     0.0000E00    1.0174E-10   4.7990E-13 0.0   0.0
6.2200E14     0.0000E00    6.8418E-11   0.0000E00 0.0   0.0
8.5190E14     0.0000E00    3.7996E-11   1.7038E-13 0.0   0.0
3.9270E14     0.0000E00    1.3939E-10   3.9266E-13 0.0   0.0
3.9270E14     0.0000E00    1.0798E-10   3.9266E-13 0.0   0.0
4.7990E14     0.0000E00    1.0174E-10   4.7990E-13 0.0   0.0
6.2200E14     0.0000E00    6.8418E-11   0.0000E00 0.0   0.0
8.5190E14     0.0000E00    3.7996E-11   1.7038E-13 0.0   0.0
3.9270E14     0.0000E00    4.1622E-12   3.9266E-14 0.0   0.0
3.9270E14     0.0000E00    5.6543E-12   7.8532E-14 0.0   0.0
4.7990E14     0.0000E00    4.3575E-12   5.7588E-14 0.0   0.0
6.2200E14     0.0000E00    6.0519E-12   2.4879E-14 0.0   0.0
8.5190E14     0.0000E00    3.5184E-13   7.8377E-14 0.0   0.0
3.9270E14     0.0000E00    1.3939E-10   3.9266E-13 0.0   0.0
3.9270E14     0.0000E00    1.0798E-10   3.9266E-13 0.0   0.0
4.7990E14     0.0000E00    1.0174E-10   4.7990E-13 0.0   0.0
6.2200E14     0.0000E00    6.8418E-11   0.0000E00 0.0   0.0
8.5190E14     0.0000E00    3.7996E-11   1.7038E-13 0.0   0.0
3.9270E14     0.0000E00    4.1622E-12   3.9266E-14 0.0   0.0
3.9270E14     0.0000E00    5.6543E-12   7.8532E-14 0.0   0.0
4.7990E14     0.0000E00    4.3575E-12   5.7588E-14 0.0   0.0
6.2200E14     0.0000E00    6.0519E-12   2.4879E-14 0.0   0.0
8.5190E14     0.0000E00    3.5184E-13   7.8377E-14 0.0   0.0
3.9270E14     0.0000E00    1.3939E-10   3.9266E-13 0.0   0.0
3.9270E14     0.0000E00    1.0798E-10   3.9266E-13 0.0   0.0
4.7990E14     0.0000E00    1.0174E-10   4.7990E-13 0.0   0.0
6.2200E14     0.0000E00    6.8418E-11   0.0000E00 0.0   0.0
8.5190E14     0.0000E00    3.7996E-11   1.7038E-13 0.0   0.0
3.9270E14     0.0000E00    1.3939E-10   3.9266E-13 0.0   0.0
3.9270E14     0.0000E00    1.0798E-10   3.9266E-13 0.0   0.0
4.7990E14     0.0000E00    1.0174E-10   4.7990E-13 0.0   0.0
6.2200E14     0.0000E00    6.8418E-11   0.0000E00 0.0   0.0
8.5190E14     0.0000E00    3.7996E-11   1.7038E-13 0.0   0.0
3.9270E14     0.0000E00    1.3939E-10   3.9266E-13 0.0   0.0
3.9270E14     0.0000E00    1.0798E-10   3.9266E-13 0.0   0.0
4.7990E14     0.0000E00    1.0174E-10   4.7990E-13 0.0   0.0
6.2200E14     0.0000E00    6.8418E-11   0.0000E00 0.0   0.0
8.5190E14     0.0000E00    3.7996E-11   1.7038E-13 0.0   0.0
3.9270E14     0.0000E00    1.3939E-10   3.9266E-13 0.0   0.0
3.9270E14     0.0000E00    1.0798E-10   3.9266E-13 0.0   0.0
4.7990E14     0.0000E00    1.0174E-10   4.7990E-13 0.0   0.0
6.2200E14     0.0000E00    6.8418E-11   0.0000E00 0.0   0.0
8.5190E14     0.0000E00    3.7996E-11   1.7038E-13 0.0   0.0
1.5000E09     0.0000E00    9.0000E-15   0.0000E00 0.0   0.0
3.0000E09     0.0000E00    1.2600E-14   0.0000E00 0.0   0.0
6.0000E09     0.0000E00    3.6000E-14   0.0000E00 0.0   0.0
1.3690E14     0.0000E00    3.6960E-11   0.0000E00 0.0   0.0
2.3980E14     0.0000E00    6.1157E-11   0.0000E00 0.0   0.0
1.4000E09     0.0000E00    1.0738E-14   0.0000E00 0.0   0.0
2.3000E09     0.0000E00    6.6700E-15   0.0000E00 0.0   0.0
2.3000E09     0.0000E00    7.1300E-15   0.0000E00 0.0   0.0
2.3000E09     0.0000E00    1.0120E-14   0.0000E00 0.0   0.0
2.3000E09     0.0000E00    7.5900E-15   0.0000E00 0.0   0.0
8.6000E09     0.0000E00    2.4940E-14   0.0000E00 0.0   0.0
8.6000E09     0.0000E00    2.5800E-14   0.0000E00 0.0   0.0
8.6000E09     0.0000E00    3.5260E-14   0.0000E00 0.0   0.0
8.6000E09     0.0000E00    2.6660E-14   0.0000E00 0.0   0.0
5.0000E09     0.0000E00    3.1950E-14   0.0000E00 0.0   0.0
1.5000E09     0.0000E00    9.0000E-15   0.0000E00 0.0   0.0
3.0000E09     0.0000E00    1.2660E-14   0.0000E00 0.0   0.0
6.0000E09     0.0000E00    3.6000E-14   0.0000E00 0.0   0.0
1.2000E10     0.0000E00    4.4880E-14   0.0000E00 0.0   0.0
1.3690E14     0.0000E00    3.6960E-11   0.0000E00 0.0   0.0
2.3980E14     0.0000E00    6.0917E-11   0.0000E00 0.0   0.0
1.5000E09     0.0000E00    9.0000E-15   0.0000E00 0.0   0.0
3.0000E09     0.0000E00    1.2660E-14   0.0000E00 0.0   0.0
6.0000E09     0.0000E00    3.6000E-14   0.0000E00 0.0   0.0
1.2000E10     0.0000E00    4.4880E-14   0.0000E00 0.0   0.0
1.3690E14     0.0000E00    3.6960E-11   0.0000E00 0.0   0.0
2.3980E14     0.0000E00    6.0917E-11   0.0000E00 0.0   0.0
4.4550E14     0.0000E00    1.4255E-10   0.0000E00 0.0   0.0
8.4000E09     0.0000E00    3.2004E-14   0.0000E00 0.0   0.0
1.3690E14     0.0000E00    3.6960E-11   1.3689E-12 0.0   0.0
1.8390E14     0.0000E00    4.5060E-11   2.3910E-12 0.0   0.0
2.3980E14     0.0000E00    6.0917E-11   1.9186E-12 0.0   0.0
3.9270E14     0.0000E00    3.5654E-11   0.0000E00 0.0   0.0
3.9270E14     0.0000E00    1.0327E-11   0.0000E00 0.0   0.0
3.9270E14     0.0000E00    1.3547E-10   0.0000E00 0.0   0.0
3.9270E14     0.0000E00    5.0653E-11   0.0000E00 0.0   0.0
4.4550E14     0.0000E00    1.6393E-10   0.0000E00 0.0   0.0
4.4550E14     0.0000E00    9.0874E-11   0.0000E00 0.0   0.0
4.4550E14     0.0000E00    1.0067E-10   0.0000E00 0.0   0.0
4.7990E14     0.0000E00    2.4571E-11   0.0000E00 0.0   0.0
4.7990E14     0.0000E00    1.0174E-10   0.0000E00 0.0   0.0
6.2200E14     0.0000E00    3.9620E-11   0.0000E00 0.0   0.0
6.2200E14     0.0000E00    8.2101E-11   0.0000E00 0.0   0.0
8.5190E14     0.0000E00    3.8081E-11   0.0000E00 0.0   0.0
8.5190E14     0.0000E00    4.4044E-11   0.0000E00 0.0   0.0
1.8180E14     0.0000E00    4.4892E-11   2.3628E-12 0.0   0.0
2.4200E14     0.0000E00    6.0248E-11   1.9357E-12 0.0   0.0
3.9270E14     0.0000E00    3.5654E-11   0.0000E00 0.0   0.0
3.9270E14     0.0000E00    1.0327E-11   0.0000E00 0.0   0.0
3.9270E14     0.0000E00    1.3547E-10   0.0000E00 0.0   0.0
3.9270E14     0.0000E00    5.0653E-11   0.0000E00 0.0   0.0
4.4550E14     0.0000E00    1.6393E-10   0.0000E00 0.0   0.0
4.4550E14     0.0000E00    9.0874E-11   0.0000E00 0.0   0.0
4.4550E14     0.0000E00    1.0067E-10   0.0000E00 0.0   0.0
4.7990E14     0.0000E00    2.4571E-11   0.0000E00 0.0   0.0
4.7990E14     0.0000E00    1.0174E-10   0.0000E00 0.0   0.0
6.2200E14     0.0000E00    3.9620E-11   0.0000E00 0.0   0.0
6.2200E14     0.0000E00    8.2101E-11   0.0000E00 0.0   0.0
8.5190E14     0.0000E00    3.8081E-11   0.0000E00 0.0   0.0
8.5190E14     0.0000E00    4.4044E-11   0.0000E00 0.0   0.0
4.4550E14     0.0000E00    7.3501E-11   0.0000E00 0.0   0.0
1.5000E09     0.0000E00    4.3350E-17   0.0000E00 0.0   0.0
3.0000E09     0.0000E00    8.3100E-17   0.0000E00 0.0   0.0
1.3690E14     0.0000E00    8.1723E-11   0.0000E00 0.0   0.0
1.8390E14     0.0000E00    1.2047E-10   0.0000E00 0.0   0.0
2.3980E14     0.0000E00    1.2759E-10   0.0000E00 0.0   0.0
4.4550E14     0.0000E00    1.2250E-10   0.0000E00 0.0   0.0
4.4550E14     0.0000E00    6.5037E-11   0.0000E00 0.0   0.0
4.4550E14     0.0000E00    7.3501E-11   0.0000E00 0.0   0.0
1.5000E10     0.0000E00    7.1850E-12   0.0000E00 0.0   0.0
4.4550E14     0.0000E00    7.0383E-11   0.0000E00 0.0   0.0
3.9270E14     0.0000E00    7.4213E-11   1.5706E-12 0.0   0.0
3.9270E14     0.0000E00    1.4803E-11   2.7486E-13 0.0   0.0
4.7990E14     0.0000E00    5.0389E-11   9.5980E-13 0.0   0.0
6.2200E14     0.0000E00    8.4589E-11   1.8659E-12 0.0   0.0
8.5190E14     0.0000E00    8.0166E-11   1.7890E-12 0.0   0.0
3.9270E14     0.0000E00    7.4213E-11   1.5706E-12 0.0   0.0
3.9270E14     0.0000E00    1.4803E-11   2.7486E-13 0.0   0.0
4.7990E14     0.0000E00    5.0389E-11   9.5980E-13 0.0   0.0
6.2200E14     0.0000E00    8.4589E-11   1.8659E-12 0.0   0.0
8.5190E14     0.0000E00    8.0166E-11   1.7890E-12 0.0   0.0
8.0000E09     0.0000E00    2.9600E-14   0.0000E00 0.0   0.0
4.4550E14     0.0000E00    7.3501E-11   0.0000E00 0.0   0.0
5.0000E09     0.0000E00    3.4000E-14   0.0000E00 0.0   0.0
8.0000E09     0.0000E00    4.5600E-14   0.0000E00 0.0   0.0
2.4000E10     0.0000E00    1.0560E-13   0.0000E00 0.0   0.0
6.5170E13     0.0000E00    1.6032E-12   0.0000E00 0.0   0.0
8.9490E13     0.0000E00    3.9376E-12   0.0000E00 0.0   0.0
4.4550E14     0.0000E00    7.3501E-11   0.0000E00 0.0   0.0
5.0000E09     0.0000E00    3.6250E-14   0.0000E00 0.0   0.0
4.0800E08     0.0000E00    4.6512E-15   0.0000E00 0.0   0.0
8.6000E10     0.0000E00    4.9880E-13   0.0000E00 0.0   0.0
2.4000E10     0.0000E00    9.3600E-14   0.0000E00 0.0   0.0
2.4000E10     0.0000E00    9.3600E-14   0.0000E00 0.0   0.0
7.4000E07     0.0000E00    1.0360E-15   5.1800E-17 0.0   0.0
3.3000E08     0.0000E00    4.6530E-15   1.3200E-16 0.0   0.0
5.0000E09     0.0000E00    3.6150E-14   3.2000E-15 0.0   0.0
3.1240E14     0.0000E00    6.5916E-11   0.0000E00 0.0   0.0
3.4650E14     0.0000E00    7.5191E-11   0.0000E00 0.0   0.0
4.0080E14     0.0000E00    9.8998E-11   0.0000E00 0.0   0.0
4.8940E14     0.0000E00    1.3703E-10   0.0000E00 0.0   0.0
6.2820E14     0.0000E00    1.6082E-10   0.0000E00 0.0   0.0
2.3000E09     0.0000E00    8.3030E-15   0.0000E00 0.0   0.0
2.3000E09     0.0000E00    8.2340E-15   0.0000E00 0.0   0.0
8.7000E09     0.0000E00    2.8362E-14   0.0000E00 0.0   0.0
8.7000E09     0.0000E00    2.9319E-14   0.0000E00 0.0   0.0
2.3000E09     0.0000E00    8.9240E-15   0.0000E00 0.0   0.0
2.3000E09     0.0000E00    8.8320E-15   0.0000E00 0.0   0.0
8.7000E09     0.0000E00    2.9754E-14   0.0000E00 0.0   0.0
8.7000E09     0.0000E00    3.0798E-14   0.0000E00 0.0   0.0
1.5100E08     0.0000E00    2.2197E-15   0.0000E00 0.0   0.0
1.5100E08     0.0000E00    1.8120E-15   0.0000E00 0.0   0.0
1.3860E14     0.0000E00    3.8655E-11   0.0000E00 0.0   0.0
1.8180E14     0.0000E00    4.4892E-11   0.0000E00 0.0   0.0
2.4200E14     0.0000E00    6.0248E-11   0.0000E00 0.0   0.0
2.4980E13     0.0000E00    2.2485E-11   0.0000E00 0.0   0.0
1.3690E14     0.0000E00    7.6385E-11   0.0000E00 0.0   0.0
5.0000E09     0.0000E00    3.6150E-14   0.0000E00 0.0   0.0
1.5000E10     0.0000E00    6.8250E-14   3.0000E-16 0.0   0.0
2.3000E09     0.0000E00    1.5640E-14   7.8200E-16 0.0   0.0
4.8000E09     0.0000E00    2.5440E-14   9.1200E-16 0.0   0.0
7.7000E09     0.0000E00    3.6960E-14   1.4630E-15 0.0   0.0
1.1200E10     0.0000E00    4.5920E-14   1.4560E-15 0.0   0.0
2.1700E10     0.0000E00    6.2930E-14   2.1700E-15 0.0   0.0
1.4000E09     0.0000E00    7.2800E-15   0.0000E00 0.0   0.0
5.4140E14     0.0000E00    1.5701E-10   0.0000E00 0.0   0.0
6.7490E14     0.0000E00    1.5523E-10   0.0000E00 0.0   0.0
1.8180E14     0.0000E00    4.4892E-11   2.3628E-12 0.0   0.0
2.4200E14     0.0000E00    6.0248E-11   1.9357E-12 0.0   0.0
4.4550E14     0.0000E00    1.4255E-10   0.0000E00 0.0   0.0
1.8180E14     0.0000E00    4.4892E-11   2.3628E-12 0.0   0.0
2.4200E14     0.0000E00    6.0248E-11   1.9357E-12 0.0   0.0
4.4550E14     0.0000E00    1.4255E-10   0.0000E00 0.0   0.0
5.0000E09     0.0000E00    3.1500E-14   0.0000E00 0.0   0.0
1.5000E10     0.0000E00    6.9000E-14   0.0000E00 0.0   0.0
1.3570E13     0.0000E00    9.7168E-12   0.0000E00 0.0   0.0
2.5930E13     0.0000E00    1.1852E-11   0.0000E00 0.0   0.0
6.5170E13     0.0000E00    2.8154E-11   0.0000E00 0.0   0.0
8.9490E13     0.0000E00    3.9734E-11   0.0000E00 0.0   0.0
1.3860E14     0.0000E00    3.8655E-11   0.0000E00 0.0   0.0
1.8180E14     0.0000E00    4.4892E-11   0.0000E00 0.0   0.0
2.4200E14     0.0000E00    6.0248E-11   0.0000E00 0.0   0.0
1.2660E13     0.0000E00    1.0054E-11   0.0000E00 0.0   0.0
1.3570E13     0.0000E00    9.1197E-12   0.0000E00 0.0   0.0
2.5930E13     0.0000E00    1.2630E-11   0.0000E00 0.0   0.0
6.5170E13     0.0000E00    3.3759E-11   0.0000E00 0.0   0.0
6.6620E13     0.0000E00    2.1718E-11   0.0000E00 0.0   0.0
8.3280E13     0.0000E00    2.7897E-11   0.0000E00 0.0   0.0
8.9490E13     0.0000E00    4.7430E-11   0.0000E00 0.0   0.0
1.8180E14     0.0000E00    6.4521E-11   0.0000E00 0.0   0.0
2.4200E14     0.0000E00    7.1862E-11   0.0000E00 0.0   0.0
3.3240E14     0.0000E00    9.4081E-11   0.0000E00 0.0   0.0
3.9270E14     0.0000E00    5.9292E-11   0.0000E00 0.0   0.0
4.7990E14     0.0000E00    8.4462E-11   0.0000E00 0.0   0.0
6.2200E14     0.0000E00    9.8273E-11   0.0000E00 0.0   0.0
8.5190E14     0.0000E00    9.9675E-11   0.0000E00 0.0   0.0
8.6520E14     0.0000E00    4.0837E-11   0.0000E00 0.0   0.0
1.1590E15     0.0000E00    5.4357E-11   0.0000E00 0.0   0.0
1.3460E15     0.0000E00    1.4133E-10   0.0000E00 0.0   0.0
1.2660E13     0.0000E00    1.2156E-11   0.0000E00 0.0   0.0
1.3570E13     0.0000E00    1.2852E-11   0.0000E00 0.0   0.0
2.5930E13     0.0000E00    1.9061E-11   0.0000E00 0.0   0.0
3.7470E13     0.0000E00    2.3384E-11   0.0000E00 0.0   0.0
5.1690E13     0.0000E00    2.8842E-11   0.0000E00 0.0   0.0
6.5170E13     0.0000E00    3.3694E-11   0.0000E00 0.0   0.0
6.6620E13     0.0000E00    3.4110E-11   0.0000E00 0.0   0.0
8.3280E13     0.0000E00    3.9223E-11   0.0000E00 0.0   0.0
8.9490E13     0.0000E00    4.1344E-11   0.0000E00 0.0   0.0
1.8180E14     0.0000E00    6.3976E-11   0.0000E00 0.0   0.0
2.4200E14     0.0000E00    7.5008E-11   0.0000E00 0.0   0.0
3.3240E14     0.0000E00    8.7764E-11   0.0000E00 0.0   0.0
3.9270E14     0.0000E00    9.3846E-11   0.0000E00 0.0   0.0
4.7990E14     0.0000E00    1.0222E-10   0.0000E00 0.0   0.0
4.9940E14     0.0000E00    7.9408E-11   0.0000E00 0.0   0.0
5.4830E14     0.0000E00    1.0856E-10   0.0000E00 0.0   0.0
6.2200E14     0.0000E00    1.1320E-10   0.0000E00 0.0   0.0
6.8260E14     0.0000E00    1.1877E-10   0.0000E00 0.0   0.0
8.5190E14     0.0000E00    1.2949E-10   0.0000E00 0.0   0.0
8.6520E14     0.0000E00    1.2891E-10   0.0000E00 0.0   0.0
1.1590E15     0.0000E00    1.4256E-10   0.0000E00 0.0   0.0
1.2970E15     0.0000E00    1.4782E-10   0.0000E00 0.0   0.0
1.3460E15     0.0000E00    1.5210E-10   0.0000E00 0.0   0.0
1.4770E15     0.0000E00    1.5656E-10   0.0000E00 0.0   0.0
1.9610E15     0.0000E00    1.7333E-10   0.0000E00 0.0   0.0
1.4000E09     0.0000E00    1.0766E-14   0.0000E00 0.0   0.0
1.8180E14     0.0000E00    1.3268E-10   3.2715E-12 0.0   0.0
2.4200E14     0.0000E00    1.3961E-10   2.6616E-12 0.0   0.0
1.4990E09     0.0000E00    8.5443E-15   0.0000E00 0.0   0.0
5.0000E09     0.0000E00    2.0000E-14   0.0000E00 0.0   0.0
1.3690E14     0.0000E00    3.6960E-11   0.0000E00 0.0   0.0
1.8390E14     0.0000E00    4.5060E-11   0.0000E00 0.0   0.0
2.3980E14     0.0000E00    6.0917E-11   0.0000E00 0.0   0.0
6.7490E14     0.0000E00    1.0326E-10   0.0000E00 0.0   0.0
1.4000E09     0.0000E00    8.0360E-15   0.0000E00 0.0   0.0
5.0000E09     0.0000E00    2.0000E-14   0.0000E00 0.0   0.0
1.3570E13     0.0000E00    9.7168E-12   2.7142E-13 0.0   0.0
2.5930E13     0.0000E00    1.1800E-11   2.0747E-13 0.0   0.0
6.5170E13     0.0000E00    2.8154E-11   5.2138E-13 0.0   0.0
8.9490E13     0.0000E00    3.9644E-11   7.1592E-13 0.0   0.0
1.8180E14     0.0000E00    1.3268E-10   0.0000E00 0.0   0.0
1.8180E14     0.0000E00    4.4892E-11   0.0000E00 0.0   0.0
2.4200E14     0.0000E00    1.3961E-10   0.0000E00 0.0   0.0
2.4200E14     0.0000E00    6.0248E-11   0.0000E00 0.0   0.0
3.9270E14     0.0000E00    1.3625E-10   0.0000E00 0.0   0.0
3.9270E14     0.0000E00    5.1046E-11   0.0000E00 0.0   0.0
4.7990E14     0.0000E00    1.0270E-10   0.0000E00 0.0   0.0
5.4140E14     0.0000E00    1.3644E-10   0.0000E00 0.0   0.0
6.2200E14     0.0000E00    8.2101E-11   0.0000E00 0.0   0.0
8.5190E14     0.0000E00    4.4470E-11   0.0000E00 0.0   0.0
1.3860E14     0.0000E00    3.8655E-11   1.3855E-12 0.0   0.0
1.8180E14     0.0000E00    4.4892E-11   2.3628E-12 0.0   0.0
2.4200E14     0.0000E00    6.0248E-11   1.9357E-12 0.0   0.0
5.0000E09     0.0000E00    3.6000E-14   0.0000E00 0.0   0.0
4.8000E09     0.0000E00    2.7984E-14   9.6000E-16 0.0   0.0
1.3570E13     0.0000E00    9.7440E-12   0.0000E00 0.0   0.0
2.5930E13     0.0000E00    1.1878E-11   0.0000E00 0.0   0.0
6.5170E13     0.0000E00    3.4737E-11   0.0000E00 0.0   0.0
8.9490E13     0.0000E00    4.7251E-11   0.0000E00 0.0   0.0
1.8180E14     0.0000E00    4.4892E-11   0.0000E00 0.0   0.0
2.4200E14     0.0000E00    6.0248E-11   0.0000E00 0.0   0.0
3.3240E14     0.0000E00    1.1469E-10   0.0000E00 0.0   0.0
3.9270E14     0.0000E00    5.1046E-11   0.0000E00 0.0   0.0
4.7990E14     0.0000E00    1.0222E-10   0.0000E00 0.0   0.0
6.2200E14     0.0000E00    8.2101E-11   0.0000E00 0.0   0.0
8.5190E14     0.0000E00    4.4555E-11   0.0000E00 0.0   0.0
# NED (id = 10)
#   frequency \gn (Hz)    Bin   Nufnu (erg cm^-2 s^-1)  Nufnu (erg cm^-2 s^-1)_error    TStart    TStop
8.4600E16     0.0000E00    7.8400E-11   0.0000E00 0.0   0.0
3.7500E16     0.0000E00    1.7800E-10   0.0000E00 0.0   0.0
2.9100E15     0.0000E00    9.9000E-11   0.0000E00 0.0   0.0
2.9100E15     0.0000E00    9.9200E-11   0.0000E00 0.0   0.0
2.4700E15     0.0000E00    1.2700E-14   0.0000E00 0.0   0.0
8.3600E14     0.0000E00    8.1400E-11   0.0000E00 0.0   0.0
8.1900E14     0.0000E00    6.4100E-11   0.0000E00 0.0   0.0
8.1900E14     0.0000E00    6.4100E-11   0.0000E00 0.0   0.0
8.1900E14     0.0000E00    1.3900E-10   0.0000E00 0.0   0.0
8.1900E14     0.0000E00    1.1200E-10   0.0000E00 0.0   0.0
7.4000E14     0.0000E00    1.0800E-08   0.0000E00 0.0   0.0
7.0200E14     0.0000E00    1.4700E-10   0.0000E00 0.0   0.0
7.0000E14     0.0000E00    3.2100E-11   0.0000E00 0.0   0.0
7.0000E14     0.0000E00    3.2100E-11   0.0000E00 0.0   0.0
6.8100E14     0.0000E00    1.6700E-10   0.0000E00 0.0   0.0
6.8100E14     0.0000E00    1.4400E-10   0.0000E00 0.0   0.0
6.8100E14     0.0000E00    1.3400E-10   0.0000E00 0.0   0.0
6.8100E14     0.0000E00    1.1500E-10   0.0000E00 0.0   0.0
6.8100E14     0.0000E00    1.6200E-10   0.0000E00 0.0   0.0
6.8100E14     0.0000E00    1.3900E-10   0.0000E00 0.0   0.0
6.4100E14     0.0000E00    1.3300E-10   0.0000E00 0.0   0.0
6.1700E14     0.0000E00    7.9900E-11   0.0000E00 0.0   0.0
5.4800E14     0.0000E00    1.4200E-10   0.0000E00 0.0   0.0
5.4200E14     0.0000E00    1.0500E-10   0.0000E00 0.0   0.0
5.4200E14     0.0000E00    9.8000E-11   0.0000E00 0.0   0.0
5.4200E14     0.0000E00    1.0200E-10   0.0000E00 0.0   0.0
5.4200E14     0.0000E00    9.1000E-11   0.0000E00 0.0   0.0
5.4200E14     0.0000E00    8.1300E-11   0.0000E00 0.0   0.0
5.4200E14     0.0000E00    8.6700E-11   0.0000E00 0.0   0.0
5.4200E14     0.0000E00    8.8500E-11   0.0000E00 0.0   0.0
5.4200E14     0.0000E00    1.4000E-10   0.0000E00 0.0   0.0
5.4200E14     0.0000E00    1.2700E-10   0.0000E00 0.0   0.0
5.4200E14     0.0000E00    1.0700E-10   0.0000E00 0.0   0.0
5.4200E14     0.0000E00    9.0200E-11   0.0000E00 0.0   0.0
5.4200E14     0.0000E00    1.2500E-10   0.0000E00 0.0   0.0
5.4200E14     0.0000E00    8.8500E-11   0.0000E00 0.0   0.0
5.4200E14     0.0000E00    7.2300E-11   0.0000E00 0.0   0.0
5.4200E14     0.0000E00    7.4800E-11   0.0000E00 0.0   0.0
5.4200E14     0.0000E00    1.3600E-10   0.0000E00 0.0   0.0
5.4200E14     0.0000E00    1.2900E-10   0.0000E00 0.0   0.0
5.4200E14     0.0000E00    1.3400E-10   0.0000E00 0.0   0.0
5.4200E14     0.0000E00    1.5200E-10   0.0000E00 0.0   0.0
5.4200E14     0.0000E00    1.6600E-10   0.0000E00 0.0   0.0
4.7700E14     0.0000E00    4.7500E-11   0.0000E00 0.0   0.0
4.6800E14     0.0000E00    1.2600E-10   0.0000E00 0.0   0.0
4.6800E14     0.0000E00    8.6100E-11   0.0000E00 0.0   0.0
4.6800E14     0.0000E00    1.4400E-10   0.0000E00 0.0   0.0
4.6800E14     0.0000E00    1.3700E-10   0.0000E00 0.0   0.0
4.6800E14     0.0000E00    7.7000E-11   0.0000E00 0.0   0.0
4.6800E14     0.0000E00    6.8400E-09   0.0000E00 0.0   0.0
4.6100E14     0.0000E00    1.9700E-11   0.0000E00 0.0   0.0
4.3700E14     0.0000E00    3.9500E-11   0.0000E00 0.0   0.0
4.3700E14     0.0000E00    6.2100E-11   0.0000E00 0.0   0.0
4.3500E14     0.0000E00    1.4800E-10   0.0000E00 0.0   0.0
4.2800E14     0.0000E00    1.0900E-10   0.0000E00 0.0   0.0
4.2800E14     0.0000E00    9.7200E-11   0.0000E00 0.0   0.0
4.2800E14     0.0000E00    1.6400E-10   0.0000E00 0.0   0.0
4.2800E14     0.0000E00    1.2100E-10   0.0000E00 0.0   0.0
4.2800E14     0.0000E00    9.8100E-11   0.0000E00 0.0   0.0
4.2800E14     0.0000E00    9.3700E-11   0.0000E00 0.0   0.0
4.2800E14     0.0000E00    7.8700E-11   0.0000E00 0.0   0.0
4.2800E14     0.0000E00    9.2900E-11   0.0000E00 0.0   0.0
4.2800E14     0.0000E00    1.3100E-10   0.0000E00 0.0   0.0
4.2800E14     0.0000E00    8.5700E-11   0.0000E00 0.0   0.0
4.2800E14     0.0000E00    9.4200E-11   0.0000E00 0.0   0.0
4.2800E14     0.0000E00    1.1600E-10   0.0000E00 0.0   0.0
4.2800E14     0.0000E00    1.0200E-10   0.0000E00 0.0   0.0
4.2800E14     0.0000E00    1.3300E-10   0.0000E00 0.0   0.0
3.8900E14     0.0000E00    9.5000E-11   0.0000E00 0.0   0.0
3.7900E14     0.0000E00    1.4100E-10   0.0000E00 0.0   0.0
3.3300E14     0.0000E00    1.7100E-10   0.0000E00 0.0   0.0
3.3300E14     0.0000E00    1.3800E-10   0.0000E00 0.0   0.0
3.3300E14     0.0000E00    1.0400E-10   0.0000E00 0.0   0.0
3.3300E14     0.0000E00    9.6600E-11   0.0000E00 0.0   0.0
3.3300E14     0.0000E00    9.2200E-11   0.0000E00 0.0   0.0
3.3300E14     0.0000E00    1.3600E-10   0.0000E00 0.0   0.0
3.3300E14     0.0000E00    1.3500E-10   0.0000E00 0.0   0.0
3.3300E14     0.0000E00    9.9300E-11   0.0000E00 0.0   0.0
3.2500E14     0.0000E00    5.7500E-11   0.0000E00 0.0   0.0
2.4300E14     0.0000E00    6.1100E-11   0.0000E00 0.0   0.0
2.4300E14     0.0000E00    6.5700E-11   0.0000E00 0.0   0.0
2.4000E14     0.0000E00    8.3300E-11   0.0000E00 0.0   0.0
2.4000E14     0.0000E00    1.4000E-10   0.0000E00 0.0   0.0
2.4000E14     0.0000E00    1.2600E-10   0.0000E00 0.0   0.0
2.4000E14     0.0000E00    1.0300E-10   0.0000E00 0.0   0.0
2.4000E14     0.0000E00    1.2300E-10   0.0000E00 0.0   0.0
2.4000E14     0.0000E00    1.0400E-10   0.0000E00 0.0   0.0
2.4000E14     0.0000E00    1.0800E-10   0.0000E00 0.0   0.0
2.4000E14     0.0000E00    6.1400E-11   0.0000E00 0.0   0.0
2.4000E14     0.0000E00    1.1300E-10   0.0000E00 0.0   0.0
2.4000E14     0.0000E00    1.0200E-10   0.0000E00 0.0   0.0
2.4000E14     0.0000E00    1.9800E-10   0.0000E00 0.0   0.0
2.3800E14     0.0000E00    8.0200E-11   0.0000E00 0.0   0.0
2.3800E14     0.0000E00    1.6600E-10   0.0000E00 0.0   0.0
1.8700E14     0.0000E00    1.5600E-10   0.0000E00 0.0   0.0
1.8700E14     0.0000E00    1.1500E-10   0.0000E00 0.0   0.0
1.8400E14     0.0000E00    1.6100E-12   0.0000E00 0.0   0.0
1.8400E14     0.0000E00    1.6100E-12   0.0000E00 0.0   0.0
1.8400E14     0.0000E00    9.3800E-11   0.0000E00 0.0   0.0
1.8400E14     0.0000E00    5.7200E-11   0.0000E00 0.0   0.0
1.8200E14     0.0000E00    1.1700E-10   0.0000E00 0.0   0.0
1.8200E14     0.0000E00    7.5900E-11   0.0000E00 0.0   0.0
1.8200E14     0.0000E00    1.3000E-10   0.0000E00 0.0   0.0
1.8200E14     0.0000E00    1.0900E-10   0.0000E00 0.0   0.0
1.8200E14     0.0000E00    1.3100E-10   0.0000E00 0.0   0.0
1.8200E14     0.0000E00    9.0200E-11   0.0000E00 0.0   0.0
1.8200E14     0.0000E00    1.1100E-10   0.0000E00 0.0   0.0
1.8200E14     0.0000E00    1.8100E-10   0.0000E00 0.0   0.0
1.8200E14     0.0000E00    9.2700E-11   0.0000E00 0.0   0.0
1.8000E14     0.0000E00    4.3500E-11   0.0000E00 0.0   0.0
1.8000E14     0.0000E00    5.8600E-11   0.0000E00 0.0   0.0
1.3900E14     0.0000E00    3.8300E-11   0.0000E00 0.0   0.0
1.3900E14     0.0000E00    4.5700E-11   0.0000E00 0.0   0.0
1.3800E14     0.0000E00    8.4100E-11   0.0000E00 0.0   0.0
1.3800E14     0.0000E00    5.7000E-11   0.0000E00 0.0   0.0
1.3800E14     0.0000E00    9.2400E-11   0.0000E00 0.0   0.0
1.3600E14     0.0000E00    8.6900E-11   0.0000E00 0.0   0.0
1.3600E14     0.0000E00    8.3700E-11   0.0000E00 0.0   0.0
1.3600E14     0.0000E00    1.3400E-10   0.0000E00 0.0   0.0
1.3600E14     0.0000E00    8.7200E-11   0.0000E00 0.0   0.0
1.3600E14     0.0000E00    4.6900E-11   0.0000E00 0.0   0.0
1.3500E14     0.0000E00    7.6300E-11   0.0000E00 0.0   0.0
1.3500E14     0.0000E00    4.9000E-11   0.0000E00 0.0   0.0
1.3500E14     0.0000E00    1.7600E-11   0.0000E00 0.0   0.0
1.3500E14     0.0000E00    1.1300E-10   0.0000E00 0.0   0.0
1.3500E14     0.0000E00    4.2300E-11   0.0000E00 0.0   0.0
1.3500E14     0.0000E00    6.3500E-11   0.0000E00 0.0   0.0
1.3100E14     0.0000E00    7.2100E-11   0.0000E00 0.0   0.0
1.3100E14     0.0000E00    5.7800E-11   0.0000E00 0.0   0.0
1.3100E14     0.0000E00    5.7900E-11   0.0000E00 0.0   0.0
1.3100E14     0.0000E00    6.2200E-11   0.0000E00 0.0   0.0
1.3100E14     0.0000E00    6.3400E-11   0.0000E00 0.0   0.0
8.9400E13     0.0000E00    4.7700E-11   0.0000E00 0.0   0.0
8.9400E13     0.0000E00    4.8100E-11   0.0000E00 0.0   0.0
8.9400E13     0.0000E00    5.4800E-11   0.0000E00 0.0   0.0
8.6900E13     0.0000E00    4.1700E-11   0.0000E00 0.0   0.0
8.5700E13     0.0000E00    4.4900E-11   0.0000E00 0.0   0.0
8.5700E13     0.0000E00    3.9800E-11   0.0000E00 0.0   0.0
8.5700E13     0.0000E00    4.2000E-11   0.0000E00 0.0   0.0
8.5700E13     0.0000E00    3.6600E-11   0.0000E00 0.0   0.0
8.5700E13     0.0000E00    3.9400E-11   0.0000E00 0.0   0.0
8.4700E13     0.0000E00    6.7200E-11   0.0000E00 0.0   0.0
8.4700E13     0.0000E00    4.4000E-11   0.0000E00 0.0   0.0
6.5100E13     0.0000E00    3.4900E-11   0.0000E00 0.0   0.0
6.5100E13     0.0000E00    3.4200E-11   0.0000E00 0.0   0.0
6.5100E13     0.0000E00    3.6500E-11   0.0000E00 0.0   0.0
2.9700E13     0.0000E00    3.2100E-11   0.0000E00 0.0   0.0
2.9700E13     0.0000E00    9.8000E-12   0.0000E00 0.0   0.0
2.8600E13     0.0000E00    7.7100E-12   0.0000E00 0.0   0.0
2.8300E13     0.0000E00    2.7400E-11   0.0000E00 0.0   0.0
2.5900E13     0.0000E00    1.3000E-11   0.0000E00 0.0   0.0
2.5900E13     0.0000E00    1.2900E-11   0.0000E00 0.0   0.0
2.5900E13     0.0000E00    1.1300E-11   0.0000E00 0.0   0.0
2.5000E13     0.0000E00    2.2500E-11   0.0000E00 0.0   0.0
1.3600E13     0.0000E00    9.8200E-12   0.0000E00 0.0   0.0
1.3600E13     0.0000E00    9.8900E-12   0.0000E00 0.0   0.0
1.3600E13     0.0000E00    7.5500E-12   0.0000E00 0.0   0.0
1.2700E13     0.0000E00    9.5400E-12   0.0000E00 0.0   0.0
1.2700E13     0.0000E00    9.2400E-12   0.0000E00 0.0   0.0
1.2000E13     0.0000E00    1.1400E-11   0.0000E00 0.0   0.0
5.0000E12     0.0000E00    9.0400E-12   0.0000E00 0.0   0.0
3.0000E12     0.0000E00    1.0800E-11   0.0000E00 0.0   0.0
2.7000E12     0.0000E00    1.9700E-11   0.0000E00 0.0   0.0
3.7500E11     0.0000E00    7.8800E-13   0.0000E00 0.0   0.0
3.0000E11     0.0000E00    1.8000E-12   0.0000E00 0.0   0.0
3.0000E11     0.0000E00    4.9500E-16   0.0000E00 0.0   0.0
2.7000E11     0.0000E00    8.3700E-13   0.0000E00 0.0   0.0
2.3000E11     0.0000E00    6.2100E-13   0.0000E00 0.0   0.0
2.2600E11     0.0000E00    1.3600E-12   0.0000E00 0.0   0.0
9.9900E10     0.0000E00    3.6000E-13   0.0000E00 0.0   0.0
9.3000E10     0.0000E00    2.6000E-13   0.0000E00 0.0   0.0
9.0000E10     0.0000E00    4.8600E-13   0.0000E00 0.0   0.0
8.6000E10     0.0000E00    4.9900E-13   0.0000E00 0.0   0.0
4.3200E10     0.0000E00    7.2100E-14   0.0000E00 0.0   0.0
4.3000E10     0.0000E00    1.2500E-13   0.0000E00 0.0   0.0
4.3000E10     0.0000E00    1.7600E-13   0.0000E00 0.0   0.0
4.3000E10     0.0000E00    1.4900E-13   0.0000E00 0.0   0.0
4.3000E10     0.0000E00    1.3200E-13   0.0000E00 0.0   0.0
4.3000E10     0.0000E00    1.0600E-13   0.0000E00 0.0   0.0
4.3000E10     0.0000E00    7.5700E-14   0.0000E00 0.0   0.0
4.3000E10     0.0000E00    8.4200E-14   0.0000E00 0.0   0.0
4.3000E10     0.0000E00    9.2900E-14   0.0000E00 0.0   0.0
4.3000E10     0.0000E00    9.7600E-14   0.0000E00 0.0   0.0
4.3000E10     0.0000E00    1.0100E-13   0.0000E00 0.0   0.0
4.3000E10     0.0000E00    1.2000E-13   0.0000E00 0.0   0.0
4.3000E10     0.0000E00    8.7200E-14   0.0000E00 0.0   0.0
3.7000E10     0.0000E00    1.8500E-13   0.0000E00 0.0   0.0
3.7000E10     0.0000E00    1.2800E-13   0.0000E00 0.0   0.0
3.0000E10     0.0000E00    1.1800E-13   0.0000E00 0.0   0.0
2.5000E10     0.0000E00    9.9000E-15   0.0000E00 0.0   0.0
2.4000E10     0.0000E00    9.3600E-14   0.0000E00 0.0   0.0
2.4000E10     0.0000E00    7.6500E-14   0.0000E00 0.0   0.0
2.4000E10     0.0000E00    1.1400E-14   0.0000E00 0.0   0.0
2.4000E10     0.0000E00    1.0100E-13   0.0000E00 0.0   0.0
2.4000E10     0.0000E00    1.0800E-14   0.0000E00 0.0   0.0
2.4000E10     0.0000E00    8.7500E-14   0.0000E00 0.0   0.0
2.4000E10     0.0000E00    7.8900E-14   0.0000E00 0.0   0.0
2.4000E10     0.0000E00    1.0600E-14   0.0000E00 0.0   0.0
2.4000E10     0.0000E00    7.2300E-14   0.0000E00 0.0   0.0
2.4000E10     0.0000E00    8.4700E-15   0.0000E00 0.0   0.0
2.4000E10     0.0000E00    5.2700E-14   0.0000E00 0.0   0.0
2.4000E10     0.0000E00    8.9500E-15   0.0000E00 0.0   0.0
2.4000E10     0.0000E00    5.1700E-14   0.0000E00 0.0   0.0
2.4000E10     0.0000E00    1.0400E-14   0.0000E00 0.0   0.0
2.4000E10     0.0000E00    6.2300E-14   0.0000E00 0.0   0.0
2.4000E10     0.0000E00    9.3400E-15   0.0000E00 0.0   0.0
2.4000E10     0.0000E00    6.2100E-14   0.0000E00 0.0   0.0
2.4000E10     0.0000E00    1.0100E-14   0.0000E00 0.0   0.0
2.4000E10     0.0000E00    6.2300E-14   0.0000E00 0.0   0.0
2.4000E10     0.0000E00    8.1800E-15   0.0000E00 0.0   0.0
2.4000E10     0.0000E00    7.3000E-14   0.0000E00 0.0   0.0
2.4000E10     0.0000E00    9.7700E-15   0.0000E00 0.0   0.0
2.4000E10     0.0000E00    6.8400E-14   0.0000E00 0.0   0.0
2.4000E10     0.0000E00    6.1900E-15   0.0000E00 0.0   0.0
2.3100E10     0.0000E00    1.1400E-13   0.0000E00 0.0   0.0
2.2200E10     0.0000E00    4.9300E-14   0.0000E00 0.0   0.0
2.2200E10     0.0000E00    9.7600E-14   0.0000E00 0.0   0.0
2.2000E10     0.0000E00    1.0600E-13   0.0000E00 0.0   0.0
2.1700E10     0.0000E00    1.3000E-13   0.0000E00 0.0   0.0
1.5100E10     0.0000E00    9.6400E-14   0.0000E00 0.0   0.0
1.5000E10     0.0000E00    7.0900E-15   0.0000E00 0.0   0.0
1.5000E10     0.0000E00    5.1700E-14   0.0000E00 0.0   0.0
1.5000E10     0.0000E00    6.5600E-15   0.0000E00 0.0   0.0
1.5000E10     0.0000E00    3.9700E-14   0.0000E00 0.0   0.0
1.5000E10     0.0000E00    8.3400E-15   0.0000E00 0.0   0.0
1.5000E10     0.0000E00    3.7000E-14   0.0000E00 0.0   0.0
1.5000E10     0.0000E00    6.8800E-15   0.0000E00 0.0   0.0
1.5000E10     0.0000E00    4.4900E-14   0.0000E00 0.0   0.0
1.5000E10     0.0000E00    7.0900E-15   0.0000E00 0.0   0.0
1.5000E10     0.0000E00    4.1300E-14   0.0000E00 0.0   0.0
1.5000E10     0.0000E00    5.8000E-15   0.0000E00 0.0   0.0
1.5000E10     0.0000E00    4.0200E-14   0.0000E00 0.0   0.0
1.5000E10     0.0000E00    7.9600E-15   0.0000E00 0.0   0.0
1.5000E10     0.0000E00    4.5600E-14   0.0000E00 0.0   0.0
1.5000E10     0.0000E00    6.4600E-15   0.0000E00 0.0   0.0
1.5000E10     0.0000E00    4.5600E-14   0.0000E00 0.0   0.0
1.5000E10     0.0000E00    6.9400E-15   0.0000E00 0.0   0.0
1.5000E10     0.0000E00    5.0400E-14   0.0000E00 0.0   0.0
1.5000E10     0.0000E00    6.7500E-14   0.0000E00 0.0   0.0
1.5000E10     0.0000E00    4.3200E-14   0.0000E00 0.0   0.0
1.5000E10     0.0000E00    5.8900E-14   0.0000E00 0.0   0.0
1.5000E10     0.0000E00    4.9800E-14   0.0000E00 0.0   0.0
1.5000E10     0.0000E00    6.6000E-14   0.0000E00 0.0   0.0
1.5000E10     0.0000E00    7.9500E-14   0.0000E00 0.0   0.0
1.5000E10     0.0000E00    6.3600E-14   0.0000E00 0.0   0.0
1.5000E10     0.0000E00    6.6900E-14   0.0000E00 0.0   0.0
1.5000E10     0.0000E00    6.6700E-14   0.0000E00 0.0   0.0
1.5000E10     0.0000E00    7.2500E-14   0.0000E00 0.0   0.0
1.5000E10     0.0000E00    4.9500E-14   0.0000E00 0.0   0.0
1.5000E10     0.0000E00    6.8200E-14   0.0000E00 0.0   0.0
1.5000E10     0.0000E00    5.9900E-14   0.0000E00 0.0   0.0
1.5000E10     0.0000E00    8.3600E-15   0.0000E00 0.0   0.0
1.5000E10     0.0000E00    6.5100E-15   0.0000E00 0.0   0.0
1.5000E10     0.0000E00    5.5100E-14   0.0000E00 0.0   0.0
1.5000E10     0.0000E00    7.1500E-14   0.0000E00 0.0   0.0
1.5000E10     0.0000E00    7.8000E-14   0.0000E00 0.0   0.0
1.5000E10     0.0000E00    9.0800E-15   0.0000E00 0.0   0.0
1.4600E10     0.0000E00    6.2500E-14   0.0000E00 0.0   0.0
1.4500E10     0.0000E00    7.1600E-14   0.0000E00 0.0   0.0
1.0600E10     0.0000E00    6.7100E-14   0.0000E00 0.0   0.0
1.0500E10     0.0000E00    4.9100E-14   0.0000E00 0.0   0.0
8.4600E09     0.0000E00    5.3400E-14   0.0000E00 0.0   0.0
8.4000E09     0.0000E00    3.1900E-14   0.0000E00 0.0   0.0
8.4000E09     0.0000E00    5.3100E-14   0.0000E00 0.0   0.0
8.4000E09     0.0000E00    5.3000E-14   0.0000E00 0.0   0.0
8.4000E09     0.0000E00    2.2900E-14   0.0000E00 0.0   0.0
8.3500E09     0.0000E00    4.1700E-14   0.0000E00 0.0   0.0
8.0000E09     0.0000E00    4.2300E-14   0.0000E00 0.0   0.0
5.0000E09     0.0000E00    1.4100E-14   0.0000E00 0.0   0.0
5.0000E09     0.0000E00    1.0000E-14   0.0000E00 0.0   0.0
5.0000E09     0.0000E00    2.0000E-14   0.0000E00 0.0   0.0
5.0000E09     0.0000E00    1.3100E-14   0.0000E00 0.0   0.0
5.0000E09     0.0000E00    1.9900E-14   0.0000E00 0.0   0.0
5.0000E09     0.0000E00    1.6700E-14   0.0000E00 0.0   0.0
5.0000E09     0.0000E00    3.6500E-14   0.0000E00 0.0   0.0
5.0000E09     0.0000E00    2.1100E-14   0.0000E00 0.0   0.0
5.0000E09     0.0000E00    1.6200E-14   0.0000E00 0.0   0.0
4.8900E09     0.0000E00    2.9300E-14   0.0000E00 0.0   0.0
4.8500E09     0.0000E00    3.5000E-14   0.0000E00 0.0   0.0
4.8500E09     0.0000E00    3.5100E-14   0.0000E00 0.0   0.0
4.8500E09     0.0000E00    3.4500E-14   0.0000E00 0.0   0.0
4.8500E09     0.0000E00    2.9100E-14   0.0000E00 0.0   0.0
4.8300E09     0.0000E00    3.2700E-14   0.0000E00 0.0   0.0
4.8000E09     0.0000E00    2.8800E-14   0.0000E00 0.0   0.0
4.8000E09     0.0000E00    3.1000E-14   0.0000E00 0.0   0.0
4.7600E09     0.0000E00    2.7800E-14   0.0000E00 0.0   0.0
4.7500E09     0.0000E00    2.7700E-14   0.0000E00 0.0   0.0
4.5800E09     0.0000E00    2.8000E-14   0.0000E00 0.0   0.0
1.6000E09     0.0000E00    3.7100E-15   0.0000E00 0.0   0.0
1.6000E09     0.0000E00    5.2000E-15   0.0000E00 0.0   0.0
1.4000E09     0.0000E00    1.1700E-14   0.0000E00 0.0   0.0
1.4000E09     0.0000E00    7.6800E-15   0.0000E00 0.0   0.0
1.4000E09     0.0000E00    1.0800E-14   0.0000E00 0.0   0.0
1.4000E09     0.0000E00    1.0700E-14   0.0000E00 0.0   0.0
1.4000E09     0.0000E00    8.0900E-15   0.0000E00 0.0   0.0
1.4000E09     0.0000E00    1.2300E-14   0.0000E00 0.0   0.0
1.4000E09     0.0000E00    7.6700E-15   0.0000E00 0.0   0.0
1.3800E09     0.0000E00    8.6900E-15   0.0000E00 0.0   0.0
4.0800E08     0.0000E00    4.6500E-15   0.0000E00 0.0   0.0
4.0800E08     0.0000E00    4.6800E-15   0.0000E00 0.0   0.0
3.6500E08     0.0000E00    2.8300E-15   0.0000E00 0.0   0.0
3.2500E08     0.0000E00    4.6000E-15   0.0000E00 0.0   0.0
1.5200E08     0.0000E00    2.6200E-15   0.0000E00 0.0   0.0
1.5200E08     0.0000E00    2.5500E-15   0.0000E00 0.0   0.0
7.4000E07     0.0000E00    1.2900E-15   0.0000E00 0.0   0.0
7.4000E07     0.0000E00    1.0400E-15   0.0000E00 0.0   0.0
7.3800E07     0.0000E00    1.4100E-15   0.0000E00 0.0   0.0
# VLSSr (id = 9)
#   frequency \gn (Hz)    Bin   Nufnu (erg cm^-2 s^-1)  Nufnu (erg cm^-2 s^-1)_error    TStart    TStop
7.4000E07     0.0000E00    9.1094E-16   6.8080E-17    51910.5    54465.5
# NVSS (id = 8)
#   frequency \gn (Hz)    Bin   Nufnu (erg cm^-2 s^-1)  Nufnu (erg cm^-2 s^-1)_error    TStart    TStop
1.4000E09     0.0000E00    1.0760E-14   4.0551E-16    49231.5    50508.5
# NIEPPOCAT (id = 6)
#   frequency \gn (Hz)    Bin   Nufnu (erg cm^-2 s^-1)  Nufnu (erg cm^-2 s^-1)_error    TStart    TStop
3.7000E10     0.0000E00    1.4430E-13   2.5900E-14    53425.89500000002    53425.91120370302
3.7000E10     0.0000E00    1.4430E-13   2.5900E-14    53433.80099999998    53433.81720370298
3.7000E10     0.0000E00    1.4430E-13   2.9600E-14    53441.851999999955    53441.86820370296
3.7000E10     0.0000E00    1.5540E-13   3.3300E-14    52693.84899999993    52693.86520370293
3.7000E10     0.0000E00    2.0720E-13   2.2200E-14    52625.055999999866    52625.07220370287
3.7000E10     0.0000E00    1.0730E-13   2.2200E-14    53460.81999999983    53460.836203702835
3.7000E10     0.0000E00    1.6650E-13   2.2200E-14    52627.06399999978    52627.08020370278
3.7000E10     0.0000E00    1.6280E-13   3.7000E-14    53458.72500000009    53458.741203703095
3.7000E10     0.0000E00    1.5910E-13   2.2200E-14    53363.94700000016    53363.96320370316
3.7000E10     0.0000E00    1.1100E-13   2.5900E-14    53365.98300000001    53365.99920370301
3.7000E10     0.0000E00    1.7390E-13   2.2200E-14    53367.2919999999    53367.3082037029
3.7000E10     0.0000E00    1.1840E-13   2.5900E-14    53381.939999999944    53381.95620370295
3.7000E10     0.0000E00    1.4800E-13   2.9600E-14    52689.89600000018    52689.912203703185
3.7000E10     0.0000E00    1.5540E-13   2.5900E-14    52687.919999999925    52687.93620370293
3.7000E10     0.0000E00    2.3680E-13   3.3300E-14    52658.26699999999    52658.283203702995
3.7000E10     0.0000E00    1.4430E-13   2.5900E-14    52653.00600000005    52653.022203703054
3.7000E10     0.0000E00    2.8860E-13   4.4400E-14    52624.371999999974    52624.388203702976
3.7000E10     0.0000E00    2.5900E-13   2.5900E-14    52645.2919999999    52645.3082037029
3.7000E10     0.0000E00    2.5900E-13   2.5900E-14    52643.31100000022    52643.32720370322
3.7000E10     0.0000E00    1.4800E-13   2.2200E-14    52642.044999999925    52642.06120370293
3.7000E10     0.0000E00    2.2200E-13   4.8100E-14    52631.03099999996    52631.04720370296
3.7000E10     0.0000E00    2.1830E-13   2.5900E-14    52641.242999999784    52641.259203702786
3.7000E10     0.0000E00    1.5910E-13   2.5900E-14    52615.05500000017    52615.07120370317
3.7000E10     0.0000E00    1.2580E-13   2.2200E-14    52690.82299999986    52690.83920370286
3.7000E10     0.0000E00    1.4060E-13   2.5900E-14    52539.25    52539.266203703
3.7000E10     0.0000E00    2.1830E-13   2.9600E-14    52578.48499999987    52578.50120370287
3.7000E10     0.0000E00    1.7390E-13   2.9600E-14    52511.31600000011    52511.33220370311
3.7000E10     0.0000E00    1.7760E-13   3.3300E-14    52440.70300000021    52440.719203703215
3.7000E10     0.0000E00    2.0350E-13   1.8500E-14    52414.913000000175    52414.92920370318
3.7000E10     0.0000E00    1.5170E-13   2.5900E-14    52691.825999999885    52691.84220370289
3.7000E10     0.0000E00    1.1100E-13   2.2200E-14    53092.75    53092.766203703
3.7000E10     0.0000E00    1.7390E-13   3.7000E-14    53090.98600000003    53091.002203703036
3.7000E10     0.0000E00    1.6280E-13   3.7000E-14    53028.836999999825    53028.85320370283
3.7000E10     0.0000E00    2.4420E-13   5.9200E-14    52847.680999999866    52847.69720370287
3.7000E10     0.0000E00    2.0350E-13   3.7000E-14    53009.819000000134    53009.835203703136
3.7000E10     0.0000E00    1.7020E-13   3.3300E-14    52993.99099999992    52994.007203702924
3.7000E10     0.0000E00    1.7760E-13   3.3300E-14    52935.430999999866    52935.44720370287
3.7000E10     0.0000E00    1.7760E-13   2.5900E-14    52881.27400000021    52881.29020370321
3.7000E10     0.0000E00    2.4790E-13   4.8100E-14    53127.61899999995    53127.63520370295
3.7000E10     0.0000E00    2.5530E-13   3.3300E-14    53131.98300000001    53131.99920370301
3.7000E10     0.0000E00    1.8500E-13   3.7000E-14    53130.632000000216    53130.64820370322
3.7000E10     0.0000E00    2.3310E-13   2.9600E-14    53133.60099999979    53133.61720370279
3.7000E10     0.0000E00    2.1460E-13   2.2200E-14    53100.0419999999    53100.0582037029
3.7000E10     0.0000E00    2.4420E-13   2.9600E-14    53099.65299999993    53099.669203702935
3.7000E10     0.0000E00    1.5540E-13   2.2200E-14    52815.53200000012    52815.548203703125
3.7000E10     0.0000E00    1.9980E-13   4.4400E-14    52740.924000000115    52740.94020370312
3.7000E10     0.0000E00    2.5530E-13   5.9200E-14    52729.01399999997    52729.03020370297
3.7000E10     0.0000E00    2.2940E-13   3.7000E-14    52713.74000000022    52713.756203703226
3.7000E10     0.0000E00    2.2200E-13   3.3300E-14    52722.873999999836    52722.89020370284
3.7000E10     0.0000E00    2.0350E-13   1.4800E-14    52764.003000000026    52764.01920370303
3.7000E10     0.0000E00    2.2200E-13   2.5900E-14    52755.871999999974    52755.888203702976
3.7000E10     0.0000E00    2.2200E-13   2.2200E-14    52779.90599999996    52779.92220370296
3.7000E10     0.0000E00    1.4430E-13   2.2200E-14    52762.7080000001    52762.7242037031
3.7000E10     0.0000E00    1.7390E-13   2.5900E-14    52756.02799999993    52756.044203702935
3.7000E10     0.0000E00    1.5910E-13   1.8500E-14    53328.2919999999    53328.3082037029
3.7000E10     0.0000E00    1.4800E-13   2.5900E-14    53194.79799999995    53194.814203702954
3.7000E10     0.0000E00    1.5540E-13   2.9600E-14    53169.617999999784    53169.634203702786
3.7000E10     0.0000E00    1.2210E-13   2.9600E-14    53165.84400000004    53165.86020370304
3.7000E10     0.0000E00    1.2210E-13   2.9600E-14    53222.819000000134    53222.835203703136
3.7000E10     0.0000E00    1.3320E-13   2.2200E-14    53250.43800000008    53250.454203703084
3.7000E10     0.0000E00    1.9610E-13   3.3300E-14    53133.67700000014    53133.693203703144
3.7000E10     0.0000E00    1.6280E-13   2.5900E-14    53134.001000000164    53134.017203703166
3.7000E10     0.0000E00    2.4420E-13   2.9600E-14    53133.97200000007    53133.98820370307
3.7000E10     0.0000E00    2.2940E-13   2.2200E-14    53133.91000000015    53133.92620370315
3.7000E10     0.0000E00    2.4050E-13   2.9600E-14    53134.621999999974    53134.638203702976
3.7000E10     0.0000E00    1.9980E-13   1.8500E-14    53133.875    53133.891203703
3.7000E10     0.0000E00    1.9240E-13   1.8500E-14    53133.75999999978    53133.77620370278
3.7000E10     0.0000E00    2.4050E-13   2.5900E-14    53133.72899999982    53133.74520370282
3.7000E10     0.0000E00    2.4790E-13   4.0700E-14    53149.523000000045    53149.53920370305
3.7000E10     0.0000E00    1.9610E-13   4.8100E-14    53161.669999999925    53161.68620370293
3.7000E10     0.0000E00    1.9980E-13   2.9600E-14    53162.82299999986    53162.83920370286
3.7000E10     0.0000E00    2.1830E-13   2.2200E-14    53148.73499999987    53148.75120370287
3.7000E10     0.0000E00    2.1830E-13   2.5900E-14    53134.73300000001    53134.74920370301
3.7000E10     0.0000E00    1.7760E-13   2.2200E-14    53134.680999999866    53134.69720370287
# NIEPPOCAT (id = 7)
#   frequency \gn (Hz)    Bin   Nufnu (erg cm^-2 s^-1)  Nufnu (erg cm^-2 s^-1)_error    TStart    TStop
3.7000E10 0.0 1.4800E-13   0.0000E00    53423.913000000175    53423.92920370318 ; UPPER LIMIT
3.7000E10 0.0 1.1840E-13   0.0000E00    53409.84400000004    53409.86020370304 ; UPPER LIMIT
3.7000E10 0.0 7.4000E-14   0.0000E00    53336.15799999982    53336.17420370282 ; UPPER LIMIT
3.7000E10 0.0 1.0360E-13   0.0000E00    53444.805999999866    53444.82220370287 ; UPPER LIMIT
3.7000E10 0.0 2.0720E-13   0.0000E00    53359.96499999985    53359.98120370285 ; UPPER LIMIT
3.7000E10 0.0 1.1840E-13   0.0000E00    53399.867999999784    53399.884203702786 ; UPPER LIMIT
3.7000E10 0.0 1.1840E-13   0.0000E00    53360.049999999814    53360.066203702816 ; UPPER LIMIT
3.7000E10 0.0 8.8800E-14   0.0000E00    53360.10499999998    53360.12120370298 ; UPPER LIMIT
3.7000E10 0.0 1.1840E-13   0.0000E00    53360.02000000002    53360.03620370302 ; UPPER LIMIT
3.7000E10 0.0 1.1840E-13   0.0000E00    53364.336999999825    53364.35320370283 ; UPPER LIMIT
3.7000E10 0.0 8.8800E-14   0.0000E00    53384.86400000006    53384.88020370306 ; UPPER LIMIT
3.7000E10 0.0 1.3320E-13   0.0000E00    53427.805999999866    53427.82220370287 ; UPPER LIMIT
3.7000E10 0.0 1.6280E-13   0.0000E00    52655.90299999993    52655.919203702935 ; UPPER LIMIT
3.7000E10 0.0 2.5160E-13   0.0000E00    52630.06799999997    52630.08420370297 ; UPPER LIMIT
3.7000E10 0.0 2.6640E-13   0.0000E00    52638.325999999885    52638.34220370289 ; UPPER LIMIT
3.7000E10 0.0 2.3680E-13   0.0000E00    52607.96900000004    52607.98520370304 ; UPPER LIMIT
3.7000E10 0.0 1.9240E-13   0.0000E00    52555.26399999997    52555.28020370297 ; UPPER LIMIT
3.7000E10 0.0 2.5160E-13   0.0000E00    52490.375    52490.391203703 ; UPPER LIMIT
3.7000E10 0.0 1.6280E-13   0.0000E00    53447.83600000013    53447.85220370313 ; UPPER LIMIT
3.7000E10 0.0 1.9240E-13   0.0000E00    53093.805999999866    53093.82220370287 ; UPPER LIMIT
3.7000E10 0.0 1.9240E-13   0.0000E00    53132.566999999806    53132.58320370281 ; UPPER LIMIT
3.7000E10 0.0 2.9600E-13   0.0000E00    53133.507000000216    53133.52320370322 ; UPPER LIMIT
3.7000E10 0.0 1.4800E-13   0.0000E00    52753.680999999866    52753.69720370287 ; UPPER LIMIT
3.7000E10 0.0 2.3680E-13   0.0000E00    52738.02799999993    52738.044203702935 ; UPPER LIMIT
3.7000E10 0.0 1.1840E-13   0.0000E00    52723.76699999999    52723.783203702995 ; UPPER LIMIT
3.7000E10 0.0 2.9600E-13   0.0000E00    52724.7080000001    52724.7242037031 ; UPPER LIMIT
3.7000E10 0.0 1.7760E-13   0.0000E00    52766.669999999925    52766.68620370293 ; UPPER LIMIT
3.7000E10 0.0 2.9600E-13   0.0000E00    52827.512000000104    52827.52820370311 ; UPPER LIMIT
3.7000E10 0.0 1.1840E-13   0.0000E00    52711.73600000003    52711.752203703036 ; UPPER LIMIT
3.7000E10 0.0 2.0720E-13   0.0000E00    52756.60399999982    52756.62020370282 ; UPPER LIMIT
3.7000E10 0.0 1.3320E-13   0.0000E00    53209.34700000007    53209.36320370307 ; UPPER LIMIT
3.7000E10 0.0 1.0360E-13   0.0000E00    53334.996999999974    53335.013203702976 ; UPPER LIMIT
3.7000E10 0.0 2.6640E-13   0.0000E00    53208.41000000015    53208.42620370315 ; UPPER LIMIT
3.7000E10 0.0 1.6280E-13   0.0000E00    53207.45300000021    53207.469203703215 ; UPPER LIMIT
3.7000E10 0.0 1.7760E-13   0.0000E00    53195.404999999795    53195.4212037028 ; UPPER LIMIT
3.7000E10 0.0 1.7760E-13   0.0000E00    53194.48400000017    53194.50020370317 ; UPPER LIMIT
3.7000E10 0.0 1.4800E-13   0.0000E00    53133.63499999978    53133.65120370278 ; UPPER LIMIT
3.7000E10 0.0 1.4800E-13   0.0000E00    53294.24000000022    53294.256203703226 ; UPPER LIMIT
3.7000E10 0.0 1.1840E-13   0.0000E00    53282.25400000019    53282.27020370319 ; UPPER LIMIT
3.7000E10 0.0 1.4800E-13   0.0000E00    53306.16099999985    53306.17720370285 ; UPPER LIMIT
3.7000E10 0.0 1.6280E-13   0.0000E00    53242.39699999988    53242.41320370288 ; UPPER LIMIT
3.7000E10 0.0 2.5160E-13   0.0000E00    53224.435000000056    53224.45120370306 ; UPPER LIMIT
3.7000E10 0.0 2.6640E-13   0.0000E00    53318.10300000012    53318.11920370312 ; UPPER LIMIT
3.7000E10 0.0 1.4800E-13   0.0000E00    53151.57299999986    53151.58920370286 ; UPPER LIMIT
3.7000E10 0.0 2.2200E-13   0.0000E00    53160.52100000018    53160.537203703185 ; UPPER LIMIT
# JVASPOL (id = 5)
#   frequency \gn (Hz)    Bin   Nufnu (erg cm^-2 s^-1)  Nufnu (erg cm^-2 s^-1)_error    TStart    TStop
4.8500E09     0.0000E00    2.9604E-14   2.4250E-17 0.0   0.0
# FIRST (id = 4)
#   frequency \gn (Hz)    Bin   Nufnu (erg cm^-2 s^-1)  Nufnu (erg cm^-2 s^-1)_error    TStart    TStop
1.4000E09     0.0000E00    5.0638E-16   2.3100E-18    49078.5    49443.5
1.4000E09     0.0000E00    1.6800E-17   2.2960E-18    49078.5    49443.5
1.4000E09     0.0000E00    8.0331E-15   2.3100E-18    49078.5    49443.5
# DIXON (id = 3)
#   frequency \gn (Hz)    Bin   Nufnu (erg cm^-2 s^-1)  Nufnu (erg cm^-2 s^-1)_error    TStart    TStop
4.0800E08     0.0000E00    4.6920E-15   0.0000E00 0.0   0.0
2.7000E09     0.0000E00    2.0790E-14   0.0000E00 0.0   0.0
1.0700E10     0.0000E00    8.4530E-14   0.0000E00 0.0   0.0
5.0000E09     0.0000E00    3.6250E-14   0.0000E00 0.0   0.0
# CLASSSCAT (id = 2)
#   frequency \gn (Hz)    Bin   Nufnu (erg cm^-2 s^-1)  Nufnu (erg cm^-2 s^-1)_error    TStart    TStop
8.4600E09     0.0000E00    5.3433E-14   3.3840E-17    47941.5    47941.5
# CRATES (id = 1)
#   frequency \gn (Hz)    Bin   Nufnu (erg cm^-2 s^-1)  Nufnu (erg cm^-2 s^-1)_error    TStart    TStop
8.4000E09     0.0000E00    5.3054E-14   0.0000E00 0.0   0.0
