# RA = 16 53 52.21 (253.46754)
# Dec = +39 45 37.58 (39.76044)
# Redshift = 0.0
# nH = 1.69E20 cm^-2 
# NuBlazar (id = 124)
#   frequency \gn (Hz)    Bin   Nufnu (erg cm^-2 s^-1)  Nufnu (erg cm^-2 s^-1)_error    TStart    TStop
8.6080E17     1.3540E17    4.6028E-11   6.8041E-13    56395.104895833    56395.528599537
1.1320E18     1.3540E17    4.3158E-11   6.5756E-13    56395.104895833    56395.528599537
1.4020E18     1.3540E17    4.1593E-11   6.9976E-13    56395.104895833    56395.528599537
1.6730E18     1.3540E17    4.0245E-11   7.6401E-13    56395.104895833    56395.528599537
1.9440E18     1.3540E17    3.8390E-11   8.3450E-13    56395.104895833    56395.528599537
2.2150E18     1.3540E17    3.7112E-11   9.1729E-13    56395.104895833    56395.528599537
2.4860E18     1.3540E17    3.5575E-11   1.0404E-12    56395.104895833    56395.528599537
2.7570E18     1.3540E17    3.6082E-11   1.2292E-12    56395.104895833    56395.528599537
3.0270E18     1.3540E17    3.2852E-11   1.3706E-12    56395.104895833    56395.528599537
3.2980E18     1.3540E17    3.3305E-11   1.5692E-12    56395.104895833    56395.528599537
3.5690E18     1.3540E17    3.2585E-11   1.7447E-12    56395.104895833    56395.528599537
3.8400E18     1.3540E17    3.0495E-11   1.8823E-12    56395.104895833    56395.528599537
4.1110E18     1.3540E17    2.7980E-11   2.0031E-12    56395.104895833    56395.528599537
4.3810E18     1.3540E17    2.9605E-11   2.2668E-12    56395.104895833    56395.528599537
4.6520E18     1.3540E17    2.5231E-11   2.2976E-12    56395.104895833    56395.528599537
4.9250E18     1.3780E17    3.0051E-11   2.7100E-12    56395.104895833    56395.528599537
5.2040E18     1.4020E17    3.0061E-11   2.9315E-12    56395.104895833    56395.528599537
5.4790E18     1.3540E17    3.4360E-11   3.4944E-12    56395.104895833    56395.528599537
5.7620E18     1.4750E17    2.6556E-11   3.2719E-12    56395.104895833    56395.528599537
6.0640E18     1.5480E17    2.8358E-11   3.6652E-12    56395.104895833    56395.528599537
6.4000E18     1.8130E17    2.4353E-11   3.5623E-12    56395.104895833    56395.528599537
6.7820E18     2.0070E17    2.3107E-11   4.0850E-12    56395.104895833    56395.528599537
7.1960E18     2.1280E17    2.0562E-11   4.0368E-12    56395.104895833    56395.528599537
7.6510E18     2.4180E17    2.1497E-11   4.3490E-12    56395.104895833    56395.528599537
8.1730E18     2.8050E17    2.1690E-11   4.4828E-12    56395.104895833    56395.528599537
8.7850E18     3.3130E17    1.8507E-11   4.3023E-12    56395.104895833    56395.528599537
9.5440E18     4.2800E17    1.7578E-11   4.5149E-12    56395.104895833    56395.528599537
1.0390E19     4.1830E17    2.6212E-11   6.1902E-12    56395.104895833    56395.528599537
1.1400E19     5.9240E17    2.0421E-11   5.8872E-12    56395.104895833    56395.528599537
1.2860E19     8.6560E17    1.5453E-11   6.1992E-12    56395.104895833    56395.528599537
1.4610E19     8.8500E17    3.1084E-11   1.0816E-11    56395.104895833    56395.528599537
8.6080E17     1.3540E17    6.3263E-11   6.6742E-13    56420.834097222    56421.483402778
1.1320E18     1.3540E17    5.9551E-11   6.4534E-13    56420.834097222    56421.483402778
1.4020E18     1.3540E17    5.8416E-11   6.9291E-13    56420.834097222    56421.483402778
1.6730E18     1.3540E17    5.5888E-11   7.5235E-13    56420.834097222    56421.483402778
1.9440E18     1.3540E17    5.4098E-11   8.2818E-13    56420.834097222    56421.483402778
2.2150E18     1.3540E17    5.2465E-11   9.0990E-13    56420.834097222    56421.483402778
2.4860E18     1.3540E17    5.0224E-11   1.0322E-12    56420.834097222    56421.483402778
2.7570E18     1.3540E17    5.0319E-11   1.2139E-12    56420.834097222    56421.483402778
3.0270E18     1.3540E17    4.8519E-11   1.3932E-12    56420.834097222    56421.483402778
3.2980E18     1.3540E17    4.7196E-11   1.5613E-12    56420.834097222    56421.483402778
3.5690E18     1.3540E17    4.5567E-11   1.7258E-12    56420.834097222    56421.483402778
3.8400E18     1.3540E17    4.3853E-11   1.8876E-12    56420.834097222    56421.483402778
4.1110E18     1.3540E17    4.3837E-11   2.0860E-12    56420.834097222    56421.483402778
4.3810E18     1.3540E17    4.4733E-11   2.3287E-12    56420.834097222    56421.483402778
4.6520E18     1.3540E17    4.1212E-11   2.4494E-12    56420.834097222    56421.483402778
4.9230E18     1.3540E17    4.4631E-11   2.7770E-12    56420.834097222    56421.483402778
5.1940E18     1.3540E17    4.0815E-11   2.8974E-12    56420.834097222    56421.483402778
5.4650E18     1.3540E17    4.2579E-11   3.2449E-12    56420.834097222    56421.483402778
5.7360E18     1.3540E17    4.0556E-11   3.4880E-12    56420.834097222    56421.483402778
6.0090E18     1.3780E17    4.1733E-11   3.8771E-12    56420.834097222    56421.483402778
6.2840E18     1.3780E17    3.4647E-11   3.8741E-12    56420.834097222    56421.483402778
6.5650E18     1.4270E17    3.4689E-11   4.3273E-12    56420.834097222    56421.483402778
6.8550E18     1.4750E17    3.5403E-11   4.8614E-12    56420.834097222    56421.483402778
7.1550E18     1.5230E17    3.3959E-11   4.8654E-12    56420.834097222    56421.483402778
7.4600E18     1.5230E17    3.7136E-11   5.5788E-12    56420.834097222    56421.483402778
7.7910E18     1.7890E17    3.2814E-11   5.2261E-12    56420.834097222    56421.483402778
8.1460E18     1.7650E17    3.9185E-11   6.0444E-12    56420.834097222    56421.483402778
8.5190E18     1.9590E17    3.6713E-11   6.0044E-12    56420.834097222    56421.483402778
8.9200E18     2.0550E17    3.1253E-11   5.8154E-12    56420.834097222    56421.483402778
9.3600E18     2.3450E17    3.2032E-11   6.1436E-12    56420.834097222    56421.483402778
9.8290E18     2.3450E17    3.5216E-11   6.9590E-12    56420.834097222    56421.483402778
1.0360E19     2.9500E17    2.9518E-11   6.3116E-12    56420.834097222    56421.483402778
1.1010E19     3.5540E17    2.5208E-11   6.3150E-12    56420.834097222    56421.483402778
1.1820E19     4.5460E17    2.2799E-11   6.3445E-12    56420.834097222    56421.483402778
1.2770E19     4.9570E17    2.6372E-11   8.1432E-12    56420.834097222    56421.483402778
1.3860E19     5.9480E17    2.6544E-11   8.9123E-12    56420.834097222    56421.483402778
1.5090E19     6.3110E17    3.2225E-11   1.2123E-11    56420.834097222    56421.483402778
8.6080E17     1.3540E17    1.4267E-10   1.5535E-12    56485.896597222    56486.157002315
1.1320E18     1.3540E17    1.4298E-10   1.5528E-12    56485.896597222    56486.157002315
1.4020E18     1.3540E17    1.4056E-10   1.6692E-12    56485.896597222    56486.157002315
1.6730E18     1.3540E17    1.3948E-10   1.8452E-12    56485.896597222    56486.157002315
1.9440E18     1.3540E17    1.4161E-10   2.0818E-12    56485.896597222    56486.157002315
2.2150E18     1.3540E17    1.3628E-10   2.2784E-12    56485.896597222    56486.157002315
2.4860E18     1.3540E17    1.3434E-10   2.6266E-12    56485.896597222    56486.157002315
2.7570E18     1.3540E17    1.3386E-10   3.0826E-12    56485.896597222    56486.157002315
3.0270E18     1.3540E17    1.3495E-10   3.6136E-12    56485.896597222    56486.157002315
3.2980E18     1.3540E17    1.3095E-10   4.0388E-12    56485.896597222    56486.157002315
3.5690E18     1.3540E17    1.2575E-10   4.4525E-12    56485.896597222    56486.157002315
3.8400E18     1.3540E17    1.2710E-10   4.9830E-12    56485.896597222    56486.157002315
4.1110E18     1.3540E17    1.2514E-10   5.4660E-12    56485.896597222    56486.157002315
4.3810E18     1.3540E17    1.1838E-10   5.8743E-12    56485.896597222    56486.157002315
4.6520E18     1.3540E17    1.2211E-10   6.5316E-12    56485.896597222    56486.157002315
4.9230E18     1.3540E17    1.1769E-10   7.0031E-12    56485.896597222    56486.157002315
5.1940E18     1.3540E17    1.2454E-10   7.8598E-12    56485.896597222    56486.157002315
5.4650E18     1.3540E17    1.1884E-10   8.3929E-12    56485.896597222    56486.157002315
5.7380E18     1.3780E17    1.1152E-10   8.8454E-12    56485.896597222    56486.157002315
6.0160E18     1.4020E17    1.0740E-10   9.4709E-12    56485.896597222    56486.157002315
6.2960E18     1.4020E17    1.1342E-10   1.0539E-11    56485.896597222    56486.157002315
6.5790E18     1.4270E17    1.0633E-10   1.1576E-11    56485.896597222    56486.157002315
6.8650E18     1.4270E17    9.8707E-11   1.2174E-11    56485.896597222    56486.157002315
7.1550E18     1.4750E17    1.0715E-10   1.3010E-11    56485.896597222    56486.157002315
7.4520E18     1.4990E17    1.0412E-10   1.3700E-11    56485.896597222    56486.157002315
7.7590E18     1.5720E17    1.2415E-10   1.5670E-11    56485.896597222    56486.157002315
8.0660E18     1.4990E17    1.2474E-10   1.7176E-11    56485.896597222    56486.157002315
8.3860E18     1.6930E17    1.1268E-10   1.6324E-11    56485.896597222    56486.157002315
8.7430E18     1.8860E17    1.0305E-10   1.5808E-11    56485.896597222    56486.157002315
9.1380E18     2.0550E17    9.5739E-11   1.5872E-11    56485.896597222    56486.157002315
9.5700E18     2.2730E17    8.8701E-11   1.5934E-11    56485.896597222    56486.157002315
1.0020E19     2.2250E17    1.0957E-10   1.8940E-11    56485.896597222    56486.157002315
1.0560E19     3.1920E17    8.9018E-11   1.5811E-11    56485.896597222    56486.157002315
1.1210E19     3.2880E17    1.0166E-10   1.8598E-11    56485.896597222    56486.157002315
1.1890E19     3.5060E17    1.0516E-10   2.0656E-11    56485.896597222    56486.157002315
1.2710E19     4.7150E17    1.1932E-10   2.2051E-11    56485.896597222    56486.157002315
1.3970E19     7.8580E17    8.0120E-11   1.8720E-11    56485.896597222    56486.157002315
1.5830E19     1.0780E18    8.5112E-11   2.4651E-11    56485.896597222    56486.157002315
1.6090E19     1.0300E18    6.8405E-11   2.4633E-11    56485.896597222    56486.157002315
1.7960E19     8.3660E17    8.9772E-11   4.3081E-11    56485.896597222    56486.157002315
8.6080E17     1.3540E17    1.2829E-10   1.5092E-12    56486.844502315    56487.091099537
1.1320E18     1.3540E17    1.2779E-10   1.5032E-12    56486.844502315    56487.091099537
1.4020E18     1.3540E17    1.2555E-10   1.6163E-12    56486.844502315    56487.091099537
1.6730E18     1.3540E17    1.2725E-10   1.8049E-12    56486.844502315    56487.091099537
1.9440E18     1.3540E17    1.2327E-10   1.9890E-12    56486.844502315    56487.091099537
2.2150E18     1.3540E17    1.2156E-10   2.2042E-12    56486.844502315    56487.091099537
2.4860E18     1.3540E17    1.2226E-10   2.5655E-12    56486.844502315    56487.091099537
2.7570E18     1.3540E17    1.1903E-10   2.9743E-12    56486.844502315    56487.091099537
3.0270E18     1.3540E17    1.1419E-10   3.4044E-12    56486.844502315    56487.091099537
3.2980E18     1.3540E17    1.1391E-10   3.8578E-12    56486.844502315    56487.091099537
3.5690E18     1.3540E17    1.1052E-10   4.2759E-12    56486.844502315    56487.091099537
3.8400E18     1.3540E17    1.0951E-10   4.7407E-12    56486.844502315    56487.091099537
4.1110E18     1.3540E17    1.0905E-10   5.2309E-12    56486.844502315    56487.091099537
4.3810E18     1.3540E17    1.0670E-10   5.6955E-12    56486.844502315    56487.091099537
4.6520E18     1.3540E17    1.0150E-10   6.1098E-12    56486.844502315    56487.091099537
4.9230E18     1.3540E17    1.0907E-10   6.8997E-12    56486.844502315    56487.091099537
5.1940E18     1.3540E17    1.0872E-10   7.5090E-12    56486.844502315    56487.091099537
5.4650E18     1.3540E17    9.8431E-11   7.8388E-12    56486.844502315    56487.091099537
5.7360E18     1.3540E17    9.7456E-11   8.5293E-12    56486.844502315    56487.091099537
6.0110E18     1.4020E17    8.5380E-11   8.6536E-12    56486.844502315    56487.091099537
6.2890E18     1.3780E17    9.9168E-11   1.0167E-11    56486.844502315    56487.091099537
6.5750E18     1.4750E17    9.0432E-11   1.0741E-11    56486.844502315    56487.091099537
6.8740E18     1.5230E17    9.8592E-11   1.2004E-11    56486.844502315    56487.091099537
7.1910E18     1.6440E17    8.9952E-11   1.1669E-11    56486.844502315    56487.091099537
7.5080E18     1.5230E17    9.7466E-11   1.3746E-11    56486.844502315    56487.091099537
7.8390E18     1.7890E17    8.9245E-11   1.3287E-11    56486.844502315    56487.091099537
8.2280E18     2.1040E17    8.9349E-11   1.3012E-11    56486.844502315    56487.091099537
8.6640E18     2.2490E17    8.3797E-11   1.3592E-11    56486.844502315    56487.091099537
9.0990E18     2.1040E17    9.9097E-11   1.5997E-11    56486.844502315    56487.091099537
9.5340E18     2.2490E17    1.0633E-10   1.7466E-11    56486.844502315    56487.091099537
1.0050E19     2.8770E17    8.5559E-11   1.5354E-11    56486.844502315    56487.091099537
1.0790E19     4.5700E17    5.7422E-11   1.1935E-11    56486.844502315    56487.091099537
1.1770E19     5.1990E17    5.8360E-11   1.3376E-11    56486.844502315    56487.091099537
1.2980E19     6.9150E17    6.7389E-11   1.5123E-11    56486.844502315    56487.091099537
1.4600E19     9.2370E17    6.6785E-11   1.8337E-11    56486.844502315    56487.091099537
1.6580E19     1.0570E18    7.8846E-11   2.8206E-11    56486.844502315    56487.091099537
8.6080E17     1.3540E17    3.9198E-11   5.6311E-13    57870.934803241    57871.507696759
1.1320E18     1.3540E17    3.7061E-11   5.4712E-13    57870.934803241    57871.507696759
1.4020E18     1.3540E17    3.6197E-11   5.8658E-13    57870.934803241    57871.507696759
1.6730E18     1.3540E17    3.5159E-11   6.4175E-13    57870.934803241    57871.507696759
1.9440E18     1.3540E17    3.5574E-11   7.2288E-13    57870.934803241    57871.507696759
2.2150E18     1.3540E17    3.4358E-11   7.9312E-13    57870.934803241    57871.507696759
2.4860E18     1.3540E17    3.2073E-11   8.9220E-13    57870.934803241    57871.507696759
2.7570E18     1.3540E17    3.1216E-11   1.0356E-12    57870.934803241    57871.507696759
3.0270E18     1.3540E17    2.9775E-11   1.1843E-12    57870.934803241    57871.507696759
3.2980E18     1.3540E17    3.0165E-11   1.3534E-12    57870.934803241    57871.507696759
3.5690E18     1.3540E17    2.8531E-11   1.4783E-12    57870.934803241    57871.507696759
3.8400E18     1.3540E17    2.9865E-11   1.6868E-12    57870.934803241    57871.507696759
4.1110E18     1.3540E17    2.8991E-11   1.8454E-12    57870.934803241    57871.507696759
4.3810E18     1.3540E17    3.1801E-11   2.1249E-12    57870.934803241    57871.507696759
4.6550E18     1.3780E17    2.9912E-11   2.2445E-12    57870.934803241    57871.507696759
4.9300E18     1.3780E17    2.7125E-11   2.3475E-12    57870.934803241    57871.507696759
5.2060E18     1.3780E17    2.6466E-11   2.5523E-12    57870.934803241    57871.507696759
5.4840E18     1.4020E17    2.7534E-11   2.8448E-12    57870.934803241    57871.507696759
5.7670E18     1.4270E17    2.5929E-11   3.0637E-12    57870.934803241    57871.507696759
6.0590E18     1.4990E17    2.6211E-11   3.3784E-12    57870.934803241    57871.507696759
6.3670E18     1.5720E17    2.3664E-11   3.4096E-12    57870.934803241    57871.507696759
6.7150E18     1.9100E17    2.0076E-11   3.4659E-12    57870.934803241    57871.507696759
7.0750E18     1.6930E17    2.5968E-11   4.4105E-12    57870.934803241    57871.507696759
7.4470E18     2.0310E17    2.2546E-11   4.3852E-12    57870.934803241    57871.507696759
7.9310E18     2.8050E17    1.9144E-11   3.7339E-12    57870.934803241    57871.507696759
8.4610E18     2.4910E17    2.2118E-11   4.7318E-12    57870.934803241    57871.507696759
8.9640E18     2.5390E17    2.8779E-11   5.6858E-12    57870.934803241    57871.507696759
9.6260E18     4.0860E17    1.6096E-11   4.3199E-12    57870.934803241    57871.507696759
1.0450E19     4.1350E17    2.0345E-11   5.3652E-12    57870.934803241    57871.507696759
1.1500E19     6.3350E17    1.5191E-11   5.1904E-12    57870.934803241    57871.507696759
1.2730E19     6.0210E17    2.0835E-11   7.2586E-12    57870.934803241    57871.507696759
1.4150E19     8.1970E17    1.9135E-11   8.5200E-12    57870.934803241    57871.507696759
8.2700E17     1.0160E17    1.8553E-11   4.5028E-13    57897.924398148    57898.490405093
1.0300E18     1.0160E17    1.6318E-11   4.0607E-13    57897.924398148    57898.490405093
1.2330E18     1.0160E17    1.4388E-11   4.0171E-13    57897.924398148    57898.490405093
1.4360E18     1.0160E17    1.2861E-11   4.0486E-13    57897.924398148    57898.490405093
1.6390E18     1.0160E17    1.1781E-11   4.1896E-13    57897.924398148    57898.490405093
1.8430E18     1.0160E17    1.0815E-11   4.3817E-13    57897.924398148    57898.490405093
2.0460E18     1.0160E17    1.0443E-11   4.6805E-13    57897.924398148    57898.490405093
2.2490E18     1.0160E17    9.5402E-12   4.8672E-13    57897.924398148    57898.490405093
2.4520E18     1.0160E17    8.5162E-12   5.1837E-13    57897.924398148    57898.490405093
2.6550E18     1.0160E17    8.4232E-12   5.7886E-13    57897.924398148    57898.490405093
2.8580E18     1.0160E17    8.0840E-12   6.5468E-13    57897.924398148    57898.490405093
3.0610E18     1.0160E17    7.5215E-12   6.9985E-13    57897.924398148    57898.490405093
3.2670E18     1.0400E17    7.3483E-12   7.5882E-13    57897.924398148    57898.490405093
3.4750E18     1.0400E17    6.7899E-12   8.0517E-13    57897.924398148    57898.490405093
3.6850E18     1.0640E17    6.8731E-12   8.6725E-13    57897.924398148    57898.490405093
3.8980E18     1.0640E17    5.5786E-12   8.6675E-13    57897.924398148    57898.490405093
4.1150E18     1.1120E17    5.9740E-12   9.5670E-13    57897.924398148    57898.490405093
4.3480E18     1.2090E17    5.6795E-12   9.7766E-13    57897.924398148    57898.490405093
4.5940E18     1.2570E17    6.0099E-12   1.0685E-12    57897.924398148    57898.490405093
4.8820E18     1.6200E17    5.1501E-12   9.8375E-13    57897.924398148    57898.490405093
5.2470E18     2.0310E17    3.9744E-12   9.3200E-13    57897.924398148    57898.490405093
5.6240E18     1.7410E17    5.0266E-12   1.2850E-12    57897.924398148    57898.490405093
6.0570E18     2.5870E17    3.9221E-12   1.1977E-12    57897.924398148    57898.490405093
6.6010E18     2.8530E17    3.4342E-12   1.4848E-12    57897.924398148    57898.490405093
7.1280E18     2.4180E17    4.7869E-12   2.2953E-12    57897.924398148    57898.490405093
7.6530E18     2.8290E17    6.0013E-12   2.5954E-12    57897.924398148    57898.490405093
8.2450E18     3.0950E17    7.7348E-12   2.8278E-12    57897.924398148    57898.490405093
7.9310E17     6.7700E16    1.1288E-11   4.5815E-13    58227.629305556    58228.143194444
9.2850E17     6.7700E16    9.6631E-12   4.0106E-13    58227.629305556    58228.143194444
1.0640E18     6.7700E16    9.1552E-12   3.9199E-13    58227.629305556    58228.143194444
1.1990E18     6.7700E16    8.2971E-12   3.8829E-13    58227.629305556    58228.143194444
1.3350E18     6.7700E16    7.7062E-12   3.8902E-13    58227.629305556    58228.143194444
1.4700E18     6.7700E16    6.9518E-12   3.8734E-13    58227.629305556    58228.143194444
1.6060E18     6.7700E16    7.1026E-12   4.1211E-13    58227.629305556    58228.143194444
1.7410E18     6.7700E16    6.3363E-12   4.1307E-13    58227.629305556    58228.143194444
1.8760E18     6.7700E16    5.8045E-12   4.1955E-13    58227.629305556    58228.143194444
2.0120E18     6.7700E16    6.1705E-12   4.5556E-13    58227.629305556    58228.143194444
2.1470E18     6.7700E16    5.4229E-12   4.5273E-13    58227.629305556    58228.143194444
2.2830E18     6.7700E16    4.5413E-12   4.3907E-13    58227.629305556    58228.143194444
2.4180E18     6.7700E16    5.1482E-12   5.0355E-13    58227.629305556    58228.143194444
2.5530E18     6.7700E16    4.8687E-12   5.4043E-13    58227.629305556    58228.143194444
2.6910E18     7.0120E16    5.1026E-12   5.8141E-13    58227.629305556    58228.143194444
2.8290E18     6.7700E16    4.0023E-12   5.8223E-13    58227.629305556    58228.143194444
2.9640E18     6.7700E16    3.5877E-12   5.9873E-13    58227.629305556    58228.143194444
3.1140E18     8.2210E16    4.0410E-12   6.1338E-13    58227.629305556    58228.143194444
3.2690E18     7.2540E16    3.9123E-12   6.9286E-13    58227.629305556    58228.143194444
3.4240E18     8.2210E16    3.7447E-12   6.9376E-13    58227.629305556    58228.143194444
3.5930E18     8.7050E16    3.4027E-12   6.9590E-13    58227.629305556    58228.143194444
3.7670E18     8.7050E16    3.8008E-12   7.8503E-13    58227.629305556    58228.143194444
3.9750E18     1.2090E17    2.9110E-12   6.4975E-13    58227.629305556    58228.143194444
4.2070E18     1.1120E17    3.6576E-12   8.1827E-13    58227.629305556    58228.143194444
4.4080E18     8.9470E16    4.1838E-12   1.0262E-12    58227.629305556    58228.143194444
4.6380E18     1.4020E17    2.4115E-12   7.2065E-13    58227.629305556    58228.143194444
4.9790E18     2.0070E17    1.8092E-12   6.1437E-13    58227.629305556    58228.143194444
5.3510E18     1.7170E17    3.0057E-12   1.0169E-12    58227.629305556    58228.143194444
5.7400E18     2.1760E17    2.0072E-12   9.3590E-13    58227.629305556    58228.143194444
# BeppoSAX Spectra (Giommi et al. 2002) (id = 123)
#   frequency \gn (Hz)    Bin   Nufnu (erg cm^-2 s^-1)  Nufnu (erg cm^-2 s^-1)_error    TStart    TStop
6.7220E16     1.1240E16    3.3700E-11   3.2835E-12    50993.82034    50994.53376
9.4230E16     1.5760E16    4.1928E-11   7.9109E-12    50993.82034    50994.53376
1.3210E17     2.2090E16    4.8246E-11   5.1276E-12    50993.82034    50994.53376
1.8510E17     3.0970E16    5.0801E-11   3.2483E-12    50993.82034    50994.53376
2.5950E17     4.3410E16    5.2841E-11   2.8549E-12    50993.82034    50994.53376
3.6380E17     6.0840E16    5.8249E-11   3.0456E-12    50993.82034    50994.53376
5.0990E17     8.5290E16    6.0550E-11   2.5350E-12    50993.82034    50994.53376
7.1470E17     1.1950E17    6.5036E-11   2.6924E-12    50993.82034    50994.53376
1.0020E18     1.6760E17    6.5450E-11   3.2793E-12    50993.82034    50994.53376
1.4040E18     2.3490E17    6.5136E-11   4.4513E-12    50993.82034    50994.53376
1.9680E18     3.2920E17    6.3891E-11   6.9405E-12    50993.82034    50994.53376
2.7590E18     4.6150E17    6.5373E-11   1.0850E-11    50993.82034    50994.53376
3.8680E18     6.4690E17    6.4233E-11   1.3491E-11    50993.82034    50994.53376
5.4210E18     9.0680E17    5.5297E-11   1.2045E-11    50993.82034    50994.53376
7.5990E18     1.2710E18    3.4586E-11   1.2541E-11    50993.82034    50994.53376
1.0650E19     1.7820E18    4.3398E-11   1.5387E-11    50993.82034    50994.53376
6.7220E16     1.1240E16    6.1639E-11   4.2668E-12    50549.22369    50549.68478
9.4230E16     1.5760E16    8.5378E-11   1.0908E-11    50549.22369    50549.68478
1.3210E17     2.2090E16    9.9494E-11   7.1031E-12    50549.22369    50549.68478
1.8510E17     3.0970E16    9.8923E-11   4.3607E-12    50549.22369    50549.68478
2.5950E17     4.3410E16    1.0714E-10   3.9095E-12    50549.22369    50549.68478
3.6380E17     6.0840E16    1.1640E-10   3.9978E-12    50549.22369    50549.68478
5.0990E17     8.5290E16    1.2915E-10   3.5591E-12    50549.22369    50549.68478
7.1470E17     1.1950E17    1.3550E-10   3.2815E-12    50549.22369    50549.68478
1.0020E18     1.6760E17    1.4539E-10   3.9173E-12    50549.22369    50549.68478
1.4040E18     2.3490E17    1.5695E-10   5.7825E-12    50549.22369    50549.68478
1.9680E18     3.2920E17    1.6720E-10   9.8455E-12    50549.22369    50549.68478
2.7590E18     4.6150E17    1.7025E-10   1.5124E-11    50549.22369    50549.68478
3.8680E18     6.4690E17    1.7918E-10   1.1935E-11    50549.22369    50549.68478
5.4210E18     9.0680E17    1.6543E-10   1.0885E-11    50549.22369    50549.68478
7.5990E18     1.2710E18    1.7505E-10   1.6033E-11    50549.22369    50549.68478
1.0650E19     1.7820E18    1.9007E-10   2.3400E-11    50549.22369    50549.68478
1.4930E19     2.4970E18    2.3272E-10   3.3070E-11    50549.22369    50549.68478
2.0930E19     3.5010E18    2.0304E-10   3.7517E-11    50549.22369    50549.68478
2.9340E19     4.9070E18    2.5787E-10   5.6143E-11    50549.22369    50549.68478
6.7220E16     1.1240E16    6.1571E-11   4.2874E-12    50545.21646    50545.66812
9.4230E16     1.5760E16    8.8223E-11   1.1142E-11    50545.21646    50545.66812
1.3210E17     2.2090E16    9.6955E-11   7.0414E-12    50545.21646    50545.66812
1.8510E17     3.0970E16    9.7782E-11   4.3627E-12    50545.21646    50545.66812
2.5950E17     4.3410E16    1.1026E-10   3.9957E-12    50545.21646    50545.66812
3.6380E17     6.0840E16    1.1635E-10   4.0110E-12    50545.21646    50545.66812
5.0990E17     8.5290E16    1.2480E-10   3.0057E-12    50545.21646    50545.66812
7.1470E17     1.1950E17    1.2951E-10   3.0008E-12    50545.21646    50545.66812
1.0020E18     1.6760E17    1.3368E-10   3.6229E-12    50545.21646    50545.66812
1.4040E18     2.3490E17    1.3598E-10   4.8935E-12    50545.21646    50545.66812
1.9680E18     3.2920E17    1.4057E-10   7.8089E-12    50545.21646    50545.66812
2.7590E18     4.6150E17    1.4571E-10   1.2201E-11    50545.21646    50545.66812
3.8680E18     6.4690E17    1.2644E-10   9.2834E-12    50545.21646    50545.66812
5.4210E18     9.0680E17    1.1756E-10   8.2634E-12    50545.21646    50545.66812
7.5990E18     1.2710E18    1.0550E-10   1.2223E-11    50545.21646    50545.66812
1.0650E19     1.7820E18    1.2019E-10   1.8117E-11    50545.21646    50545.66812
1.4930E19     2.4970E18    1.1908E-10   2.5586E-11    50545.21646    50545.66812
2.0930E19     3.5010E18    1.0897E-10   2.9000E-11    50545.21646    50545.66812
2.9340E19     4.9070E18    1.3305E-10   4.3257E-11    50545.21646    50545.66812
6.7220E16     1.1240E16    1.9946E-11   2.1194E-12    50984.44023    50985.16509
9.4230E16     1.5760E16    2.7776E-11   5.4579E-12    50984.44023    50985.16509
1.3210E17     2.2090E16    2.8134E-11   3.3385E-12    50984.44023    50985.16509
1.8510E17     3.0970E16    2.7563E-11   2.0153E-12    50984.44023    50985.16509
2.5950E17     4.3410E16    2.8206E-11   1.7494E-12    50984.44023    50985.16509
3.6380E17     6.0840E16    3.0816E-11   1.8687E-12    50984.44023    50985.16509
5.0990E17     8.5290E16    3.2603E-11   1.5965E-12    50984.44023    50985.16509
7.1470E17     1.1950E17    3.1557E-11   1.6066E-12    50984.44023    50985.16509
1.0020E18     1.6760E17    3.1510E-11   1.9516E-12    50984.44023    50985.16509
1.4040E18     2.3490E17    2.9842E-11   2.5917E-12    50984.44023    50985.16509
1.9680E18     3.2920E17    3.0165E-11   4.1200E-12    50984.44023    50985.16509
2.7590E18     4.6150E17    2.8949E-11   6.3012E-12    50984.44023    50985.16509
3.8680E18     6.4690E17    2.8412E-11   5.2695E-12    50984.44023    50985.16509
5.4210E18     9.0680E17    2.4232E-11   4.8671E-12    50984.44023    50985.16509
7.5990E18     1.2710E18    2.1764E-11   7.8313E-12    50984.44023    50985.16509
1.0650E19     1.7820E18    2.7630E-11   7.9560E-12    50984.44023    50985.16509
1.4930E19     2.4970E18    2.4950E-11   1.1065E-11    50984.44023    50985.16509
6.7220E16     1.1240E16    3.7676E-11   2.4503E-12    51019.63823    51020.70333
9.4230E16     1.5760E16    4.8650E-11   6.0658E-12    51019.63823    51020.70333
1.3210E17     2.2090E16    5.4785E-11   3.8887E-12    51019.63823    51020.70333
1.8510E17     3.0970E16    5.2634E-11   2.3307E-12    51019.63823    51020.70333
2.5950E17     4.3410E16    5.6710E-11   2.0850E-12    51019.63823    51020.70333
3.6380E17     6.0840E16    6.0814E-11   2.2608E-12    51019.63823    51020.70333
5.0990E17     8.5290E16    6.0518E-11   1.9872E-12    51019.63823    51020.70333
7.1470E17     1.1950E17    6.1373E-11   2.0448E-12    51019.63823    51020.70333
1.0020E18     1.6760E17    5.9017E-11   2.4401E-12    51019.63823    51020.70333
1.4040E18     2.3490E17    5.6325E-11   3.2447E-12    51019.63823    51020.70333
1.9680E18     3.2920E17    5.3698E-11   4.9925E-12    51019.63823    51020.70333
2.7590E18     4.6150E17    5.6421E-11   7.9036E-12    51019.63823    51020.70333
3.8680E18     6.4690E17    3.7352E-11   8.4842E-12    51019.63823    51020.70333
5.4210E18     9.0680E17    3.5784E-11   7.5021E-12    51019.63823    51020.70333
7.5990E18     1.2710E18    3.4130E-11   1.1289E-11    51019.63823    51020.70333
1.0650E19     1.7820E18    2.7824E-11   1.3085E-11    51019.63823    51020.70333
6.7220E16     1.1240E16    3.3376E-11   1.1437E-12    51339.95924    51345.09106
9.4230E16     1.5760E16    3.9117E-11   2.8173E-12    51339.95924    51345.09106
1.3210E17     2.2090E16    3.8656E-11   1.6519E-12    51339.95924    51345.09106
1.8510E17     3.0970E16    3.1518E-11   9.0215E-13    51339.95924    51345.09106
2.5950E17     4.3410E16    2.9943E-11   7.5152E-13    51339.95924    51345.09106
3.6380E17     6.0840E16    2.6920E-11   7.1242E-13    51339.95924    51345.09106
5.0990E17     8.5290E16    2.6105E-11   5.5292E-13    51339.95924    51345.09106
7.1470E17     1.1950E17    2.2448E-11   5.2249E-13    51339.95924    51345.09106
1.0020E18     1.6760E17    1.9269E-11   5.8961E-13    51339.95924    51345.09106
1.4040E18     2.3490E17    1.6730E-11   7.5709E-13    51339.95924    51345.09106
1.9680E18     3.2920E17    1.4498E-11   1.1327E-12    51339.95924    51345.09106
2.7590E18     4.6150E17    1.2039E-11   1.6862E-12    51339.95924    51345.09106
3.8680E18     6.4690E17    1.3763E-11   2.6179E-12    51339.95924    51345.09106
5.4210E18     9.0680E17    4.5871E-12   2.0192E-12    51339.95924    51345.09106
1.0650E19     1.7820E18    5.2963E-12   2.5173E-12    51339.95924    51345.09106
6.7220E16     1.1240E16    7.6854E-11   5.3899E-12    50554.13947    50554.60839
9.4230E16     1.5760E16    1.0072E-10   1.3048E-11    50554.13947    50554.60839
1.3210E17     2.2090E16    1.2821E-10   9.1333E-12    50554.13947    50554.60839
1.8510E17     3.0970E16    1.4198E-10   5.9984E-12    50554.13947    50554.60839
2.5950E17     4.3410E16    1.6752E-10   5.6435E-12    50554.13947    50554.60839
3.6380E17     6.0840E16    2.0136E-10   5.9874E-12    50554.13947    50554.60839
5.0990E17     8.5290E16    2.3450E-10   5.2161E-12    50554.13947    50554.60839
7.1470E17     1.1950E17    2.7100E-10   5.0501E-12    50554.13947    50554.60839
1.0020E18     1.6760E17    3.1135E-10   6.2400E-12    50554.13947    50554.60839
1.4040E18     2.3490E17    3.5968E-10   9.5114E-12    50554.13947    50554.60839
1.9680E18     3.2920E17    4.0133E-10   1.6516E-11    50554.13947    50554.60839
2.7590E18     4.6150E17    4.4975E-10   2.6529E-11    50554.13947    50554.60839
3.8680E18     6.4690E17    4.8996E-10   1.3112E-11    50554.13947    50554.60839
5.4210E18     9.0680E17    5.2008E-10   1.2335E-11    50554.13947    50554.60839
7.5990E18     1.2710E18    5.4281E-10   1.7721E-11    50554.13947    50554.60839
1.0650E19     1.7820E18    6.1106E-10   2.5655E-11    50554.13947    50554.60839
1.4930E19     2.4970E18    5.8516E-10   3.5525E-11    50554.13947    50554.60839
2.0930E19     3.5010E18    6.0820E-10   4.0682E-11    50554.13947    50554.60839
2.9340E19     4.9070E18    5.9633E-10   5.9566E-11    50554.13947    50554.60839
4.1120E19     6.8780E18    7.6582E-10   1.2733E-10    50554.13947    50554.60839
6.7220E16     1.1240E16    2.9519E-11   3.2713E-12    51010.81825    51011.46265
9.4230E16     1.5760E16    3.5920E-11   7.7752E-12    51010.81825    51011.46265
1.3210E17     2.2090E16    4.7672E-11   5.4270E-12    51010.81825    51011.46265
1.8510E17     3.0970E16    4.8905E-11   3.3939E-12    51010.81825    51011.46265
2.5950E17     4.3410E16    5.4237E-11   3.0778E-12    51010.81825    51011.46265
3.6380E17     6.0840E16    5.4009E-11   3.1429E-12    51010.81825    51011.46265
5.0990E17     8.5290E16    6.1062E-11   2.7794E-12    51010.81825    51011.46265
7.1470E17     1.1950E17    5.8541E-11   2.7854E-12    51010.81825    51011.46265
1.0020E18     1.6760E17    5.7550E-11   3.3578E-12    51010.81825    51011.46265
1.4040E18     2.3490E17    5.6243E-11   4.5019E-12    51010.81825    51011.46265
1.9680E18     3.2920E17    5.2401E-11   6.8736E-12    51010.81825    51011.46265
2.7590E18     4.6150E17    4.0736E-11   9.4349E-12    51010.81825    51011.46265
3.8680E18     6.4690E17    4.9289E-11   9.2883E-12    51010.81825    51011.46265
5.4210E18     9.0680E17    3.0227E-11   8.1792E-12    51010.81825    51011.46265
7.5990E18     1.2710E18    3.8153E-11   1.2148E-11    51010.81825    51011.46265
1.0650E19     1.7820E18    3.6975E-11   1.3763E-11    51010.81825    51011.46265
1.4930E19     2.4970E18    4.6571E-11   1.8236E-11    51010.81825    51011.46265
6.7220E16     1.1240E16    4.6937E-11   4.0860E-12    50931.37002    50932.09718
9.4230E16     1.5760E16    6.1638E-11   9.4550E-12    50931.37002    50932.09718
1.3210E17     2.2090E16    6.6152E-11   5.8154E-12    50931.37002    50932.09718
1.8510E17     3.0970E16    7.2483E-11   3.6864E-12    50931.37002    50932.09718
2.5950E17     4.3410E16    7.9102E-11   3.2858E-12    50931.37002    50932.09718
3.6380E17     6.0840E16    8.7375E-11   3.4879E-12    50931.37002    50932.09718
5.0990E17     8.5290E16    9.5753E-11   2.9567E-12    50931.37002    50932.09718
7.1470E17     1.1950E17    1.0137E-10   3.1214E-12    50931.37002    50932.09718
1.0020E18     1.6760E17    1.0894E-10   3.9326E-12    50931.37002    50932.09718
1.4040E18     2.3490E17    1.1432E-10   5.4599E-12    50931.37002    50932.09718
1.9680E18     3.2920E17    1.2152E-10   8.9179E-12    50931.37002    50932.09718
2.7590E18     4.6150E17    1.2626E-10   1.3898E-11    50931.37002    50932.09718
3.8680E18     6.4690E17    1.2435E-10   1.0027E-11    50931.37002    50932.09718
5.4210E18     9.0680E17    1.1641E-10   9.0704E-12    50931.37002    50932.09718
7.5990E18     1.2710E18    1.1235E-10   1.3521E-11    50931.37002    50932.09718
1.0650E19     1.7820E18    9.7602E-11   1.9693E-11    50931.37002    50932.09718
1.4930E19     2.4970E18    7.9628E-11   2.0126E-11    50931.37002    50932.09718
2.0930E19     3.5010E18    9.6796E-11   2.9173E-11    50931.37002    50932.09718
2.9340E19     4.9070E18    5.6720E-11   2.4760E-11    50931.37002    50932.09718
6.7220E16     1.1240E16    5.3534E-11   4.1989E-12    50932.85677    50933.56955
9.4230E16     1.5760E16    7.7872E-11   1.0024E-11    50932.85677    50933.56955
1.3210E17     2.2090E16    7.7847E-11   6.0592E-12    50932.85677    50933.56955
1.8510E17     3.0970E16    8.0472E-11   3.7147E-12    50932.85677    50933.56955
2.5950E17     4.3410E16    9.3649E-11   3.4221E-12    50932.85677    50933.56955
3.6380E17     6.0840E16    1.0426E-10   3.6797E-12    50932.85677    50933.56955
5.0990E17     8.5290E16    1.1472E-10   3.2105E-12    50932.85677    50933.56955
7.1470E17     1.1950E17    1.2090E-10   3.3731E-12    50932.85677    50933.56955
1.0020E18     1.6760E17    1.2686E-10   4.1797E-12    50932.85677    50933.56955
1.4040E18     2.3490E17    1.3656E-10   5.8601E-12    50932.85677    50933.56955
1.9680E18     3.2920E17    1.4255E-10   9.4149E-12    50932.85677    50933.56955
2.7590E18     4.6150E17    1.4356E-10   1.4625E-11    50932.85677    50933.56955
3.8680E18     6.4690E17    1.4593E-10   1.0024E-11    50932.85677    50933.56955
5.4210E18     9.0680E17    1.3163E-10   8.9520E-12    50932.85677    50933.56955
7.5990E18     1.2710E18    1.3373E-10   1.3194E-11    50932.85677    50933.56955
1.0650E19     1.7820E18    1.1172E-10   1.9476E-11    50932.85677    50933.56955
1.4930E19     2.4970E18    1.3293E-10   2.7636E-11    50932.85677    50933.56955
2.0930E19     3.5010E18    8.7779E-11   2.2258E-11    50932.85677    50933.56955
2.9340E19     4.9070E18    8.4208E-11   3.3512E-11    50932.85677    50933.56955
6.7220E16     1.1240E16    4.8335E-11   4.2542E-12    50934.79325    50935.44333
9.4230E16     1.5760E16    7.1733E-11   1.0464E-11    50934.79325    50935.44333
1.3210E17     2.2090E16    7.1350E-11   6.2117E-12    50934.79325    50935.44333
1.8510E17     3.0970E16    7.3898E-11   3.8037E-12    50934.79325    50935.44333
2.5950E17     4.3410E16    8.1924E-11   3.4162E-12    50934.79325    50935.44333
3.6380E17     6.0840E16    8.6152E-11   3.5862E-12    50934.79325    50935.44333
5.0990E17     8.5290E16    9.1021E-11   3.1032E-12    50934.79325    50935.44333
7.1470E17     1.1950E17    9.1683E-11   3.1849E-12    50934.79325    50935.44333
1.0020E18     1.6760E17    9.2917E-11   3.8928E-12    50934.79325    50935.44333
1.4040E18     2.3490E17    9.2151E-11   5.2670E-12    50934.79325    50935.44333
1.9680E18     3.2920E17    8.7717E-11   8.1004E-12    50934.79325    50935.44333
2.7590E18     4.6150E17    9.7389E-11   1.3165E-11    50934.79325    50935.44333
3.8680E18     6.4690E17    6.3344E-11   9.4889E-12    50934.79325    50935.44333
5.4210E18     9.0680E17    7.4404E-11   8.3474E-12    50934.79325    50935.44333
7.5990E18     1.2710E18    5.4180E-11   1.2479E-11    50934.79325    50935.44333
1.0650E19     1.7820E18    5.2063E-11   1.6397E-11    50934.79325    50935.44333
1.4930E19     2.4970E18    3.2999E-11   1.3731E-11    50934.79325    50935.44333
2.0930E19     3.5010E18    6.1043E-11   2.3289E-11    50934.79325    50935.44333
2.9340E19     4.9070E18    3.9293E-11   2.5736E-11    50993.82034    50994.53376
# Mrk 501 (id = 122)
#   frequency \gn (Hz)    Bin   Nufnu (erg cm^-2 s^-1)  Nufnu (erg cm^-2 s^-1)_error    TStart    TStop
9.6720E17     0.0000E00    6.3600E-11   7.2400E-13    59646.12569    59648.33819
9.6720E17     0.0000E00    1.3000E-10   2.8880E-12    59664.5    59666.5
1.0000E18     0.0000E00    -1.0000E00   0.0000E00    59646.12569    59648.33819
1.0000E18     0.0000E00    -1.0000E00   0.0000E00    59646.12569    59648.33819
1.0000E18     0.0000E00    -1.0000E00   0.0000E00    59646.12569    59648.33819
1.0000E18     0.0000E00    -1.0000E00   0.0000E00    59646.12569    59648.33819
# TACTIC_2008JPhG_35f5202G (id = 121)
#   frequency \gn (Hz)    Bin   Nufnu (erg cm^-2 s^-1)  Nufnu (erg cm^-2 s^-1)_error    TStart    TStop
2.4180E26     0.0000E00    2.5154E-11   2.0508E-11    53440.0    53862.0
3.6080E26     0.0000E00    2.2505E-11   6.5981E-12    53440.0    53862.0
5.3820E26     0.0000E00    1.2067E-11   3.6678E-12    53440.0    53862.0
8.0280E26     0.0000E00    1.0225E-11   3.3907E-12    53440.0    53862.0
1.1980E27     0.0000E00    7.9003E-12   3.6160E-12    53440.0    53862.0
1.7870E27     0.0000E00    6.7618E-12   3.5077E-12    53440.0    53862.0
2.6650E27     0.0000E00    3.1732E-12   3.7378E-12    53440.0    53862.0
# ARGO_YBJ_2012ApJ_758_2B (id = 120)
#   frequency \gn (Hz)    Bin   Nufnu (erg cm^-2 s^-1)  Nufnu (erg cm^-2 s^-1)_error    TStart    TStop
1.0810E26     0.0000E00    3.5534E-11   1.5430E-11    54683.0    55850.0
2.1540E26     0.0000E00    1.7553E-11   9.5014E-12    54683.0    55850.0
3.4170E26     0.0000E00    1.2572E-11   6.1098E-12    54683.0    55850.0
6.8140E26     0.0000E00    1.2545E-11   4.5294E-12    54683.0    55850.0
1.3600E27     0.0000E00    3.9310E-12   5.3191E-12    54683.0    55850.0
2.7130E27     0.0000E00    5.9097E-12   4.6390E-12    54683.0    55850.0
2.7130E26     0.0000E00    6.7165E-11   4.8205E-11    55851.0    55887.0
4.2990E26     0.0000E00    9.3195E-11   3.2162E-11    55851.0    55887.0
8.5790E26     0.0000E00    5.4052E-11   2.3597E-11    55851.0    55887.0
1.7120E27     0.0000E00    9.9558E-11   2.7780E-11    55851.0    55887.0
3.4140E27     0.0000E00    5.6540E-11   2.4117E-11    55851.0    55887.0
# HEGRA_2001A&A_366_62A (id = 119)
#   frequency \gn (Hz)    Bin   Nufnu (erg cm^-2 s^-1)  Nufnu (erg cm^-2 s^-1)_error    TStart    TStop
7.9310E26     0.0000E00    1.1471E-10   4.6005E-12    50508.0    50752.0
8.8980E26     0.0000E00    1.0341E-10   4.3004E-12    50508.0    50752.0
9.9860E26     0.0000E00    9.5812E-11   4.3014E-12    50508.0    50752.0
1.1200E27     0.0000E00    9.4794E-11   4.3997E-12    50508.0    50752.0
1.2570E27     0.0000E00    8.4826E-11   4.3007E-12    50508.0    50752.0
1.4100E27     0.0000E00    7.0085E-11   4.1006E-12    50508.0    50752.0
1.5810E27     0.0000E00    7.5380E-11   4.5002E-12    50508.0    50752.0
1.7750E27     0.0000E00    6.5403E-11   4.3004E-12    50508.0    50752.0
1.9920E27     0.0000E00    5.0008E-11   4.0000E-12    50508.0    50752.0
2.2370E27     0.0000E00    4.2798E-11   3.9001E-12    50508.0    50752.0
2.5100E27     0.0000E00    3.8202E-11   3.8996E-12    50508.0    50752.0
2.8150E27     0.0000E00    3.9595E-11   4.2005E-12    50508.0    50752.0
3.1580E27     0.0000E00    2.1203E-11   3.7001E-12    50508.0    50752.0
3.5450E27     0.0000E00    1.4100E-11   3.3004E-12    50508.0    50752.0
3.9780E27     0.0000E00    1.4203E-11   4.0004E-12    50508.0    50752.0
4.4610E27     0.0000E00    9.7024E-12   2.9004E-12    50508.0    50752.0
5.0080E27     0.0000E00    2.4003E-12   2.6003E-12    50508.0    50752.0
# VERITAS (id = 118)
#   frequency \gn (Hz)    Bin   Nufnu (erg cm^-2 s^-1)  Nufnu (erg cm^-2 s^-1)_error    TStart    TStop
5.8170E26     0.0000E00    6.8439E-12   2.5958E-12    54914.0    54914.0
3.6830E26     0.0000E00    7.9720E-12   2.6140E-12    54914.0    54914.0
2.3320E26     0.0000E00    5.1662E-12   1.9594E-12    54914.0    54914.0
1.4760E26     0.0000E00    1.6399E-11   3.0408E-12    54914.0    54914.0
9.3450E25     0.0000E00    2.3521E-11   4.3652E-12    54914.0    54914.0
5.9160E25     0.0000E00    2.2251E-11   4.1295E-12    54914.0    54914.0
# MAGIC (id = 117)
#   frequency \gn (Hz)    Bin   Nufnu (erg cm^-2 s^-1)  Nufnu (erg cm^-2 s^-1)_error    TStart    TStop
7.1280E26     0.0000E00    6.7120E-12   4.0581E-12    54913.0    54913.0
3.0060E26     0.0000E00    1.3044E-11   3.3237E-12    54913.0    54913.0
1.3340E26     0.0000E00    1.8031E-11   4.1705E-12    54913.0    54913.0
5.6230E25     0.0000E00    3.9251E-11   1.1901E-11    54913.0    54913.0
# ARGO2LAC (id = 116)
#   frequency \gn (Hz)    Bin   Nufnu (erg cm^-2 s^-1)  Nufnu (erg cm^-2 s^-1)_error    TStart    TStop
9.6720E26     0.0000E00    1.8200E-12   3.2500E-13    55851.0    55887.0
2.4180E26     0.0000E00    6.3000E-12   6.8700E-13    54405.0    56323.0
# SWBAT70M  (14-195 keV) (id = 115)
#   frequency \gn (Hz)    Bin   Nufnu (erg cm^-2 s^-1)  Nufnu (erg cm^-2 s^-1)_error    TStart    TStop
7.2540E18     0.0000E00    2.0594E-11   1.6006E-12    53340.5    55469.5
1.6930E19     0.0000E00    1.3597E-11   1.0568E-12    53340.5    55469.5
# SWBAT105 (14-195 keV) (id = 114)
#   frequency \gn (Hz)    Bin   Nufnu (erg cm^-2 s^-1)  Nufnu (erg cm^-2 s^-1)_error    TStart    TStop
7.2540E18     0.0000E00    3.2302E-11   1.0063E-12    53340.5    56535.5
1.6930E19     0.0000E00    2.3212E-11   7.2316E-13    53340.5    56535.5
# IBISSG4CAT (40-100 keV) (id = 113)
#   frequency \gn (Hz)    Bin   Nufnu (erg cm^-2 s^-1)  Nufnu (erg cm^-2 s^-1)_error    TStart    TStop
1.5290E19     0.0000E00    2.1562E-11   6.1607E-12    52671.5    54557.5
# IBISSG4CAT (20-40 keV) (id = 112)
#   frequency \gn (Hz)    Bin   Nufnu (erg cm^-2 s^-1)  Nufnu (erg cm^-2 s^-1)_error    TStart    TStop
6.8390E18     0.0000E00    3.3839E-11   3.2748E-12    52671.5    54557.5
# Fermi3FGL (6Gev) (id = 111)
#   frequency \gn (Hz)    Bin   Nufnu (erg cm^-2 s^-1)  Nufnu (erg cm^-2 s^-1)_error    TStart    TStop
1.4520E24     0.0000E00    2.0651E-11   1.0357E-12    54682.65486    56139.94861
# Fermi3FGL (60Gev) (id = 110)
#   frequency \gn (Hz)    Bin   Nufnu (erg cm^-2 s^-1)  Nufnu (erg cm^-2 s^-1)_error    TStart    TStop
1.4520E25     0.0000E00    3.6276E-11   2.4236E-12    54682.65486    56139.94861
# Fermi3FGL (600 Mev) (id = 109)
#   frequency \gn (Hz)    Bin   Nufnu (erg cm^-2 s^-1)  Nufnu (erg cm^-2 s^-1)_error    TStart    TStop
1.4520E23     0.0000E00    9.7969E-12   4.3802E-13    54682.65486    56139.94861
# Fermi3FGL (2Gev) (id = 108)
#   frequency \gn (Hz)    Bin   Nufnu (erg cm^-2 s^-1)  Nufnu (erg cm^-2 s^-1)_error    TStart    TStop
4.8400E23     0.0000E00    1.3381E-11   5.8007E-13    54682.65486    56139.94861
# Fermi3FGL (200 Mev) (id = 107)
#   frequency \gn (Hz)    Bin   Nufnu (erg cm^-2 s^-1)  Nufnu (erg cm^-2 s^-1)_error    TStart    TStop
4.8400E22     0.0000E00    7.5018E-12   7.7824E-13    54682.65486    56139.94861
# Fermi2FglLC (id = 106)
#   frequency \gn (Hz)    Bin   Nufnu (erg cm^-2 s^-1)  Nufnu (erg cm^-2 s^-1)_error    TStart    TStop
2.4200E23     0.0000E00    9.3977E-12   1.8164E-12    54682.7    54713.0
2.4200E23     0.0000E00    1.3531E-11   2.1536E-12    54713.0    54743.4
2.4200E23     0.0000E00    6.8960E-12   1.4901E-12    54743.4    54773.8
2.4200E23     0.0000E00    5.3732E-12   1.6403E-12    54773.8    54804.1
2.4200E23     0.0000E00    1.0464E-11   1.8034E-12    54804.1    54834.5
2.4200E23     0.0000E00    9.5717E-12   1.8469E-12    54834.5    54864.9
2.4200E23     0.0000E00    1.0551E-11   2.0166E-12    54864.9    54895.2
2.4200E23     0.0000E00    1.2922E-11   2.1972E-12    54895.2    54925.6
2.4200E23     0.0000E00    1.5141E-11   2.2624E-12    54925.6    54956.0
2.4200E23     0.0000E00    2.0383E-11   2.4364E-12    54956.0    54986.4
2.4200E23     0.0000E00    8.3318E-12   1.8621E-12    54986.4    55016.7
2.4200E23     0.0000E00    1.0203E-11   1.7751E-12    55016.7    55047.1
2.4200E23     0.0000E00    1.2748E-11   2.0623E-12    55047.1    55077.5
2.4200E23     0.0000E00    1.2769E-11   2.1428E-12    55077.5    55107.8
2.4200E23     0.0000E00    8.3535E-12   1.8186E-12    55107.8    55138.2
2.4200E23     0.0000E00    9.6805E-12   1.7925E-12    55138.2    55168.6
2.4200E23     0.0000E00    1.1377E-11   1.9927E-12    55168.6    55198.9
2.4200E23     0.0000E00    5.5473E-12   1.4466E-12    55198.9    55229.3
2.4200E23     0.0000E00    6.8960E-12   1.7447E-12    55229.3    55259.7
2.4200E23     0.0000E00    8.2230E-12   1.7425E-12    55259.7    55290.1
2.4200E23     0.0000E00    1.4466E-11   2.2624E-12    55290.1    55320.4
2.4200E23     0.0000E00    1.4445E-11   2.1754E-12    55320.4    55350.8
2.4200E23     0.0000E00    1.2944E-11   2.0601E-12    55350.8    55381.2
2.4200E23     0.0000E00    8.1360E-12   1.9644E-12    55381.2    55409.0
# Fermi2FGL (6Gev) (id = 105)
#   frequency \gn (Hz)    Bin   Nufnu (erg cm^-2 s^-1)  Nufnu (erg cm^-2 s^-1)_error    TStart    TStop
1.4520E24     0.0000E00    1.8801E-11   1.4624E-12    54682.65486    55409.05347
# Fermi2FGL (60Gev) (id = 104)
#   frequency \gn (Hz)    Bin   Nufnu (erg cm^-2 s^-1)  Nufnu (erg cm^-2 s^-1)_error    TStart    TStop
1.4520E25     0.0000E00    2.8807E-11   3.1023E-12    54682.65486    55409.05347
# Fermi2FGL (600 Mev) (id = 103)
#   frequency \gn (Hz)    Bin   Nufnu (erg cm^-2 s^-1)  Nufnu (erg cm^-2 s^-1)_error    TStart    TStop
1.4520E23     0.0000E00    9.3726E-12   6.3837E-13    54682.65486    55409.05347
# Fermi2FGL (2Gev) (id = 102)
#   frequency \gn (Hz)    Bin   Nufnu (erg cm^-2 s^-1)  Nufnu (erg cm^-2 s^-1)_error    TStart    TStop
4.8400E23     0.0000E00    1.0549E-11   6.9759E-13    54682.65486    55409.05347
# Fermi2FGL (200 Mev) (id = 101)
#   frequency \gn (Hz)    Bin   Nufnu (erg cm^-2 s^-1)  Nufnu (erg cm^-2 s^-1)_error    TStart    TStop
4.8400E22     0.0000E00    6.7624E-12   1.0431E-12    54682.65486    55409.05347
# Fermi1FGL (6Gev) (id = 100)
#   frequency \gn (Hz)    Bin   Nufnu (erg cm^-2 s^-1)  Nufnu (erg cm^-2 s^-1)_error    TStart    TStop
1.4520E24     0.0000E00    1.4998E-11   1.9303E-12    54682.65486    55016.61944
# Fermi1FGL (60Gev) (id = 99)
#   frequency \gn (Hz)    Bin   Nufnu (erg cm^-2 s^-1)  Nufnu (erg cm^-2 s^-1)_error    TStart    TStop
1.4520E25     0.0000E00    2.4041E-11   3.9158E-12    54682.65486    55016.61944
# Fermi1FGL (600 Mev) (id = 98)
#   frequency \gn (Hz)    Bin   Nufnu (erg cm^-2 s^-1)  Nufnu (erg cm^-2 s^-1)_error    TStart    TStop
1.4520E23     0.0000E00    1.0843E-11   9.4652E-13    54682.65486    55016.61944
# Fermi1FGL (2Gev) (id = 97)
#   frequency \gn (Hz)    Bin   Nufnu (erg cm^-2 s^-1)  Nufnu (erg cm^-2 s^-1)_error    TStart    TStop
4.8400E23     0.0000E00    1.1359E-11   1.0603E-12    54682.65486    55016.61944
# Fermi1FGL (200 Mev) (id = 96)
#   frequency \gn (Hz)    Bin   Nufnu (erg cm^-2 s^-1)  Nufnu (erg cm^-2 s^-1)_error    TStart    TStop
4.8400E22     0.0000E00    7.0353E-12   1.9949E-12    54682.65486    55016.61944
# Fermi 4FGL-DR3 (30-100 GeV) (id = 95)
#   frequency \gn (Hz)    Bin   Nufnu (erg cm^-2 s^-1)  Nufnu (erg cm^-2 s^-1)_error    TStart    TStop
1.3240E25     0.0000E00    3.0129E-11   1.8833E-12 0.0   0.0
# Fermi 4FGL-DR3 (3-10 GeV) (id = 94)
#   frequency \gn (Hz)    Bin   Nufnu (erg cm^-2 s^-1)  Nufnu (erg cm^-2 s^-1)_error    TStart    TStop
1.3240E24     0.0000E00    1.9151E-11   5.1781E-13 0.0   0.0
# Fermi 4FGL-DR3 (100-1000 GeV) (id = 93)
#   frequency \gn (Hz)    Bin   Nufnu (erg cm^-2 s^-1)  Nufnu (erg cm^-2 s^-1)_error    TStart    TStop
7.6460E25     0.0000E00    2.9699E-11   3.1058E-12 0.0   0.0
# Fermi 4FGL-DR3 (10-30 GeV) (id = 92)
#   frequency \gn (Hz)    Bin   Nufnu (erg cm^-2 s^-1)  Nufnu (erg cm^-2 s^-1)_error    TStart    TStop
4.1880E24     0.0000E00    2.3304E-11   1.0064E-12 0.0   0.0
# Fermi 4FGL-DR3 (1-3 GeV) (id = 91)
#   frequency \gn (Hz)    Bin   Nufnu (erg cm^-2 s^-1)  Nufnu (erg cm^-2 s^-1)_error    TStart    TStop
4.1880E23     0.0000E00    1.4599E-11   3.2027E-13 0.0   0.0
# Fermi 4FGL-DR3 (0.3-1 GeV) (id = 90)
#   frequency \gn (Hz)    Bin   Nufnu (erg cm^-2 s^-1)  Nufnu (erg cm^-2 s^-1)_error    TStart    TStop
1.3230E23     0.0000E00    1.1076E-11   2.9969E-13 0.0   0.0
# Fermi 4FGL-DR3 (0.1-0.3 GeV) (id = 89)
#   frequency \gn (Hz)    Bin   Nufnu (erg cm^-2 s^-1)  Nufnu (erg cm^-2 s^-1)_error    TStart    TStop
4.1880E22     0.0000E00    7.5322E-12   7.8295E-13 0.0   0.0
# Fermi 4FGL-DR3 (0.05-0.1 GeV) (id = 88)
#   frequency \gn (Hz)    Bin   Nufnu (erg cm^-2 s^-1)  Nufnu (erg cm^-2 s^-1)_error    TStart    TStop
1.7090E22 0.0 9.9162E-12   0.0000E00 0.0   0.0 ; UPPER LIMIT
# BATPA100 (id = 87)
#   frequency \gn (Hz)    Bin   Nufnu (erg cm^-2 s^-1)  Nufnu (erg cm^-2 s^-1)_error    TStart    TStop
1.1470E19     0.0000E00    5.0661E-11   9.9590E-13    55676.425781    56501.425781
# BAT54MCAT (15-50keV) (id = 86)
#   frequency \gn (Hz)    Bin   Nufnu (erg cm^-2 s^-1)  Nufnu (erg cm^-2 s^-1)_error    TStart    TStop
6.6220E18     0.0000E00    1.7920E-11   1.3272E-12    53340.5    54525.5
# BAT54MCAT (15-150keV) (id = 85)
#   frequency \gn (Hz)    Bin   Nufnu (erg cm^-2 s^-1)  Nufnu (erg cm^-2 s^-1)_error    TStart    TStop
1.1470E19     0.0000E00    1.8197E-11   1.4454E-12    53340.5    54525.5
# BAT39MCAT (15-30keV) (id = 84)
#   frequency \gn (Hz)    Bin   Nufnu (erg cm^-2 s^-1)  Nufnu (erg cm^-2 s^-1)_error    TStart    TStop
5.1290E18     0.0000E00    2.7831E-11   1.3252E-12    53340.5    54525.5
# BAT39MCAT (10-150keV) (id = 83)
#   frequency \gn (Hz)    Bin   Nufnu (erg cm^-2 s^-1)  Nufnu (erg cm^-2 s^-1)_error    TStart    TStop
9.3650E18     0.0000E00    1.6236E-11   7.8918E-13    53340.5    54525.5
# A2PIC (id = 82)
#   frequency \gn (Hz)    Bin   Nufnu (erg cm^-2 s^-1)  Nufnu (erg cm^-2 s^-1)_error    TStart    TStop
1.2090E18     0.0000E00    3.0324E-11   1.4383E-12    43486.5    43486.5
1.2090E18     0.0000E00    2.1694E-11   2.1574E-12    43486.5    43486.5
1.2090E18     0.0000E00    2.9005E-11   1.1986E-12    43671.5    43671.5
1.2090E18     0.0000E00    2.0496E-11   3.3560E-12    43671.5    43671.5
# 2FHL (92GeV) (id = 81)
#   frequency \gn (Hz)    Bin   Nufnu (erg cm^-2 s^-1)  Nufnu (erg cm^-2 s^-1)_error    TStart    TStop
2.2240E25     0.0000E00    4.0561E-11   3.6469E-12    54682.0    57116.0
# 2FHL (316GeV) (id = 80)
#   frequency \gn (Hz)    Bin   Nufnu (erg cm^-2 s^-1)  Nufnu (erg cm^-2 s^-1)_error    TStart    TStop
7.6400E25     0.0000E00    3.8195E-11   6.3890E-12    54682.0    57116.0
# 2FHL (1081GeV) (id = 79)
#   frequency \gn (Hz)    Bin   Nufnu (erg cm^-2 s^-1)  Nufnu (erg cm^-2 s^-1)_error    TStart    TStop
2.6140E26     0.0000E00    1.4117E-11   6.7176E-12    54682.0    57116.0
# MAXIGSCHGL-SB (id = 78)
#   frequency \gn (Hz)    Bin   Nufnu (erg cm^-2 s^-1)  Nufnu (erg cm^-2 s^-1)_error    TStart    TStop
8.4630E17     0.0000E00    6.0652E-11   1.7429E-12    55075.0    55286.0
# MAXIGSCHGL-HB (id = 77)
#   frequency \gn (Hz)    Bin   Nufnu (erg cm^-2 s^-1)  Nufnu (erg cm^-2 s^-1)_error    TStart    TStop
1.4510E18     0.0000E00    6.1254E-11   1.6063E-12    55075.0    55286.0
# MAXIGSC (id = 76)
#   frequency \gn (Hz)    Bin   Nufnu (erg cm^-2 s^-1)  Nufnu (erg cm^-2 s^-1)_error    TStart    TStop
1.5290E18     0.0000E00    3.4912E-11   2.1820E-12    55075.0    55286.0
# 4XMM-DR12 (4.5-12 keV) (id = 75)
#   frequency \gn (Hz)    Bin   Nufnu (erg cm^-2 s^-1)  Nufnu (erg cm^-2 s^-1)_error    TStart    TStop
1.7770E18     0.0000E00    7.9686E-12   5.3839E-14    55449.99199074074    55450.50672453704
1.7770E18     0.0000E00    2.3833E-11   2.9150E-13    52467.71974537037    52467.79981481482
1.7770E18     0.0000E00    2.0257E-11   1.0113E-13    55603.61766203704    55604.08607638889
1.7770E18     0.0000E00    8.1992E-12   5.8500E-14    55447.9975462963    55448.51228009259
1.7770E18     0.0000E00    2.4757E-11   2.8689E-13    52469.71414351852    52469.79420138889
1.7770E18     0.0000E00    2.4178E-11   1.1630E-13    55607.60039351852    55608.06649305556
# 4XMM-DR12 (2-4.5 keV) (id = 74)
#   frequency \gn (Hz)    Bin   Nufnu (erg cm^-2 s^-1)  Nufnu (erg cm^-2 s^-1)_error    TStart    TStop
7.2540E17     0.0000E00    1.2069E-11   3.5876E-14    55449.99199074074    55450.50672453704
7.2540E17     0.0000E00    2.7948E-11   1.8330E-13    52467.71974537037    52467.79981481482
7.2540E17     0.0000E00    1.8796E-11   5.2309E-14    55603.61766203704    55604.08607638889
7.2540E17     0.0000E00    1.2091E-11   3.8358E-14    55447.9975462963    55448.51228009259
7.2540E17     0.0000E00    2.8699E-11   1.7598E-13    52469.71414351852    52469.79420138889
7.2540E17     0.0000E00    2.3864E-11   6.5851E-14    55607.60039351852    55608.06649305556
# 4XMM-DR12 (1-2 keV) (id = 73)
#   frequency \gn (Hz)    Bin   Nufnu (erg cm^-2 s^-1)  Nufnu (erg cm^-2 s^-1)_error    TStart    TStop
3.4190E17     0.0000E00    1.5913E-11   2.5380E-14    55449.99199074074    55450.50672453704
3.4190E17     0.0000E00    3.0977E-11   1.2231E-13    52467.71974537037    52467.79981481482
3.4190E17     0.0000E00    1.7785E-11   3.2341E-14    55603.61766203704    55604.08607638889
3.4190E17     0.0000E00    1.5625E-11   2.4050E-14    55447.9975462963    55448.51228009259
3.4190E17     0.0000E00    3.0775E-11   1.2033E-13    52469.71414351852    52469.79420138889
3.4190E17     0.0000E00    2.4640E-11   3.3064E-14    55607.60039351852    55608.06649305556
# 4XMM-DR12 (0.5-1 keV) (id = 72)
#   frequency \gn (Hz)    Bin   Nufnu (erg cm^-2 s^-1)  Nufnu (erg cm^-2 s^-1)_error    TStart    TStop
1.7100E17     0.0000E00    2.0795E-11   2.4184E-14    55449.99199074074    55450.50672453704
1.7100E17     0.0000E00    3.5326E-11   1.2784E-13    52467.71974537037    52467.79981481482
1.7100E17     0.0000E00    1.9441E-11   2.8950E-14    55603.61766203704    55604.08607638889
1.7100E17     0.0000E00    1.9859E-11   2.6941E-14    55447.9975462963    55448.51228009259
1.7100E17     0.0000E00    3.5441E-11   1.2405E-13    52469.71414351852    52469.79420138889
1.7100E17     0.0000E00    2.2941E-11   4.1670E-14    55607.60039351852    55608.06649305556
# XMMSL2 (2-12 keV) (id = 71)
#   frequency \gn (Hz)    Bin   Nufnu (erg cm^-2 s^-1)  Nufnu (erg cm^-2 s^-1)_error    TStart    TStop
1.1850E18     0.0000E00    2.5477E-11   5.0126E-12    55073.54108583    55073.54160667
1.1850E18     0.0000E00    1.3571E-10   1.6468E-11    56000.62249787    56000.6230187
# XMMSL2 (0.2-2 keV) (id = 70)
#   frequency \gn (Hz)    Bin   Nufnu (erg cm^-2 s^-1)  Nufnu (erg cm^-2 s^-1)_error    TStart    TStop
1.5290E17     0.0000E00    2.1353E-11   1.5138E-12    55073.54108583    55073.54160667
1.5290E17     0.0000E00    5.9865E-11   3.5393E-12    56000.62249787    56000.6230187
# XMMSL2 (0.2-12 keV) (id = 69)
#   frequency \gn (Hz)    Bin   Nufnu (erg cm^-2 s^-1)  Nufnu (erg cm^-2 s^-1)_error    TStart    TStop
3.7460E17     0.0000E00    2.9725E-11   1.9933E-12    55073.54108583    55073.54160667
3.7460E17     0.0000E00    9.3377E-11   4.9566E-12    56000.62249787    56000.6230187
# WGACAT2 (id = 68)
#   frequency \gn (Hz)    Bin   Nufnu (erg cm^-2 s^-1)  Nufnu (erg cm^-2 s^-1)_error    TStart    TStop
2.4200E17     0.0000E00    2.8918E-11   1.4872E-13    48312.756725    48313.002963
# WFCCAT FULL (id = 67)
#   frequency \gn (Hz)    Bin   Nufnu (erg cm^-2 s^-1)  Nufnu (erg cm^-2 s^-1)_error    TStart    TStop
1.0810E18     0.0000E00    7.7680E-11   1.2005E-11    51418.028252    51419.690266
1.0810E18     0.0000E00    4.4579E-11   7.1786E-12    51299.274259    51301.199896
1.0810E18     0.0000E00    5.4282E-11   8.6504E-12    51951.535394    51952.363414
1.0810E18     0.0000E00    7.1454E-11   5.1239E-12    51268.602083    51269.971898
1.0810E18     0.0000E00    5.5995E-11   7.6724E-12    51615.049965    51616.162404
1.0810E18     0.0000E00    1.3433E-10   5.9132E-12    50925.73265    50926.383304
1.0810E18     0.0000E00    1.1103E-10   5.8024E-12    50459.496528    50460.08615
1.0810E18     0.0000E00    8.1118E-11   4.9356E-12    50868.806088    50869.655275
1.0810E18     0.0000E00    1.4926E-10   5.8061E-12    50509.611053    50510.05294
1.0810E18     0.0000E00    1.7626E-10   1.1309E-11    50522.360116    50523.110725
1.0810E18     0.0000E00    1.4038E-10   1.6807E-11    50458.992523    50459.480594
1.0810E18     0.0000E00    5.4914E-11   7.4514E-12    51616.907963    51618.026794
1.0810E18     0.0000E00    9.8832E-11   1.3250E-11    50846.169583    50846.425837
1.0810E18     0.0000E00    7.2974E-11   4.1199E-12    51266.392014    51268.525312
1.0810E18     0.0000E00    4.5729E-11   4.8316E-12    51622.969977    51623.636841
1.0810E18     0.0000E00    1.0013E-10   1.1209E-11    51093.96603    51095.845174
1.0810E18     0.0000E00    1.9070E-10   9.8418E-12    50512.421597    50513.159534
1.0810E18     0.0000E00    4.8903E-11   6.4012E-12    51623.508576    51624.127884
1.0810E18     0.0000E00    7.6213E-11   5.5022E-12    51113.032211    51114.204792
1.0810E18     0.0000E00    5.5480E-11   7.7518E-12    51608.665417    51609.396539
1.0810E18     0.0000E00    3.7464E-11   5.1325E-12    52367.72331    52370.237477
1.0810E18     0.0000E00    3.0850E-10   3.2098E-11    50456.898356    50457.302819
1.0810E18     0.0000E00    1.5747E-10   1.5786E-11    50501.550069    50501.965317
1.0810E18     0.0000E00    1.2908E-10   1.5967E-11    50452.104178    50452.407683
1.0810E18     0.0000E00    8.9140E-11   7.3499E-12    51085.088877    51087.165208
1.0810E18     0.0000E00    1.2474E-10   7.4427E-12    50872.944919    50873.534814
1.0810E18     0.0000E00    8.1514E-11   8.4353E-12    51613.863056    51614.948757
1.0810E18     0.0000E00    1.6567E-10   1.4498E-11    50511.538588    50511.89912
1.0810E18     0.0000E00    4.0383E-11   4.8659E-12    51965.285394    51966.334631
1.0810E18     0.0000E00    8.5951E-11   9.8153E-12    51272.755347    51273.886157
1.0810E18     0.0000E00    3.6875E-11   4.7497E-12    52185.69272    52186.426836
1.0810E18     0.0000E00    1.4900E-10   1.6018E-11    50475.523692    50476.250043
1.0810E18     0.0000E00    1.9177E-10   1.6948E-11    50533.677778    50534.356914
1.0810E18     0.0000E00    3.8839E-11   3.2499E-12    51792.689977    51794.461632
1.0810E18     0.0000E00    9.2585E-11   4.0699E-12    51031.757593    51032.750395
1.0810E18     0.0000E00    2.5734E-11   3.1750E-12    51398.810475    51400.730926
1.0810E18     0.0000E00    2.9761E-11   3.5931E-12    51773.737442    51776.598681
1.0810E18     0.0000E00    7.7028E-11   5.3445E-12    51036.033183    51036.766153
1.0810E18     0.0000E00    7.5064E-11   3.6686E-12    51072.154005    51072.876557
1.0810E18     0.0000E00    7.4270E-11   7.8030E-12    51432.786771    51435.06941
1.0810E18     0.0000E00    1.0288E-10   8.4386E-12    51073.892407    51074.280465
1.0810E18     0.0000E00    1.0010E-10   5.9476E-12    51023.869792    51026.583565
1.0810E18     0.0000E00    5.6456E-11   4.9442E-12    51820.520891    51821.882731
1.0810E18     0.0000E00    1.2761E-10   5.3416E-12    50477.174525    50478.200023
1.0810E18     0.0000E00    3.2718E-11   3.8796E-12    51589.99485    51591.049316
1.0810E18     0.0000E00    1.1034E-10   1.2435E-11    50880.255266    50882.161655
1.0810E18     0.0000E00    3.3727E-11   4.1323E-12    52173.761192    52175.585775
1.0810E18     0.0000E00    4.4021E-11   4.2493E-12    52163.456632    52164.779826
1.0810E18     0.0000E00    7.5572E-11   8.4587E-12    52284.910613    52286.882442
1.0810E18     0.0000E00    6.0132E-11   8.7821E-12    51611.196354    51611.854191
1.0810E18     0.0000E00    4.4324E-11   6.3501E-12    51776.68081    51777.808196
1.0810E18     0.0000E00    3.8128E-11   4.3813E-12    51797.812037    51799.044769
1.0810E18     0.0000E00    2.0279E-10   8.1346E-12    50723.856551    50724.178068
1.0810E18     0.0000E00    5.2862E-11   6.1449E-12    51772.176782    51772.681689
1.0810E18     0.0000E00    2.8842E-11   5.2682E-12    51394.203762    51395.447025
1.0810E18     0.0000E00    1.4792E-10   7.2569E-12    50695.496169    50695.815672
1.0810E18     0.0000E00    3.2332E-11   4.4766E-12    52183.197766    52184.372685
1.0810E18     0.0000E00    4.3265E-11   8.1043E-12    52147.489664    52149.060833
1.0810E18     0.0000E00    5.4668E-11   7.4736E-12    51444.470706    51445.385497
1.0810E18     0.0000E00    3.6762E-11   5.0465E-12    51405.209306    51406.331297
1.0810E18     0.0000E00    3.9406E-11   4.8329E-12    51445.640671    51446.180194
1.0810E18     0.0000E00    5.0342E-11   6.4364E-12    51757.211053    51758.393715
1.0810E18     0.0000E00    1.8123E-10   1.9684E-11    50690.131366    50692.849271
1.0810E18     0.0000E00    9.1015E-11   7.7636E-12    51060.654363    51061.305869
1.0810E18     0.0000E00    1.3920E-10   7.4089E-12    50454.293981    50455.07058
1.0810E18     0.0000E00    1.6401E-10   6.3581E-12    50722.733981    50723.241515
1.0810E18     0.0000E00    1.4140E-10   6.4847E-12    50697.236956    50697.537338
1.0810E18     0.0000E00    4.2559E-11   4.3518E-12    52367.316586    52372.584769
1.0810E18     0.0000E00    4.2092E-11   6.1618E-12    51830.734838    51832.497523
1.0810E18     0.0000E00    4.2037E-11   5.6495E-12    51810.945567    51812.190891
# WFCCAT (id = 66)
#   frequency \gn (Hz)    Bin   Nufnu (erg cm^-2 s^-1)  Nufnu (erg cm^-2 s^-1)_error    TStart    TStop
6.0210E17     0.0000E00    9.2747E-11   1.7271E-11    51418.028252    51419.690266
9.6480E17     0.0000E00    7.1709E-11   1.2691E-11    51418.028252    51419.690266
1.4480E18     0.0000E00    7.2347E-11   1.6355E-11    51418.028252    51419.690266
2.2310E18     0.0000E00    1.0365E-10   2.3230E-11    51418.028252    51419.690266
6.0210E17     0.0000E00    4.0380E-11   9.3803E-12    51299.274259    51301.199896
9.6480E17     0.0000E00    3.3486E-11   8.3153E-12    51299.274259    51301.199896
1.4480E18     0.0000E00    5.0204E-11   9.5671E-12    51299.274259    51301.199896
2.2310E18     0.0000E00    3.8182E-11   1.6666E-11    51299.274259    51301.199896
5.7550E17     0.0000E00    5.1570E-11   1.2036E-11    51951.535394    51952.363414
9.2370E17     0.0000E00    3.9574E-11   1.1221E-11    51951.535394    51952.363414
1.3810E18     0.0000E00    5.6074E-11   1.2841E-11    51951.535394    51952.363414
2.1230E18     0.0000E00    2.7925E-11   1.9914E-11    51951.535394    51952.363414
5.7550E17     0.0000E00    6.5194E-11   6.8630E-12    51268.602083    51269.971898
9.2370E17     0.0000E00    5.9196E-11   7.0480E-12    51268.602083    51269.971898
1.3810E18     0.0000E00    6.9900E-11   7.7738E-12    51268.602083    51269.971898
2.1230E18     0.0000E00    8.3543E-11   1.3327E-11    51268.602083    51269.971898
6.0210E17     0.0000E00    5.5127E-11   1.4827E-11    51615.049965    51616.162404
9.6480E17     0.0000E00    4.8400E-11   8.6304E-12    51615.049965    51616.162404
1.4480E18     0.0000E00    5.6761E-11   9.6499E-12    51615.049965    51616.162404
2.2310E18     0.0000E00    6.4931E-11   1.4817E-11    51615.049965    51616.162404
5.7550E17     0.0000E00    1.4193E-10   9.5868E-12    50925.73265    50926.383304
9.2370E17     0.0000E00    1.2760E-10   8.8757E-12    50925.73265    50926.383304
1.3810E18     0.0000E00    1.2074E-10   1.1358E-11    50925.73265    50926.383304
2.1230E18     0.0000E00    1.3961E-10   1.5353E-11    50925.73265    50926.383304
5.7550E17     0.0000E00    7.2216E-11   6.8606E-12    50459.496528    50460.08615
9.2370E17     0.0000E00    9.2004E-11   7.0537E-12    50459.496528    50460.08615
1.3810E18     0.0000E00    1.0880E-10   8.0863E-12    50459.496528    50460.08615
2.1230E18     0.0000E00    9.8721E-11   1.2277E-11    50459.496528    50460.08615
5.7550E17     0.0000E00    6.0470E-11   6.5842E-12    50868.806088    50869.655275
9.2370E17     0.0000E00    8.0265E-11   6.9190E-12    50868.806088    50869.655275
1.3810E18     0.0000E00    6.8839E-11   7.6817E-12    50868.806088    50869.655275
2.1230E18     0.0000E00    8.1919E-11   1.0725E-11    50868.806088    50869.655275
5.7550E17     0.0000E00    1.3137E-10   7.3098E-12    50509.611053    50510.05294
9.2370E17     0.0000E00    1.2156E-10   6.4914E-12    50509.611053    50510.05294
1.3810E18     0.0000E00    1.4548E-10   7.8801E-12    50509.611053    50510.05294
2.1230E18     0.0000E00    1.5158E-10   1.2086E-11    50509.611053    50510.05294
5.7550E17     0.0000E00    1.6760E-10   1.4065E-11    50522.360116    50523.110725
9.2370E17     0.0000E00    1.6166E-10   1.3021E-11    50522.360116    50523.110725
1.3810E18     0.0000E00    1.6565E-10   1.6647E-11    50522.360116    50523.110725
2.1230E18     0.0000E00    1.9188E-10   2.2343E-11    50522.360116    50523.110725
5.7550E17     0.0000E00    1.4128E-10   2.2428E-11    50458.992523    50459.480594
9.2370E17     0.0000E00    9.0185E-11   2.1118E-11    50458.992523    50459.480594
1.3810E18     0.0000E00    1.5878E-10   2.7952E-11    50458.992523    50459.480594
2.1230E18     0.0000E00    4.9343E-11   4.2551E-11    50458.992523    50459.480594
6.0210E17     0.0000E00    3.2992E-11   1.2601E-11    51616.907963    51618.026794
9.6480E17     0.0000E00    6.2144E-11   7.9437E-12    51616.907963    51618.026794
1.4480E18     0.0000E00    4.5894E-11   9.3802E-12    51616.907963    51618.026794
2.2310E18     0.0000E00    6.9713E-11   1.4967E-11    51616.907963    51618.026794
5.7550E17     0.0000E00    7.5290E-11   2.0811E-11    50846.169583    50846.425837
9.2370E17     0.0000E00    9.3788E-11   1.9101E-11    50846.169583    50846.425837
1.3810E18     0.0000E00    8.4646E-11   2.4496E-11    50846.169583    50846.425837
2.1230E18     0.0000E00    1.3645E-10   3.5623E-11    50846.169583    50846.425837
5.7550E17     0.0000E00    7.2382E-11   5.4113E-12    51266.392014    51268.525312
9.2370E17     0.0000E00    7.4778E-11   5.1234E-12    51266.392014    51268.525312
1.3810E18     0.0000E00    6.5880E-11   6.0938E-12    51266.392014    51268.525312
2.1230E18     0.0000E00    5.0510E-11   9.5956E-12    51266.392014    51268.525312
5.7550E17     0.0000E00    6.3296E-11   8.6500E-12    51622.969977    51623.636841
9.2370E17     0.0000E00    4.6438E-11   7.4307E-12    51622.969977    51623.636841
1.3810E18     0.0000E00    4.0292E-11   8.6500E-12    51622.969977    51623.636841
2.1230E18     0.0000E00    2.2724E-11   1.2313E-11    51622.969977    51623.636841
5.7550E17     0.0000E00    7.0851E-11   1.2991E-11    51093.96603    51095.845174
9.2370E17     0.0000E00    7.9737E-11   1.1875E-11    51093.96603    51095.845174
1.3810E18     0.0000E00    9.3598E-11   1.4066E-11    51093.96603    51095.845174
2.1230E18     0.0000E00    1.0872E-10   2.4436E-11    51093.96603    51095.845174
5.7550E17     0.0000E00    1.6733E-10   1.1538E-11    50512.421597    50513.159534
9.2370E17     0.0000E00    1.4883E-10   1.1203E-11    50512.421597    50513.159534
1.3810E18     0.0000E00    1.9285E-10   1.3836E-11    50512.421597    50513.159534
2.1230E18     0.0000E00    1.5066E-10   2.1095E-11    50512.421597    50513.159534
6.0210E17     0.0000E00    4.2553E-11   9.6360E-12    51623.508576    51624.127884
9.6480E17     0.0000E00    4.0350E-11   8.5537E-12    51623.508576    51624.127884
1.4480E18     0.0000E00    4.8370E-11   9.8152E-12    51623.508576    51624.127884
2.2310E18     0.0000E00    4.4696E-11   1.4388E-11    51623.508576    51624.127884
5.7550E17     0.0000E00    6.4626E-11   7.2446E-12    51113.032211    51114.204792
9.2370E17     0.0000E00    6.9934E-11   7.4968E-12    51113.032211    51114.204792
1.3810E18     0.0000E00    6.9458E-11   9.1135E-12    51113.032211    51114.204792
2.1230E18     0.0000E00    8.2687E-11   1.6379E-11    51113.032211    51114.204792
5.7550E17     0.0000E00    6.3924E-11   1.1825E-11    51608.665417    51609.396539
9.2370E17     0.0000E00    5.9414E-11   1.2246E-11    51608.665417    51609.396539
1.3810E18     0.0000E00    4.7404E-11   1.3746E-11    51608.665417    51609.396539
2.1230E18     0.0000E00    6.3236E-11   2.4226E-11    51608.665417    51609.396539
6.0210E17     0.0000E00    4.6588E-11   6.7389E-12    52367.72331    52370.237477
9.6480E17     0.0000E00    2.7071E-11   6.1726E-12    52367.72331    52370.237477
1.4480E18     0.0000E00    4.2785E-11   7.5883E-12    52367.72331    52370.237477
2.2310E18     0.0000E00    6.5103E-11   1.3672E-11    52367.72331    52370.237477
5.7550E17     0.0000E00    2.1190E-10   3.6878E-11    50456.898356    50457.302819
9.2370E17     0.0000E00    2.5115E-10   4.1300E-11    50456.898356    50457.302819
1.3810E18     0.0000E00    3.1375E-10   5.0900E-11    50456.898356    50457.302819
2.1230E18     0.0000E00    1.6369E-10   9.4416E-11    50456.898356    50457.302819
6.0210E17     0.0000E00    1.6692E-10   2.0502E-11    50501.550069    50501.965317
9.6480E17     0.0000E00    1.5030E-10   2.1761E-11    50501.550069    50501.965317
1.4480E18     0.0000E00    1.7302E-10   2.8647E-11    50501.550069    50501.965317
2.2310E18     0.0000E00    7.5854E-11   4.8632E-11    50501.550069    50501.965317
5.7550E17     0.0000E00    8.3854E-11   1.8012E-11    50452.104178    50452.407683
9.2370E17     0.0000E00    9.4692E-11   1.9083E-11    50452.104178    50452.407683
1.3810E18     0.0000E00    1.3483E-10   2.2860E-11    50452.104178    50452.407683
2.1230E18     0.0000E00    1.3895E-10   3.4172E-11    50452.104178    50452.407683
5.7550E17     0.0000E00    6.4664E-11   7.7934E-12    51085.088877    51087.165208
9.2370E17     0.0000E00    7.9561E-11   9.1491E-12    51085.088877    51087.165208
1.3810E18     0.0000E00    7.6297E-11   1.1869E-11    51085.088877    51087.165208
2.1230E18     0.0000E00    1.2452E-10   1.5910E-11    51085.088877    51087.165208
5.7550E17     0.0000E00    1.0464E-10   1.0705E-11    50872.944919    50873.534814
9.2370E17     0.0000E00    1.1898E-10   9.3226E-12    50872.944919    50873.534814
1.3810E18     0.0000E00    1.1266E-10   1.1266E-11    50872.944919    50873.534814
2.1230E18     0.0000E00    8.9497E-11   1.9104E-11    50872.944919    50873.534814
5.7550E17     0.0000E00    6.5394E-11   1.0257E-11    51613.863056    51614.948757
9.2370E17     0.0000E00    6.8587E-11   1.0089E-11    51613.863056    51614.948757
1.3810E18     0.0000E00    7.6734E-11   1.1762E-11    51613.863056    51614.948757
2.1230E18     0.0000E00    5.2509E-11   2.2454E-11    51613.863056    51614.948757
5.7550E17     0.0000E00    9.7928E-11   1.8469E-11    50511.538588    50511.89912
9.2370E17     0.0000E00    1.4882E-10   1.7863E-11    50511.538588    50511.89912
1.3810E18     0.0000E00    1.4574E-10   2.2467E-11    50511.538588    50511.89912
2.1230E18     0.0000E00    1.3844E-10   3.3783E-11    50511.538588    50511.89912
5.7550E17     0.0000E00    3.6998E-11   6.9622E-12    51965.285394    51966.334631
9.2370E17     0.0000E00    3.5927E-11   5.9421E-12    51965.285394    51966.334631
1.3810E18     0.0000E00    4.1202E-11   7.0322E-12    51965.285394    51966.334631
2.1230E18     0.0000E00    1.9430E-11   1.1071E-11    51965.285394    51966.334631
5.7550E17     0.0000E00    1.0457E-10   1.3964E-11    51272.755347    51273.886157
9.2370E17     0.0000E00    8.9659E-11   1.4371E-11    51272.755347    51273.886157
1.3810E18     0.0000E00    8.5547E-11   1.6970E-11    51272.755347    51273.886157
2.1230E18     0.0000E00    7.3128E-11   2.6122E-11    51272.755347    51273.886157
6.0210E17     0.0000E00    4.9831E-11   6.2291E-12    52185.69272    52186.426836
9.6480E17     0.0000E00    2.9260E-11   5.9861E-12    52185.69272    52186.426836
1.4480E18     0.0000E00    3.6300E-11   7.1481E-12    52185.69272    52186.426836
2.2310E18     0.0000E00    4.3751E-11   9.5051E-12    52185.69272    52186.426836
5.7550E17     0.0000E00    1.2833E-10   1.9244E-11    50475.523692    50476.250043
9.2370E17     0.0000E00    1.0177E-10   2.0154E-11    50475.523692    50476.250043
1.3810E18     0.0000E00    1.6786E-10   2.5038E-11    50475.523692    50476.250043
2.1230E18     0.0000E00    4.9364E-11   4.0642E-11    50475.523692    50476.250043
5.7550E17     0.0000E00    2.2894E-10   2.2967E-11    50533.677778    50534.356914
9.2370E17     0.0000E00    1.7623E-10   2.2160E-11    50533.677778    50534.356914
1.3810E18     0.0000E00    1.8242E-10   2.6907E-11    50533.677778    50534.356914
2.1230E18     0.0000E00    1.8598E-10   4.4069E-11    50533.677778    50534.356914
6.0210E17     0.0000E00    4.9780E-11   4.7595E-12    51792.689977    51794.461632
9.6480E17     0.0000E00    4.0070E-11   4.6744E-12    51792.689977    51794.461632
1.4480E18     0.0000E00    3.9309E-11   6.4299E-12    51792.689977    51794.461632
2.2310E18     0.0000E00    2.0000E-11   9.2415E-12    51792.689977    51794.461632
6.0210E17     0.0000E00    8.5789E-11   6.0059E-12    51031.757593    51032.750395
9.6480E17     0.0000E00    8.8625E-11   4.9688E-12    51031.757593    51032.750395
1.4480E18     0.0000E00    8.7894E-11   6.5209E-12    51031.757593    51032.750395
2.2310E18     0.0000E00    8.0990E-11   1.0160E-11    51031.757593    51032.750395
6.0210E17     0.0000E00    2.7776E-11   4.8758E-12    51398.810475    51400.730926
9.6480E17     0.0000E00    2.6814E-11   4.2625E-12    51398.810475    51400.730926
1.4480E18     0.0000E00    2.5441E-11   4.8607E-12    51398.810475    51400.730926
6.0210E17     0.0000E00    2.1156E-11   4.3215E-12    51773.737442    51776.598681
9.6480E17     0.0000E00    3.2381E-11   4.3446E-12    51773.737442    51776.598681
1.4480E18     0.0000E00    2.5730E-11   5.8613E-12    51773.737442    51776.598681
2.2310E18     0.0000E00    2.4517E-11   8.9088E-12    51773.737442    51776.598681
6.0210E17     0.0000E00    7.0407E-11   7.5300E-12    51036.033183    51036.766153
9.6480E17     0.0000E00    6.9946E-11   7.3445E-12    51036.033183    51036.766153
1.4480E18     0.0000E00    7.3846E-11   8.4073E-12    51036.033183    51036.766153
2.2310E18     0.0000E00    7.3124E-11   1.2754E-11    51036.033183    51036.766153
6.0210E17     0.0000E00    8.3785E-11   6.2373E-12    51072.154005    51072.876557
9.6480E17     0.0000E00    7.2232E-11   5.6722E-12    51072.154005    51072.876557
1.4480E18     0.0000E00    7.0399E-11   7.0960E-12    51072.154005    51072.876557
2.2310E18     0.0000E00    7.2232E-11   1.0350E-11    51072.154005    51072.876557
5.7550E17     0.0000E00    5.3174E-11   9.1734E-12    51432.786771    51435.06941
9.2370E17     0.0000E00    5.5698E-11   8.5217E-12    51432.786771    51435.06941
1.3810E18     0.0000E00    6.9377E-11   9.8795E-12    51432.786771    51435.06941
2.1230E18     0.0000E00    8.2552E-11   1.6193E-11    51432.786771    51435.06941
6.0210E17     0.0000E00    1.0490E-10   1.2029E-11    51073.892407    51074.280465
9.6480E17     0.0000E00    9.4282E-11   1.0933E-11    51073.892407    51074.280465
1.4480E18     0.0000E00    1.0219E-10   1.4111E-11    51073.892407    51074.280465
2.2310E18     0.0000E00    5.6857E-11   1.9945E-11    51073.892407    51074.280465
6.0210E17     0.0000E00    1.0142E-10   7.6375E-12    51023.869792    51026.583565
9.6480E17     0.0000E00    1.0227E-10   7.1864E-12    51023.869792    51026.583565
1.4480E18     0.0000E00    9.3082E-11   8.5519E-12    51023.869792    51026.583565
2.2310E18     0.0000E00    1.3358E-10   1.4190E-11    51023.869792    51026.583565
6.0210E17     0.0000E00    5.8471E-11   7.2310E-12    51820.520891    51821.882731
9.6480E17     0.0000E00    5.3978E-11   6.6660E-12    51820.520891    51821.882731
1.4480E18     0.0000E00    5.6879E-11   8.4458E-12    51820.520891    51821.882731
5.7550E17     0.0000E00    1.3582E-10   8.4255E-12    50477.174525    50478.200023
9.2370E17     0.0000E00    1.2247E-10   7.5143E-12    50477.174525    50478.200023
1.3810E18     0.0000E00    1.1833E-10   8.6985E-12    50477.174525    50478.200023
2.1230E18     0.0000E00    9.7423E-11   1.4300E-11    50477.174525    50478.200023
5.7550E17     0.0000E00    3.4621E-11   6.0922E-12    51589.99485    51591.049316
9.2370E17     0.0000E00    3.3007E-11   5.7764E-12    51589.99485    51591.049316
1.3810E18     0.0000E00    2.7153E-11   6.7627E-12    51589.99485    51591.049316
2.1230E18     0.0000E00    2.3024E-11   9.7848E-12    51589.99485    51591.049316
6.0210E17     0.0000E00    8.3064E-11   1.1756E-11    50880.255266    50882.161655
9.6480E17     0.0000E00    8.8978E-11   1.2403E-11    50880.255266    50882.161655
1.4480E18     0.0000E00    1.1500E-10   1.6592E-11    50880.255266    50882.161655
2.2310E18     0.0000E00    1.2280E-10   2.6891E-11    50880.255266    50882.161655
6.0210E17     0.0000E00    3.3630E-11   4.0971E-12    52173.761192    52175.585775
9.6480E17     0.0000E00    3.2150E-11   3.8310E-12    52173.761192    52175.585775
1.4480E18     0.0000E00    3.3920E-11   4.9471E-12    52173.761192    52175.585775
2.2310E18     0.0000E00    3.2300E-11   7.4291E-12    52173.761192    52175.585775
6.0210E17     0.0000E00    4.6380E-11   5.9671E-12    52163.456632    52164.779826
9.6480E17     0.0000E00    4.5400E-11   5.3151E-12    52163.456632    52164.779826
1.4480E18     0.0000E00    3.9350E-11   5.9871E-12    52163.456632    52164.779826
2.2310E18     0.0000E00    3.2050E-11   9.2131E-12    52163.456632    52164.779826
5.7550E17     0.0000E00    4.3017E-11   8.6034E-12    52284.910613    52286.882442
9.2370E17     0.0000E00    6.2831E-11   8.6536E-12    52284.910613    52286.882442
1.3810E18     0.0000E00    7.1422E-11   1.0854E-11    52284.910613    52286.882442
2.1230E18     0.0000E00    5.2878E-11   1.6394E-11    52284.910613    52286.882442
5.7550E17     0.0000E00    5.9241E-11   1.2124E-11    51611.196354    51611.854191
9.2370E17     0.0000E00    4.2628E-11   1.1846E-11    51611.196354    51611.854191
1.3810E18     0.0000E00    5.6252E-11   1.4374E-11    51611.196354    51611.854191
2.1230E18     0.0000E00    9.9948E-11   2.4504E-11    51611.196354    51611.854191
6.0210E17     0.0000E00    2.9976E-11   8.5124E-12    51776.68081    51777.808196
9.6480E17     0.0000E00    5.1633E-11   7.5555E-12    51776.68081    51777.808196
1.4480E18     0.0000E00    4.3282E-11   9.0020E-12    51776.68081    51777.808196
6.0210E17     0.0000E00    4.0080E-11   6.1666E-12    51797.812037    51799.044769
9.6480E17     0.0000E00    3.2150E-11   5.4117E-12    51797.812037    51799.044769
1.4480E18     0.0000E00    3.6705E-11   6.9466E-12    51797.812037    51799.044769
2.2310E18     0.0000E00    4.4275E-11   9.7821E-12    51797.812037    51799.044769
6.0210E17     0.0000E00    2.0564E-10   1.1265E-11    50723.856551    50724.178068
9.6480E17     0.0000E00    1.7996E-10   1.1897E-11    50723.856551    50724.178068
1.4480E18     0.0000E00    1.9852E-10   1.4746E-11    50723.856551    50724.178068
2.2310E18     0.0000E00    2.1046E-10   2.2871E-11    50723.856551    50724.178068
6.0210E17     0.0000E00    4.2162E-11   8.8245E-12    51772.176782    51772.681689
9.6480E17     0.0000E00    5.1320E-11   9.0482E-12    51772.176782    51772.681689
1.4480E18     0.0000E00    5.4430E-11   1.0744E-11    51772.176782    51772.681689
2.2310E18     0.0000E00    2.4567E-11   1.6662E-11    51772.176782    51772.681689
6.0210E17     0.0000E00    5.0912E-11   1.0440E-11    51394.203762    51395.447025
9.6480E17     0.0000E00    2.6593E-11   7.2869E-12    51394.203762    51395.447025
1.4480E18     0.0000E00    2.7709E-11   8.2564E-12    51394.203762    51395.447025
2.2310E18     0.0000E00    3.5504E-11   1.2190E-11    51394.203762    51395.447025
6.0210E17     0.0000E00    1.7414E-10   1.0633E-11    50695.496169    50695.815672
9.6480E17     0.0000E00    1.5518E-10   1.1747E-11    50695.496169    50695.815672
1.4480E18     0.0000E00    1.3783E-10   1.4204E-11    50695.496169    50695.815672
2.2310E18     0.0000E00    1.6451E-10   2.1497E-11    50695.496169    50695.815672
6.0210E17     0.0000E00    2.7305E-11   6.8252E-12    52183.197766    52184.372685
9.6480E17     0.0000E00    2.9662E-11   6.0679E-12    52183.197766    52184.372685
1.4480E18     0.0000E00    3.1368E-11   7.0439E-12    52183.197766    52184.372685
2.2310E18     0.0000E00    2.0383E-11   1.1987E-11    52183.197766    52184.372685
6.0210E17     0.0000E00    7.8643E-11   1.3667E-11    52147.489664    52149.060833
9.6480E17     0.0000E00    3.6129E-11   1.2446E-11    52147.489664    52149.060833
1.4480E18     0.0000E00    4.6322E-11   1.5232E-11    52147.489664    52149.060833
5.7550E17     0.0000E00    5.1371E-11   1.2122E-11    51444.470706    51445.385497
9.2370E17     0.0000E00    5.0198E-11   1.0485E-11    51444.470706    51445.385497
1.3810E18     0.0000E00    5.2564E-11   1.3255E-11    51444.470706    51445.385497
2.1230E18     0.0000E00    4.7074E-11   2.1070E-11    51444.470706    51445.385497
6.0210E17     0.0000E00    5.6921E-11   8.7919E-12    51405.209306    51406.331297
9.6480E17     0.0000E00    2.6998E-11   7.5339E-12    51405.209306    51406.331297
1.4480E18     0.0000E00    3.9619E-11   9.8489E-12    51405.209306    51406.331297
2.2310E18     0.0000E00    2.8267E-11   1.5707E-11    51405.209306    51406.331297
6.0210E17     0.0000E00    9.1503E-11   1.2258E-11    51445.640671    51446.180194
9.6480E17     0.0000E00    7.0793E-11   1.1620E-11    51445.640671    51446.180194
1.4480E18     0.0000E00    2.6914E-11   1.2946E-11    51445.640671    51446.180194
2.2310E18     0.0000E00    2.2946E-11   2.1610E-11    51445.640671    51446.180194
6.0210E17     0.0000E00    3.9522E-11   8.5437E-12    51757.211053    51758.393715
9.6480E17     0.0000E00    5.1553E-11   7.7874E-12    51757.211053    51758.393715
1.4480E18     0.0000E00    4.8901E-11   8.0254E-12    51757.211053    51758.393715
2.2310E18     0.0000E00    5.7584E-11   1.3614E-11    51757.211053    51758.393715
5.7550E17     0.0000E00    2.0653E-10   2.2319E-11    50690.131366    50692.849271
9.2370E17     0.0000E00    1.7184E-10   1.9514E-11    50690.131366    50692.849271
1.3810E18     0.0000E00    1.7838E-10   2.7653E-11    50690.131366    50692.849271
2.1230E18     0.0000E00    6.9476E-11   4.2054E-11    50690.131366    50692.849271
6.0210E17     0.0000E00    7.6094E-11   9.5884E-12    51060.654363    51061.305869
9.6480E17     0.0000E00    7.0745E-11   1.0068E-11    51060.654363    51061.305869
1.4480E18     0.0000E00    9.5166E-11   1.1710E-11    51060.654363    51061.305869
2.2310E18     0.0000E00    9.0717E-11   1.9830E-11    51060.654363    51061.305869
5.7550E17     0.0000E00    1.4641E-10   1.0076E-11    50454.293981    50455.07058
9.2370E17     0.0000E00    1.3932E-10   1.0056E-11    50454.293981    50455.07058
1.3810E18     0.0000E00    1.2392E-10   1.2291E-11    50454.293981    50455.07058
2.1230E18     0.0000E00    1.1683E-10   1.8694E-11    50454.293981    50455.07058
6.0210E17     0.0000E00    1.5970E-10   8.4775E-12    50722.733981    50723.241515
9.6480E17     0.0000E00    1.5279E-10   8.1751E-12    50722.733981    50723.241515
1.4480E18     0.0000E00    1.5549E-10   1.0153E-11    50722.733981    50723.241515
2.2310E18     0.0000E00    1.8573E-10   1.5339E-11    50722.733981    50723.241515
6.0210E17     0.0000E00    1.6751E-10   9.7100E-12    50697.236956    50697.537338
9.6480E17     0.0000E00    1.3367E-10   9.4907E-12    50697.236956    50697.537338
1.4480E18     0.0000E00    1.4067E-10   1.1624E-11    50697.236956    50697.537338
2.2310E18     0.0000E00    1.2435E-10   1.6120E-11    50697.236956    50697.537338
6.0210E17     0.0000E00    6.3935E-11   6.4250E-12    52367.316586    52372.584769
9.6480E17     0.0000E00    4.6002E-11   5.6829E-12    52367.316586    52372.584769
1.4480E18     0.0000E00    3.6628E-11   6.9313E-12    52367.316586    52372.584769
2.2310E18     0.0000E00    5.2386E-11   1.1040E-11    52367.316586    52372.584769
6.0210E17     0.0000E00    5.6279E-11   9.0059E-12    51830.734838    51832.497523
9.6480E17     0.0000E00    3.2582E-11   8.2535E-12    51830.734838    51832.497523
1.4480E18     0.0000E00    4.8563E-11   9.7400E-12    51830.734838    51832.497523
2.2310E18     0.0000E00    2.4479E-11   1.6235E-11    51830.734838    51832.497523
6.0210E17     0.0000E00    4.6050E-11   7.7977E-12    51810.945567    51812.190891
9.6480E17     0.0000E00    3.5186E-11   8.3909E-12    51810.945567    51812.190891
1.4480E18     0.0000E00    4.8592E-11   8.6885E-12    51810.945567    51812.190891
# UHURU4 (id = 65)
#   frequency \gn (Hz)    Bin   Nufnu (erg cm^-2 s^-1)  Nufnu (erg cm^-2 s^-1)_error    TStart    TStop
8.3760E17     0.0000E00    3.5274E-11   0.0000E00 0.0   0.0
# SAXMECS (id = 64)
#   frequency \gn (Hz)    Bin   Nufnu (erg cm^-2 s^-1)  Nufnu (erg cm^-2 s^-1)_error    TStart    TStop
7.2540E17     0.0000E00    1.2834E-10   5.4040E-13    50932.856771    50933.538449
7.2540E17     0.0000E00    8.8265E-11   4.9536E-13    50934.793252    50935.404421
7.2540E17     0.0000E00    3.2108E-11   2.5218E-13    50984.440231    50985.165093
7.2540E17     0.0000E00    6.4397E-11   4.1430E-13    50993.820336    50994.533762
7.2540E17     0.0000E00    6.0344E-11   3.1072E-13    51019.638229    51020.702373
7.2540E17     0.0000E00    5.8993E-11   4.2782E-13    51010.818252    51011.46265
7.2540E17     0.0000E00    2.1481E-11   8.1058E-14    51339.959236    51345.091065
7.2540E17     0.0000E00    1.0943E-10   4.9536E-13    50931.370023    50932.097176
# RXS2CAT (id = 63)
#   frequency \gn (Hz)    Bin   Nufnu (erg cm^-2 s^-1)  Nufnu (erg cm^-2 s^-1)_error    TStart    TStop
2.4200E17     0.0000E00    2.8965E-11   5.3548E-13    48104.0    48499.0
# RASS (id = 62)
#   frequency \gn (Hz)    Bin   Nufnu (erg cm^-2 s^-1)  Nufnu (erg cm^-2 s^-1)_error    TStart    TStop
2.4200E17     0.0000E00    2.3520E-11   5.0343E-13    47892.5    48257.5
# IPCSLEW (id = 61)
#   frequency \gn (Hz)    Bin   Nufnu (erg cm^-2 s^-1)  Nufnu (erg cm^-2 s^-1)_error    TStart    TStop
2.4200E17     0.0000E00    4.1627E-11   1.6702E-12    43813.5    44695.5
# IPC (id = 60)
#   frequency \gn (Hz)    Bin   Nufnu (erg cm^-2 s^-1)  Nufnu (erg cm^-2 s^-1)_error    TStart    TStop
2.4200E17     0.0000E00    3.1842E-11   4.2320E-13    43813.5    44695.5
2.4200E17     0.0000E00    3.2974E-11   3.5711E-13    43813.5    44695.5
2.4200E17     0.0000E00    3.5688E-11   6.6349E-13    43813.5    44695.5
2.4200E17     0.0000E00    4.2427E-11   9.4289E-13    43813.5    44695.5
# CMA (id = 59)
#   frequency \gn (Hz)    Bin   Nufnu (erg cm^-2 s^-1)  Nufnu (erg cm^-2 s^-1)_error    TStart    TStop
7.6460E16     0.0000E00    4.5238E-11   2.5103E-12    45908.851562    45908.851562
7.6460E16     0.0000E00    2.1772E-11   2.1719E-12    45908.925781    45908.925781
7.6460E16     0.0000E00    3.8121E-11   2.1674E-12    45908.882812    45908.882812
7.6460E16     0.0000E00    5.3812E-11   2.2751E-12    45731.746094    45731.746094
7.6460E16     0.0000E00    5.2634E-11   2.1821E-12    45733.511719    45733.511719
7.6460E16     0.0000E00    3.0407E-11   4.3745E-12    45733.597656    45733.597656
7.6460E16     0.0000E00    4.6235E-11   2.4484E-12    45785.511719    45785.511719
7.6460E16     0.0000E00    3.6723E-11   3.8850E-12    45785.542969    45785.542969
7.6460E16     0.0000E00    4.5548E-11   2.7555E-12    45733.5625    45733.5625
7.6460E16     0.0000E00    4.4298E-11   2.6155E-12    45731.796875    45731.796875
7.6460E16     0.0000E00    1.8130E-11   2.5199E-12    45900.367188    45900.367188
7.6460E16     0.0000E00    2.6107E-11   2.5699E-12    45731.839844    45731.839844
7.6460E16     0.0000E00    3.7548E-11   1.7538E-12    46164.445312    46164.445312
7.6460E16     0.0000E00    2.3328E-11   3.2855E-12    45785.566406    45785.566406
7.6460E16     0.0000E00    4.8514E-11   2.7805E-12    45906.039062    45906.039062
7.6460E16     0.0000E00    3.3479E-11   2.0539E-12    45900.328125    45900.328125
7.6460E16     0.0000E00    4.4629E-11   2.1997E-12    45900.285156    45900.285156
7.6460E16     0.0000E00    3.6031E-11   2.3487E-12    45890.308594    45890.308594
7.6460E16     0.0000E00    4.4779E-11   2.0826E-12    46164.40625    46164.40625
7.6460E16     0.0000E00    5.3135E-11   2.0737E-12    45735.742188    45735.742188
7.6460E16     0.0000E00    4.5737E-11   2.0169E-12    45890.269531    45890.269531
7.6460E16     0.0000E00    5.0582E-11   2.5921E-12    45882.855469    45882.855469
7.6460E16     0.0000E00    4.3280E-11   2.0513E-12    45735.804688    45735.804688
7.6460E16     0.0000E00    2.0986E-11   2.4971E-12    45882.945312    45882.945312
7.6460E16     0.0000E00    3.7719E-11   1.9664E-12    45882.890625    45882.890625
7.6460E16     0.0000E00    2.4802E-11   2.6493E-12    45735.867188    45735.867188
7.6460E16     0.0000E00    4.8430E-11   1.4847E-12    46504.574219    46504.574219
7.6460E16     0.0000E00    4.2693E-11   3.0427E-12    45906.058594    45906.058594
7.6460E16     0.0000E00    2.0374E-11   2.0739E-12    45906.082031    45906.082031
# ARIEL3A (id = 58)
#   frequency \gn (Hz)    Bin   Nufnu (erg cm^-2 s^-1)  Nufnu (erg cm^-2 s^-1)_error    TStart    TStop
8.3760E17     0.0000E00    2.2616E-11   3.1804E-12 0.0   0.0
# 1SXPS(2—10 keV) (id = 57)
#   frequency \gn (Hz)    Bin   Nufnu (erg cm^-2 s^-1)  Nufnu (erg cm^-2 s^-1)_error    TStart    TStop
1.0810E18     0.0000E00    3.9737E-11   3.8692E-13    53426.037199    54964.948808
# 1SXPS(1-2keV) (id = 56)
#   frequency \gn (Hz)    Bin   Nufnu (erg cm^-2 s^-1)  Nufnu (erg cm^-2 s^-1)_error    TStart    TStop
3.4190E17     0.0000E00    4.6171E-11   3.3560E-13    53426.037199    54964.948808
# 1SXPS(0.3—10 keV) (id = 55)
#   frequency \gn (Hz)    Bin   Nufnu (erg cm^-2 s^-1)  Nufnu (erg cm^-2 s^-1)_error    TStart    TStop
4.1880E17     0.0000E00    4.3028E-11   1.8099E-13    53426.037199    54964.948808
# 1SXPS(0.3-1keV) (id = 54)
#   frequency \gn (Hz)    Bin   Nufnu (erg cm^-2 s^-1)  Nufnu (erg cm^-2 s^-1)_error    TStart    TStop
1.3250E17     0.0000E00    3.6827E-11   2.4324E-13    53426.037199    54964.948808
# UVOTSSC uvw2 (id = 53)
#   frequency \gn (Hz)    Bin   Nufnu (erg cm^-2 s^-1)  Nufnu (erg cm^-2 s^-1)_error    TStart    TStop
1.4750E15     0.0000E00    2.5441E-11   4.5289E-13    55000.9539    55000.9539
1.4750E15     0.0000E00    1.2789E-10   7.5050E-13    53935.935162    53935.935162
1.4750E15     0.0000E00    3.7795E-11   3.4593E-13    55305.354213    55305.354213
1.4750E15     0.0000E00    3.3760E-11   3.2726E-13    55248.603229    55248.603229
1.4750E15     0.0000E00    2.9736E-11   2.8682E-13    54976.321377    54976.321377
1.4750E15     0.0000E00    2.9138E-11   2.3345E-13    54565.09853    54565.09853
1.4750E15     0.0000E00    4.2749E-11   4.0166E-13    55354.812257    55354.812257
1.4750E15     0.0000E00    2.6738E-11   3.1642E-13    55145.672176    55145.672176
1.4750E15     0.0000E00    2.9958E-11   2.1066E-13    54963.352546    54963.352546
1.4750E15     0.0000E00    3.7186E-11   3.4219E-13    55298.862905    55298.862905
1.4750E15     0.0000E00    2.9484E-11   3.0733E-13    54995.940417    54995.940417
1.4750E15     0.0000E00    2.6326E-11   3.0445E-13    55075.047894    55075.047894
1.4750E15     0.0000E00    3.8637E-11   3.8900E-13    55325.765012    55325.765012
1.4750E15     0.0000E00    3.2151E-11   2.5230E-13    54211.421308    54211.421308
1.4750E15     0.0000E00    2.6593E-11   1.4836E-13    55010.253762    55010.253762
1.4750E15     0.0000E00    2.6855E-11   2.3893E-13    54966.019919    54966.019919
1.4750E15     0.0000E00    2.8817E-11   2.2697E-13    54266.463322    54266.463322
1.4750E15     0.0000E00    2.6916E-11   2.5876E-13    55020.914468    55020.914468
1.4750E15     0.0000E00    2.7355E-11   2.0186E-13    54965.1464    54965.1464
1.4750E15     0.0000E00    4.2318E-11   3.8889E-13    55382.506956    55382.506956
1.4750E15     0.0000E00    2.9440E-11   2.1189E-13    54568.112384    54568.112384
1.4750E15     0.0000E00    2.9359E-11   2.8686E-13    54915.155023    54915.155023
1.4750E15     0.0000E00    3.0324E-11   2.7865E-13    54976.866863    54976.866863
1.4750E15     0.0000E00    3.6613E-11   3.4779E-13    55333.980787    55333.980787
1.4750E15     0.0000E00    3.2325E-11   1.2042E-13    54980.09    54980.09
1.4750E15     0.0000E00    4.2540E-11   4.2954E-13    55361.040046    55361.040046
1.4750E15     0.0000E00    3.7065E-11   3.6090E-13    55403.791157    55403.791157
1.4750E15     0.0000E00    4.1585E-11   3.8449E-13    55291.898218    55291.898218
1.4750E15     0.0000E00    2.0596E-11   2.2233E-13    54914.206308    54914.206308
1.4750E15     0.0000E00    2.7684E-11   2.9338E-13    54970.235984    54970.235984
1.4750E15     0.0000E00    2.9257E-11   2.3052E-13    54571.125602    54571.125602
1.4750E15     0.0000E00    3.1764E-11   1.5959E-13    54978.011991    54978.011991
1.4750E15     0.0000E00    3.1880E-11   1.5709E-13    54979.019977    54979.019977
1.4750E15     0.0000E00    2.9100E-11   3.2867E-13    54559.134688    54559.134688
1.4750E15     0.0000E00    3.4601E-11   1.7356E-13    54989.923171    54989.923171
1.4750E15     0.0000E00    3.0918E-11   4.1919E-13    55061.011262    55061.011262
1.4750E15     0.0000E00    2.9913E-11   3.3392E-13    54562.404016    54562.404016
1.4750E15     0.0000E00    3.5335E-11   3.3939E-13    54941.063542    54941.063542
1.4750E15     0.0000E00    2.7064E-11   2.5914E-13    54963.880868    54963.880868
1.4750E15     0.0000E00    2.9184E-11   2.3596E-13    54553.105428    54553.105428
1.4750E15     0.0000E00    2.9017E-11   3.2846E-13    54562.084653    54562.084653
1.4750E15     0.0000E00    2.7797E-11   2.9834E-13    55152.952072    55152.952072
1.4750E15     0.0000E00    2.7214E-11   2.2630E-13    54273.209745    54273.209745
1.4750E15     0.0000E00    2.8762E-11   2.9737E-13    55138.506597    55138.506597
1.4750E15     0.0000E00    3.1022E-11   3.3441E-13    55173.093241    55173.093241
1.4750E15     0.0000E00    2.6243E-11   3.1234E-13    55089.10853    55089.10853
1.4750E15     0.0000E00    2.9398E-11   2.0560E-13    54953.696898    54953.696898
1.4750E15     0.0000E00    2.8921E-11   3.2167E-13    55229.988009    55229.988009
1.4750E15     0.0000E00    2.5168E-11   2.9832E-13    55215.205995    55215.205995
1.4750E15     0.0000E00    2.8386E-11   2.9407E-13    55068.414977    55068.414977
1.4750E15     0.0000E00    3.6372E-11   3.4550E-13    54946.074931    54946.074931
1.4750E15     0.0000E00    2.6876E-11   2.7521E-13    55201.011458    55201.011458
1.4750E15     0.0000E00    2.8780E-11   3.2357E-13    55180.000799    55180.000799
1.4750E15     0.0000E00    2.7880E-11   2.7402E-13    55103.428924    55103.428924
1.4750E15     0.0000E00    2.7060E-11   2.6347E-13    55187.822269    55187.822269
1.4750E15     0.0000E00    2.8688E-11   2.0455E-13    54964.403646    54964.403646
1.4750E15     0.0000E00    3.1771E-11   2.7026E-13    54248.243426    54248.243426
1.4750E15     0.0000E00    3.0939E-11   2.4914E-13    54977.732674    54977.732674
1.4750E15     0.0000E00    2.9254E-11   3.1348E-13    54586.362535    54586.362535
1.4750E15     0.0000E00    4.6387E-11   4.1089E-13    55375.203854    55375.203854
1.4750E15     0.0000E00    2.7761E-11   4.6765E-13    54204.147824    54204.147824
1.4750E15     0.0000E00    3.1190E-11   2.3471E-13    54182.294907    54182.294907
1.4750E15     0.0000E00    2.7920E-11   2.3316E-13    54580.077037    54580.077037
1.4750E15     0.0000E00    3.1998E-11   3.0724E-13    55319.535764    55319.535764
1.4750E15     0.0000E00    3.6632E-11   3.4008E-13    55340.879606    55340.879606
1.4750E15     0.0000E00    3.1576E-11   2.4573E-13    54218.137604    54218.137604
1.4750E15     0.0000E00    2.6933E-11   2.9287E-13    55005.971979    55005.971979
1.4750E15     0.0000E00    3.3874E-11   3.5509E-13    55429.213056    55429.213056
1.4750E15     0.0000E00    2.8272E-11   2.0148E-13    54954.366065    54954.366065
1.4750E15     0.0000E00    2.9378E-11   3.3334E-13    55040.786354    55040.786354
1.4750E15     0.0000E00    2.8603E-11   2.1426E-13    54197.179549    54197.179549
1.4750E15     0.0000E00    2.9114E-11   2.9865E-13    54598.140822    54598.140822
1.4750E15     0.0000E00    4.0913E-11   1.9803E-13    53934.863958    53934.863958
1.4750E15     0.0000E00    2.7441E-11   1.9583E-13    54964.90044    54964.90044
1.4750E15     0.0000E00    2.9204E-11   2.0561E-13    54955.369919    54955.369919
1.4750E15     0.0000E00    3.7960E-11   3.5641E-13    55368.78125    55368.78125
1.4750E15     0.0000E00    3.1084E-11   3.0205E-13    55047.336991    55047.336991
1.4750E15     0.0000E00    3.9646E-11   3.6550E-13    55411.009699    55411.009699
1.4750E15     0.0000E00    3.1078E-11   3.4341E-13    54951.037708    54951.037708
1.4750E15     0.0000E00    2.9429E-11   3.2441E-13    55035.15691    55035.15691
1.4750E15     0.0000E00    2.8374E-11   3.1869E-13    54589.384421    54589.384421
1.4750E15     0.0000E00    2.8429E-11   2.0193E-13    54952.760081    54952.760081
1.4750E15     0.0000E00    2.9139E-11   3.2307E-13    54589.117766    54589.117766
1.4750E15     0.0000E00    2.1972E-11   2.2552E-13    55015.945637    55015.945637
1.4750E15     0.0000E00    3.1383E-11   2.1981E-13    54189.796273    54189.796273
1.4750E15     0.0000E00    2.6432E-11   2.3028E-13    55208.246933    55208.246933
1.4750E15     0.0000E00    2.8644E-11   2.0196E-13    54953.362095    54953.362095
1.4750E15     0.0000E00    2.8963E-11   2.0409E-13    54954.700637    54954.700637
1.4750E15     0.0000E00    3.0561E-11   2.1386E-13    54977.59125    54977.59125
1.4750E15     0.0000E00    2.9005E-11   2.3760E-13    54556.122662    54556.122662
1.4750E15     0.0000E00    3.0337E-11   3.1215E-13    54962.000394    54962.000394
1.4750E15     0.0000E00    3.1867E-11   2.4984E-13    54238.19566    54238.19566
1.4750E15     0.0000E00    3.0058E-11   3.3727E-13    54957.054051    54957.054051
1.4750E15     0.0000E00    2.7481E-11   2.9689E-13    55347.843669    55347.843669
1.4750E15     0.0000E00    2.7937E-11   3.1597E-13    54583.083669    54583.083669
1.4750E15     0.0000E00    2.8098E-11   3.2629E-13    54592.395556    54592.395556
1.4750E15     0.0000E00    3.5976E-11   3.5483E-13    55396.689502    55396.689502
1.4750E15     0.0000E00    3.4496E-11   1.7670E-13    54224.352164    54224.352164
1.4750E15     0.0000E00    2.8913E-11   2.5301E-13    54913.143646    54913.143646
1.4750E15     0.0000E00    2.8450E-11   3.1795E-13    55043.001053    55043.001053
1.4750E15     0.0000E00    3.1169E-11   3.2550E-13    55054.229456    55054.229456
1.4750E15     0.0000E00    2.9268E-11   3.2360E-13    54559.454722    54559.454722
1.4750E15     0.0000E00    2.9452E-11   3.3619E-13    54918.15537    54918.15537
1.4750E15     0.0000E00    2.9491E-11   3.0842E-13    55236.215579    55236.215579
1.4750E15     0.0000E00    3.3270E-11   3.0642E-13    54929.081296    54929.081296
1.4750E15     0.0000E00    2.7368E-11   3.1223E-13    54583.41838    54583.41838
1.4750E15     0.0000E00    3.3809E-11   3.1874E-13    54923.06316    54923.06316
1.4750E15     0.0000E00    2.7807E-11   3.0046E-13    55096.001123    55096.001123
1.4750E15     0.0000E00    3.4779E-11   2.1544E-13    55276.030463    55276.030463
1.4750E15     0.0000E00    3.4758E-11   3.6584E-13    54935.041516    54935.041516
1.4750E15     0.0000E00    2.8141E-11   3.0455E-13    55029.885822    55029.885822
1.4750E15     0.0000E00    2.7230E-11   2.9494E-13    54598.418947    54598.418947
1.4750E15     0.0000E00    2.7460E-11   2.9638E-13    54586.094387    54586.094387
1.4750E15     0.0000E00    3.0761E-11   3.1484E-13    55131.937975    55131.937975
1.4750E15     0.0000E00    2.6966E-11   2.7300E-13    55194.391956    55194.391956
1.4750E15     0.0000E00    2.8742E-11   3.2011E-13    55117.943414    55117.943414
1.4750E15     0.0000E00    3.0087E-11   2.6387E-13    55159.388715    55159.388715
1.4750E15     0.0000E00    2.9396E-11   3.4416E-13    55110.985718    55110.985718
1.4750E15     0.0000E00    2.3047E-11   1.8317E-13    54977.323368    54977.323368
# UVOTSSC uvm2 (id = 52)
#   frequency \gn (Hz)    Bin   Nufnu (erg cm^-2 s^-1)  Nufnu (erg cm^-2 s^-1)_error    TStart    TStop
1.3450E15     0.0000E00    6.0692E-11   6.1033E-13    53935.935162    53935.935162
1.3450E15     0.0000E00    3.8077E-11   4.1996E-13    55305.354213    55305.354213
1.3450E15     0.0000E00    3.3117E-11   4.7694E-13    55248.603229    55248.603229
1.3450E15     0.0000E00    2.9669E-11   3.4833E-13    54976.321377    54976.321377
1.3450E15     0.0000E00    2.9899E-11   4.0391E-13    54565.09853    54565.09853
1.3450E15     0.0000E00    4.2659E-11   4.8320E-13    55354.812257    55354.812257
1.3450E15     0.0000E00    2.7020E-11   3.8781E-13    55145.672176    55145.672176
1.3450E15     0.0000E00    3.0722E-11   6.8559E-13    54963.352546    54963.352546
1.3450E15     0.0000E00    3.9269E-11   4.2683E-13    55298.862905    55298.862905
1.3450E15     0.0000E00    3.1609E-11   3.8712E-13    54995.940417    54995.940417
1.3450E15     0.0000E00    2.8069E-11   3.8437E-13    55075.047894    55075.047894
1.3450E15     0.0000E00    3.9995E-11   4.7970E-13    55325.765012    55325.765012
1.3450E15     0.0000E00    3.3155E-11   3.7682E-13    54211.421308    54211.421308
1.3450E15     0.0000E00    2.7090E-11   1.8210E-13    55010.253762    55010.253762
1.3450E15     0.0000E00    2.7046E-11   2.9182E-13    54966.019919    54966.019919
1.3450E15     0.0000E00    3.0470E-11   3.5827E-13    54266.463322    54266.463322
1.3450E15     0.0000E00    2.7894E-11   3.1993E-13    55020.914468    55020.914468
1.3450E15     0.0000E00    2.7989E-11   2.4863E-13    54965.1464    54965.1464
1.3450E15     0.0000E00    4.3166E-11   4.7361E-13    55382.506956    55382.506956
1.3450E15     0.0000E00    3.0002E-11   3.3400E-13    54568.112384    54568.112384
1.3450E15     0.0000E00    2.9713E-11   4.0925E-13    54915.155023    54915.155023
1.3450E15     0.0000E00    3.1116E-11   3.4265E-13    54976.866863    54976.866863
1.3450E15     0.0000E00    3.8231E-11   4.3095E-13    55333.980787    55333.980787
1.3450E15     0.0000E00    3.2846E-11   1.4729E-13    54980.09    54980.09
1.3450E15     0.0000E00    4.3207E-11   5.2442E-13    55361.040046    55361.040046
1.3450E15     0.0000E00    3.8712E-11   4.4716E-13    55403.791157    55403.791157
1.3450E15     0.0000E00    4.1656E-11   4.6490E-13    55291.898218    55291.898218
1.3450E15     0.0000E00    2.4029E-11   3.5707E-13    54914.206308    54914.206308
1.3450E15     0.0000E00    2.8135E-11   3.5987E-13    54970.235984    54970.235984
1.3450E15     0.0000E00    2.9002E-11   3.9027E-13    54571.125602    54571.125602
1.3450E15     0.0000E00    3.1684E-11   1.9357E-13    54978.011991    54978.011991
1.3450E15     0.0000E00    3.2424E-11   1.9243E-13    54979.019977    54979.019977
1.3450E15     0.0000E00    3.0426E-11   5.2607E-13    54559.134688    54559.134688
1.3450E15     0.0000E00    3.4595E-11   2.5707E-13    54989.923171    54989.923171
1.3450E15     0.0000E00    3.0871E-11   5.5823E-13    54562.404016    54562.404016
1.3450E15     0.0000E00    3.5969E-11   4.1526E-13    54941.063542    54941.063542
1.3450E15     0.0000E00    2.6502E-11   3.1700E-13    54963.880868    54963.880868
1.3450E15     0.0000E00    2.8698E-11   3.5025E-13    54553.105428    54553.105428
1.3450E15     0.0000E00    2.9844E-11   5.7396E-13    54562.084653    54562.084653
1.3450E15     0.0000E00    2.9687E-11   3.7545E-13    55152.952072    55152.952072
1.3450E15     0.0000E00    2.8556E-11   3.3921E-13    54273.209745    54273.209745
1.3450E15     0.0000E00    3.0623E-11   3.7464E-13    55138.506597    55138.506597
1.3450E15     0.0000E00    3.2689E-11   4.1706E-13    55173.093241    55173.093241
1.3450E15     0.0000E00    2.6963E-11   3.8738E-13    55089.10853    55089.10853
1.3450E15     0.0000E00    3.0419E-11   7.1714E-13    54953.696898    54953.696898
1.3450E15     0.0000E00    2.9972E-11   3.9809E-13    55229.988009    55229.988009
1.3450E15     0.0000E00    2.5956E-11   3.6863E-13    55215.205995    55215.205995
1.3450E15     0.0000E00    2.9238E-11   3.6297E-13    55068.414977    55068.414977
1.3450E15     0.0000E00    3.7103E-11   4.2337E-13    54946.074931    54946.074931
1.3450E15     0.0000E00    2.8056E-11   3.4237E-13    55201.011458    55201.011458
1.3450E15     0.0000E00    2.9155E-11   3.9586E-13    55180.000799    55180.000799
1.3450E15     0.0000E00    2.8400E-11   3.3699E-13    55103.428924    55103.428924
1.3450E15     0.0000E00    2.8003E-11   3.2552E-13    55187.822269    55187.822269
1.3450E15     0.0000E00    2.8215E-11   6.4958E-13    54964.403646    54964.403646
1.3450E15     0.0000E00    3.2149E-11   4.2100E-13    54248.243426    54248.243426
1.3450E15     0.0000E00    3.1547E-11   4.0708E-13    54977.732674    54977.732674
1.3450E15     0.0000E00    3.0038E-11   4.9533E-13    54586.362535    54586.362535
1.3450E15     0.0000E00    4.6891E-11   4.9669E-13    55375.203854    55375.203854
1.3450E15     0.0000E00    3.0212E-11   7.5732E-13    54204.147824    54204.147824
1.3450E15     0.0000E00    3.2264E-11   3.4854E-13    54182.294907    54182.294907
1.3450E15     0.0000E00    2.8801E-11   3.5036E-13    54580.077037    54580.077037
1.3450E15     0.0000E00    3.2530E-11   3.7686E-13    55319.535764    55319.535764
1.3450E15     0.0000E00    3.7624E-11   7.2210E-13    55340.879606    55340.879606
1.3450E15     0.0000E00    3.1528E-11   3.5851E-13    54218.137604    54218.137604
1.3450E15     0.0000E00    2.7326E-11   3.5876E-13    55005.971979    55005.971979
1.3450E15     0.0000E00    3.4446E-11   5.4664E-13    55429.213056    55429.213056
1.3450E15     0.0000E00    2.8394E-11   6.8693E-13    54954.366065    54954.366065
1.3450E15     0.0000E00    3.0565E-11   4.1393E-13    55040.786354    55040.786354
1.3450E15     0.0000E00    2.8839E-11   4.3678E-13    54197.179549    54197.179549
1.3450E15     0.0000E00    2.9642E-11   4.5023E-13    54598.140822    54598.140822
1.3450E15     0.0000E00    3.9655E-11   1.8195E-13    53934.863958    53934.863958
1.3450E15     0.0000E00    2.8845E-11   1.0508E-12    54964.90044    54964.90044
1.3450E15     0.0000E00    3.0803E-11   7.0590E-13    54955.369919    54955.369919
1.3450E15     0.0000E00    3.7530E-11   4.2802E-13    55368.78125    55368.78125
1.3450E15     0.0000E00    3.2129E-11   3.7337E-13    55047.336991    55047.336991
1.3450E15     0.0000E00    4.0413E-11   4.4559E-13    55411.009699    55411.009699
1.3450E15     0.0000E00    3.2930E-11   4.3038E-13    54951.037708    54951.037708
1.3450E15     0.0000E00    3.0325E-11   4.0024E-13    55035.15691    55035.15691
1.3450E15     0.0000E00    2.9837E-11   4.8013E-13    54589.384421    54589.384421
1.3450E15     0.0000E00    2.9497E-11   7.0642E-13    54952.760081    54952.760081
1.3450E15     0.0000E00    3.0399E-11   4.8565E-13    54589.117766    54589.117766
1.3450E15     0.0000E00    2.3052E-11   2.8145E-13    55015.945637    55015.945637
1.3450E15     0.0000E00    3.1395E-11   3.9127E-13    54189.796273    54189.796273
1.3450E15     0.0000E00    2.6856E-11   2.8208E-13    55208.246933    55208.246933
1.3450E15     0.0000E00    3.0551E-11   7.4618E-13    54953.362095    54953.362095
1.3450E15     0.0000E00    3.0760E-11   7.1762E-13    54954.700637    54954.700637
1.3450E15     0.0000E00    3.1212E-11   6.4222E-13    54977.59125    54977.59125
1.3450E15     0.0000E00    3.0351E-11   3.7155E-13    54556.122662    54556.122662
1.3450E15     0.0000E00    3.0329E-11   3.7936E-13    54962.000394    54962.000394
1.3450E15     0.0000E00    3.1163E-11   3.6230E-13    54238.19566    54238.19566
1.3450E15     0.0000E00    2.9777E-11   4.0783E-13    54957.054051    54957.054051
1.3450E15     0.0000E00    2.8626E-11   3.6885E-13    55347.843669    55347.843669
1.3450E15     0.0000E00    2.8760E-11   5.2820E-13    54583.083669    54583.083669
1.3450E15     0.0000E00    2.7935E-11   4.8131E-13    54592.395556    54592.395556
1.3450E15     0.0000E00    3.8462E-11   4.4527E-13    55396.689502    55396.689502
1.3450E15     0.0000E00    3.4995E-11   2.6171E-13    54224.352164    54224.352164
1.3450E15     0.0000E00    2.9832E-11   3.8080E-13    54913.143646    54913.143646
1.3450E15     0.0000E00    2.9636E-11   3.9564E-13    55043.001053    55043.001053
1.3450E15     0.0000E00    3.0611E-11   3.9101E-13    55054.229456    55054.229456
1.3450E15     0.0000E00    2.9986E-11   4.9604E-13    54559.454722    54559.454722
1.3450E15     0.0000E00    2.9218E-11   4.0809E-13    54918.15537    54918.15537
1.3450E15     0.0000E00    3.0488E-11   3.8175E-13    55236.215579    55236.215579
1.3450E15     0.0000E00    3.3533E-11   3.7350E-13    54929.081296    54929.081296
1.3450E15     0.0000E00    2.9183E-11   5.5549E-13    54583.41838    54583.41838
1.3450E15     0.0000E00    3.4139E-11   3.8820E-13    54923.06316    54923.06316
1.3450E15     0.0000E00    2.8528E-11   3.7104E-13    55096.001123    55096.001123
1.3450E15     0.0000E00    3.6119E-11   3.2962E-13    55276.030463    55276.030463
1.3450E15     0.0000E00    3.4895E-11   4.4396E-13    54935.041516    54935.041516
1.3450E15     0.0000E00    2.8873E-11   3.7600E-13    55029.885822    55029.885822
1.3450E15     0.0000E00    2.8041E-11   4.2513E-13    54598.418947    54598.418947
1.3450E15     0.0000E00    2.9454E-11   4.6953E-13    54586.094387    54586.094387
1.3450E15     0.0000E00    3.1364E-11   3.8636E-13    55131.937975    55131.937975
1.3450E15     0.0000E00    2.7392E-11   3.3452E-13    55194.391956    55194.391956
1.3450E15     0.0000E00    2.9535E-11   3.9457E-13    55117.943414    55117.943414
1.3450E15     0.0000E00    3.0555E-11   3.2317E-13    55159.388715    55159.388715
1.3450E15     0.0000E00    2.9995E-11   4.2273E-13    55110.985718    55110.985718
1.3450E15     0.0000E00    2.4684E-11   5.6491E-13    54977.323368    54977.323368
# UVOTSSC uvw1 (id = 51)
#   frequency \gn (Hz)    Bin   Nufnu (erg cm^-2 s^-1)  Nufnu (erg cm^-2 s^-1)_error    TStart    TStop
1.1570E15     0.0000E00    3.0506E-11   4.1448E-13    53935.935162    53935.935162
1.1570E15     0.0000E00    3.6068E-11   3.3284E-13    55305.354213    55305.354213
1.1570E15     0.0000E00    3.3145E-11   4.4885E-13    55248.603229    55248.603229
1.1570E15     0.0000E00    2.8253E-11   2.8814E-13    54976.321377    54976.321377
1.1570E15     0.0000E00    2.8309E-11   3.1884E-13    54565.09853    54565.09853
1.1570E15     0.0000E00    3.8985E-11   3.9639E-13    55354.812257    55354.812257
1.1570E15     0.0000E00    2.6465E-11   3.3556E-13    55145.672176    55145.672176
1.1570E15     0.0000E00    3.5722E-11   3.4398E-13    55298.862905    55298.862905
1.1570E15     0.0000E00    3.0314E-11   3.1021E-13    54995.940417    54995.940417
1.1570E15     0.0000E00    2.7203E-11   3.2947E-13    55075.047894    55075.047894
1.1570E15     0.0000E00    3.5853E-11   3.8672E-13    55325.765012    55325.765012
1.1570E15     0.0000E00    3.1367E-11   3.4538E-13    54211.421308    54211.421308
1.1570E15     0.0000E00    2.6572E-11   1.5501E-13    55010.253762    55010.253762
1.1570E15     0.0000E00    2.6556E-11   2.4558E-13    54966.019919    54966.019919
1.1570E15     0.0000E00    2.9337E-11   3.1744E-13    54266.463322    54266.463322
1.1570E15     0.0000E00    2.7429E-11   2.7325E-13    55020.914468    55020.914468
1.1570E15     0.0000E00    2.7085E-11   2.0883E-13    54965.1464    54965.1464
1.1570E15     0.0000E00    4.1065E-11   3.7508E-13    55382.506956    55382.506956
1.1570E15     0.0000E00    2.8825E-11   2.9048E-13    54568.112384    54568.112384
1.1570E15     0.0000E00    2.7916E-11   3.8654E-13    54915.155023    54915.155023
1.1570E15     0.0000E00    3.5289E-11   3.4398E-13    55333.980787    55333.980787
1.1570E15     0.0000E00    3.1522E-11   1.2070E-13    54980.09    54980.09
1.1570E15     0.0000E00    3.8767E-11   5.0336E-13    55361.040046    55361.040046
1.1570E15     0.0000E00    3.8438E-11   3.6836E-13    55403.791157    55403.791157
1.1570E15     0.0000E00    3.8793E-11   3.7597E-13    55291.898218    55291.898218
1.1570E15     0.0000E00    2.2818E-11   3.2532E-13    54914.206308    54914.206308
1.1570E15     0.0000E00    2.7955E-11   3.6725E-13    54970.235984    54970.235984
1.1570E15     0.0000E00    2.8674E-11   3.1634E-13    54571.125602    54571.125602
1.1570E15     0.0000E00    3.0845E-11   1.6128E-13    54978.011991    54978.011991
1.1570E15     0.0000E00    3.0886E-11   1.6646E-13    54979.019977    54979.019977
1.1570E15     0.0000E00    2.8226E-11   4.4752E-13    54559.134688    54559.134688
1.1570E15     0.0000E00    3.3244E-11   2.1050E-13    54989.923171    54989.923171
1.1570E15     0.0000E00    2.9063E-11   4.5603E-13    54562.404016    54562.404016
1.1570E15     0.0000E00    3.2443E-11   7.5695E-13    54941.063542    54941.063542
1.1570E15     0.0000E00    2.9271E-11   3.2782E-13    54553.105428    54553.105428
1.1570E15     0.0000E00    2.7678E-11   4.4337E-13    54562.084653    54562.084653
1.1570E15     0.0000E00    2.8251E-11   3.1849E-13    55152.952072    55152.952072
1.1570E15     0.0000E00    2.7376E-11   3.1480E-13    54273.209745    54273.209745
1.1570E15     0.0000E00    2.8099E-11   3.3397E-13    55138.506597    55138.506597
1.1570E15     0.0000E00    3.0046E-11   3.6224E-13    55173.093241    55173.093241
1.1570E15     0.0000E00    2.6624E-11   3.1470E-13    55089.10853    55089.10853
1.1570E15     0.0000E00    2.8893E-11   3.3620E-13    55229.988009    55229.988009
1.1570E15     0.0000E00    2.5202E-11   3.4352E-13    55215.205995    55215.205995
1.1570E15     0.0000E00    2.9114E-11   3.0356E-13    55068.414977    55068.414977
1.1570E15     0.0000E00    3.4968E-11   3.5473E-13    54946.074931    54946.074931
1.1570E15     0.0000E00    2.6703E-11   2.8650E-13    55201.011458    55201.011458
1.1570E15     0.0000E00    2.7644E-11   3.4040E-13    55180.000799    55180.000799
1.1570E15     0.0000E00    2.6899E-11   3.9868E-13    55103.428924    55103.428924
1.1570E15     0.0000E00    2.7393E-11   2.6108E-13    55187.822269    55187.822269
1.1570E15     0.0000E00    3.0302E-11   3.6540E-13    54248.243426    54248.243426
1.1570E15     0.0000E00    2.7744E-11   4.2316E-13    54586.362535    54586.362535
1.1570E15     0.0000E00    4.4440E-11   4.1115E-13    55375.203854    55375.203854
1.1570E15     0.0000E00    2.8033E-11   3.1804E-13    54204.147824    54204.147824
1.1570E15     0.0000E00    3.0743E-11   3.2304E-13    54182.294907    54182.294907
1.1570E15     0.0000E00    2.7520E-11   3.2105E-13    54580.077037    54580.077037
1.1570E15     0.0000E00    3.1593E-11   3.1029E-13    55319.535764    55319.535764
1.1570E15     0.0000E00    2.9930E-11   3.3081E-13    54218.137604    54218.137604
1.1570E15     0.0000E00    2.7033E-11   3.0121E-13    55005.971979    55005.971979
1.1570E15     0.0000E00    3.2124E-11   4.7757E-13    55429.213056    55429.213056
1.1570E15     0.0000E00    2.8540E-11   3.6001E-13    55040.786354    55040.786354
1.1570E15     0.0000E00    2.8048E-11   2.9353E-13    54197.179549    54197.179549
1.1570E15     0.0000E00    2.8630E-11   4.0953E-13    54598.140822    54598.140822
1.1570E15     0.0000E00    3.3127E-11   2.2248E-13    53934.863958    53934.863958
1.1570E15     0.0000E00    2.8630E-11   1.0364E-12    54964.90044    54964.90044
1.1570E15     0.0000E00    3.6473E-11   3.7035E-13    55368.78125    55368.78125
1.1570E15     0.0000E00    3.1133E-11   3.0022E-13    55047.336991    55047.336991
1.1570E15     0.0000E00    3.8472E-11   3.8061E-13    55411.009699    55411.009699
1.1570E15     0.0000E00    3.0650E-11   3.4205E-13    54951.037708    54951.037708
1.1570E15     0.0000E00    2.8733E-11   3.3977E-13    55035.15691    55035.15691
1.1570E15     0.0000E00    2.8272E-11   4.4023E-13    54589.384421    54589.384421
1.1570E15     0.0000E00    2.7264E-11   4.3143E-13    54589.117766    54589.117766
1.1570E15     0.0000E00    2.4133E-11   2.4155E-13    55015.945637    55015.945637
1.1570E15     0.0000E00    3.0141E-11   2.7287E-13    54189.796273    54189.796273
1.1570E15     0.0000E00    2.6512E-11   2.3996E-13    55208.246933    55208.246933
1.1570E15     0.0000E00    2.8741E-11   3.2759E-13    54556.122662    54556.122662
1.1570E15     0.0000E00    2.9070E-11   5.2499E-13    54962.000394    54962.000394
1.1570E15     0.0000E00    3.0395E-11   3.3774E-13    54238.19566    54238.19566
1.1570E15     0.0000E00    2.8859E-11   3.4805E-13    54957.054051    54957.054051
1.1570E15     0.0000E00    2.9369E-11   3.2461E-13    55347.843669    55347.843669
1.1570E15     0.0000E00    2.6311E-11   4.2298E-13    54583.083669    54583.083669
1.1570E15     0.0000E00    2.7446E-11   4.4623E-13    54592.395556    54592.395556
1.1570E15     0.0000E00    3.9095E-11   3.9247E-13    55396.689502    55396.689502
1.1570E15     0.0000E00    3.2532E-11   2.3703E-13    54224.352164    54224.352164
1.1570E15     0.0000E00    2.7364E-11   3.3962E-13    54913.143646    54913.143646
1.1570E15     0.0000E00    2.9012E-11   3.2732E-13    55043.001053    55043.001053
1.1570E15     0.0000E00    3.0733E-11   4.1129E-13    55054.229456    55054.229456
1.1570E15     0.0000E00    2.8871E-11   4.4577E-13    54559.454722    54559.454722
1.1570E15     0.0000E00    3.0363E-11   1.0179E-13    55027.668449    55027.668449
1.1570E15     0.0000E00    2.8363E-11   3.7959E-13    54918.15537    54918.15537
1.1570E15     0.0000E00    2.7607E-11   3.0073E-13    55236.215579    55236.215579
1.1570E15     0.0000E00    3.1832E-11   2.9495E-13    54929.081296    54929.081296
1.1570E15     0.0000E00    2.7225E-11   4.3090E-13    54583.41838    54583.41838
1.1570E15     0.0000E00    3.2802E-11   3.4285E-13    54923.06316    54923.06316
1.1570E15     0.0000E00    2.7694E-11   3.3201E-13    55096.001123    55096.001123
1.1570E15     0.0000E00    3.3829E-11   2.9397E-13    55276.030463    55276.030463
1.1570E15     0.0000E00    3.4243E-11   3.8244E-13    54935.041516    54935.041516
1.1570E15     0.0000E00    2.7314E-11   3.2910E-13    55029.885822    55029.885822
1.1570E15     0.0000E00    2.7033E-11   4.0650E-13    54598.418947    54598.418947
1.1570E15     0.0000E00    2.6712E-11   4.0428E-13    54586.094387    54586.094387
1.1570E15     0.0000E00    2.9712E-11   3.1955E-13    55131.937975    55131.937975
1.1570E15     0.0000E00    2.6342E-11   2.7278E-13    55194.391956    55194.391956
1.1570E15     0.0000E00    2.8351E-11   3.2479E-13    55117.943414    55117.943414
1.1570E15     0.0000E00    2.9958E-11   2.8640E-13    55159.388715    55159.388715
1.1570E15     0.0000E00    2.8659E-11   3.4468E-13    55110.985718    55110.985718
# UVOTSSC u (id = 50)
#   frequency \gn (Hz)    Bin   Nufnu (erg cm^-2 s^-1)  Nufnu (erg cm^-2 s^-1)_error    TStart    TStop
8.5630E14     0.0000E00    3.4736E-11   4.9495E-13    53935.935162    53935.935162
8.5630E14     0.0000E00    3.6268E-11   5.3184E-13    55248.603229    55248.603229
8.5630E14     0.0000E00    3.0200E-11   3.6675E-13    54565.09853    54565.09853
8.5630E14     0.0000E00    3.4344E-11   4.0508E-13    54211.421308    54211.421308
8.5630E14     0.0000E00    3.2357E-11   3.6944E-13    54266.463322    54266.463322
8.5630E14     0.0000E00    3.1387E-11   3.3826E-13    54568.112384    54568.112384
8.5630E14     0.0000E00    3.3200E-11   4.7092E-13    54915.155023    54915.155023
8.5630E14     0.0000E00    2.8890E-11   4.0750E-13    54914.206308    54914.206308
8.5630E14     0.0000E00    3.1288E-11   3.7201E-13    54571.125602    54571.125602
8.5630E14     0.0000E00    3.0448E-11   5.1644E-13    54559.134688    54559.134688
8.5630E14     0.0000E00    3.2247E-11   5.3418E-13    54562.404016    54562.404016
8.5630E14     0.0000E00    3.3317E-11   3.9097E-13    54553.105428    54553.105428
8.5630E14     0.0000E00    3.0594E-11   5.2082E-13    54562.084653    54562.084653
8.5630E14     0.0000E00    3.2210E-11   3.8297E-13    54273.209745    54273.209745
8.5630E14     0.0000E00    3.4649E-11   4.3861E-13    54248.243426    54248.243426
8.5630E14     0.0000E00    3.0170E-11   4.8671E-13    54586.362535    54586.362535
8.5630E14     0.0000E00    3.0965E-11   3.7728E-13    54204.147824    54204.147824
8.5630E14     0.0000E00    3.3388E-11   3.7473E-13    54182.294907    54182.294907
8.5630E14     0.0000E00    3.1705E-11   3.8387E-13    54580.077037    54580.077037
8.5630E14     0.0000E00    3.3463E-11   3.9001E-13    54218.137604    54218.137604
8.5630E14     0.0000E00    3.6264E-11   5.6967E-13    55429.213056    55429.213056
8.5630E14     0.0000E00    2.9944E-11   3.3745E-13    54197.179549    54197.179549
8.5630E14     0.0000E00    3.0103E-11   4.6351E-13    54598.140822    54598.140822
8.5630E14     0.0000E00    3.8464E-11   2.7132E-13    53934.863958    53934.863958
8.5630E14     0.0000E00    3.1930E-11   5.2042E-13    54589.384421    54589.384421
8.5630E14     0.0000E00    3.1863E-11   5.2007E-13    54589.117766    54589.117766
8.5630E14     0.0000E00    3.3188E-11   3.2163E-13    54189.796273    54189.796273
8.5630E14     0.0000E00    3.1511E-11   3.8043E-13    54556.122662    54556.122662
8.5630E14     0.0000E00    3.4329E-11   4.0092E-13    54238.19566    54238.19566
8.5630E14     0.0000E00    3.0613E-11   5.0729E-13    54583.083669    54583.083669
8.5630E14     0.0000E00    3.0477E-11   5.2148E-13    54592.395556    54592.395556
8.5630E14     0.0000E00    3.6589E-11   2.8250E-13    54224.352164    54224.352164
8.5630E14     0.0000E00    3.0905E-11   3.9981E-13    54913.143646    54913.143646
8.5630E14     0.0000E00    3.0932E-11   5.0985E-13    54559.454722    54559.454722
8.5630E14     0.0000E00    2.8201E-11   4.8353E-13    54583.41838    54583.41838
8.5630E14     0.0000E00    3.6658E-11   3.4154E-13    55276.030463    55276.030463
8.5630E14     0.0000E00    3.0434E-11   4.7860E-13    54598.418947    54598.418947
8.5630E14     0.0000E00    3.0557E-11   4.8003E-13    54586.094387    54586.094387
# UVOTSSC b (id = 49)
#   frequency \gn (Hz)    Bin   Nufnu (erg cm^-2 s^-1)  Nufnu (erg cm^-2 s^-1)_error    TStart    TStop
6.9250E14     0.0000E00    4.9481E-11   7.1003E-13    55248.603229    55248.603229
6.9250E14     0.0000E00    4.6347E-11   5.2812E-13    54565.09853    54565.09853
6.9250E14     0.0000E00    5.2751E-11   5.7925E-13    54211.421308    54211.421308
6.9250E14     0.0000E00    5.0896E-11   5.3172E-13    54266.463322    54266.463322
6.9250E14     0.0000E00    4.7454E-11   4.8061E-13    54568.112384    54568.112384
6.9250E14     0.0000E00    4.8465E-11   6.5137E-13    54915.155023    54915.155023
6.9250E14     0.0000E00    4.4329E-11   5.7893E-13    54914.206308    54914.206308
6.9250E14     0.0000E00    4.4658E-11   5.0957E-13    54571.125602    54571.125602
6.9250E14     0.0000E00    4.7247E-11   7.4382E-13    54559.134688    54559.134688
6.9250E14     0.0000E00    4.9347E-11   7.5347E-13    54562.404016    54562.404016
6.9250E14     0.0000E00    4.9553E-11   5.4254E-13    54553.105428    54553.105428
6.9250E14     0.0000E00    4.5203E-11   7.2860E-13    54562.084653    54562.084653
6.9250E14     0.0000E00    5.1038E-11   5.5442E-13    54273.209745    54273.209745
6.9250E14     0.0000E00    5.3018E-11   6.2010E-13    54248.243426    54248.243426
6.9250E14     0.0000E00    4.8269E-11   7.1398E-13    54586.362535    54586.362535
6.9250E14     0.0000E00    4.4074E-11   5.5787E-13    54204.147824    54204.147824
6.9250E14     0.0000E00    5.2325E-11   5.4145E-13    54182.294907    54182.294907
6.9250E14     0.0000E00    5.0683E-11   5.5722E-13    54580.077037    54580.077037
6.9250E14     0.0000E00    5.2836E-11   5.6678E-13    54218.137604    54218.137604
6.9250E14     0.0000E00    5.2795E-11   7.7704E-13    55429.213056    55429.213056
6.9250E14     0.0000E00    4.9211E-11   5.0793E-13    54197.179549    54197.179549
6.9250E14     0.0000E00    4.8684E-11   6.7944E-13    54598.140822    54598.140822
6.9250E14     0.0000E00    4.7574E-11   7.2502E-13    54589.384421    54589.384421
6.9250E14     0.0000E00    4.6720E-11   7.1783E-13    54589.117766    54589.117766
6.9250E14     0.0000E00    5.1932E-11   4.6534E-13    54189.796273    54189.796273
6.9250E14     0.0000E00    5.0989E-11   5.6026E-13    54556.122662    54556.122662
6.9250E14     0.0000E00    5.2500E-11   5.6903E-13    54238.19566    54238.19566
6.9250E14     0.0000E00    4.2733E-11   6.7690E-13    54583.083669    54583.083669
6.9250E14     0.0000E00    4.6744E-11   7.4142E-13    54592.395556    54592.395556
6.9250E14     0.0000E00    5.6746E-11   4.0687E-13    54224.352164    54224.352164
6.9250E14     0.0000E00    4.7840E-11   5.7241E-13    54913.143646    54913.143646
6.9250E14     0.0000E00    4.6965E-11   7.2133E-13    54559.454722    54559.454722
6.9250E14     0.0000E00    4.6666E-11   7.1792E-13    54583.41838    54583.41838
6.9250E14     0.0000E00    5.5622E-11   4.8524E-13    55276.030463    55276.030463
6.9250E14     0.0000E00    4.7808E-11   6.9068E-13    54598.418947    54598.418947
6.9250E14     0.0000E00    5.0521E-11   7.1955E-13    54586.094387    54586.094387
# UVOTSSC v (id = 48)
#   frequency \gn (Hz)    Bin   Nufnu (erg cm^-2 s^-1)  Nufnu (erg cm^-2 s^-1)_error    TStart    TStop
5.5500E14     0.0000E00    6.5919E-11   1.1479E-12    55248.603229    55248.603229
5.5500E14     0.0000E00    6.5504E-11   8.8532E-13    54565.09853    54565.09853
5.5500E14     0.0000E00    7.0535E-11   9.2726E-13    54211.421308    54211.421308
5.5500E14     0.0000E00    6.9861E-11   8.6564E-13    54266.463322    54266.463322
5.5500E14     0.0000E00    6.7066E-11   8.1579E-13    54568.112384    54568.112384
5.5500E14     0.0000E00    6.3921E-11   1.0464E-12    54915.155023    54915.155023
5.5500E14     0.0000E00    5.8609E-11   9.3198E-13    54914.206308    54914.206308
5.5500E14     0.0000E00    6.0184E-11   8.3704E-13    54571.125602    54571.125602
5.5500E14     0.0000E00    6.1689E-11   1.1962E-12    54559.134688    54559.134688
5.5500E14     0.0000E00    6.2987E-11   1.1852E-12    54562.404016    54562.404016
5.5500E14     0.0000E00    7.0572E-11   9.1468E-13    54553.105428    54553.105428
5.5500E14     0.0000E00    6.1566E-11   1.1966E-12    54562.084653    54562.084653
5.5500E14     0.0000E00    6.9634E-11   8.9964E-13    54273.209745    54273.209745
5.5500E14     0.0000E00    7.2971E-11   1.0105E-12    54248.243426    54248.243426
5.5500E14     0.0000E00    6.3721E-11   1.1352E-12    54586.362535    54586.362535
5.5500E14     0.0000E00    6.4828E-11   1.7869E-12    54204.147824    54204.147824
5.5500E14     0.0000E00    7.2350E-11   8.8858E-13    54182.294907    54182.294907
5.5500E14     0.0000E00    7.0379E-11   9.1819E-13    54580.077037    54580.077037
5.5500E14     0.0000E00    7.3849E-11   9.3021E-13    54218.137604    54218.137604
5.5500E14     0.0000E00    7.0181E-11   1.2469E-12    55429.213056    55429.213056
5.5500E14     0.0000E00    6.5102E-11   8.1842E-13    54197.179549    54197.179549
5.5500E14     0.0000E00    6.4551E-11   1.0876E-12    54598.140822    54598.140822
5.5500E14     0.0000E00    6.5564E-11   1.1946E-12    54589.384421    54589.384421
5.5500E14     0.0000E00    6.7761E-11   1.2193E-12    54589.117766    54589.117766
5.5500E14     0.0000E00    6.8642E-11   9.9677E-13    54189.796273    54189.796273
5.5500E14     0.0000E00    6.7794E-11   8.9919E-13    54556.122662    54556.122662
5.5500E14     0.0000E00    7.4238E-11   9.4601E-13    54238.19566    54238.19566
5.5500E14     0.0000E00    6.8214E-11   1.2281E-12    54583.083669    54583.083669
5.5500E14     0.0000E00    5.9476E-11   1.1647E-12    54592.395556    54592.395556
5.5500E14     0.0000E00    7.6911E-11   6.5438E-13    54224.352164    54224.352164
5.5500E14     0.0000E00    6.3970E-11   9.2695E-13    54913.143646    54913.143646
5.5500E14     0.0000E00    6.8792E-11   1.2270E-12    54559.454722    54559.454722
5.5500E14     0.0000E00    6.4528E-11   1.1807E-12    54583.41838    54583.41838
5.5500E14     0.0000E00    7.4059E-11   7.7882E-13    55276.030463    55276.030463
5.5500E14     0.0000E00    6.4761E-11   1.1280E-12    54598.418947    54598.418947
5.5500E14     0.0000E00    6.2883E-11   1.1086E-12    54586.094387    54586.094387
# UVOTPLKSED (id = 47)
#   frequency \gn (Hz)    Bin   Nufnu (erg cm^-2 s^-1)  Nufnu (erg cm^-2 s^-1)_error    TStart    TStop
6.9250E14     0.0000E00    4.4382E-11   9.1461E-13    55276.035498    55276.038272
1.4770E15     0.0000E00    3.3017E-11   9.5987E-13    55276.035498    55276.046611
1.1380E15     0.0000E00    2.9082E-11   8.4549E-13    55276.035498    55276.041051
5.5500E14     0.0000E00    5.6623E-11   7.3455E-13    55276.035498    55276.038272
1.3440E15     0.0000E00    3.3160E-11   9.6401E-13    55276.035498    55276.042754
8.5630E14     0.0000E00    3.2900E-11   6.7801E-13    55276.035498    55276.038272
# GALEXMISFUV (id = 46)
#   frequency \gn (Hz)    Bin   Nufnu (erg cm^-2 s^-1)  Nufnu (erg cm^-2 s^-1)_error    TStart    TStop
1.9340E15     0.0000E00    4.0776E-11   2.6480E-13 0.0   0.0
# WISE W4 ExtEll (id = 45)
#   frequency \gn (Hz)    Bin   Nufnu (erg cm^-2 s^-1)  Nufnu (erg cm^-2 s^-1)_error    TStart    TStop
1.3630E13     0.0000E00    7.2482E-12   3.1910E-13    55247.74007559    55249.39419598
# WISE W3 ExtEll (id = 44)
#   frequency \gn (Hz)    Bin   Nufnu (erg cm^-2 s^-1)  Nufnu (erg cm^-2 s^-1)_error    TStart    TStop
2.4980E13     0.0000E00    7.5633E-12   1.2647E-13    55247.74007559    55249.39419598
# WISE W2 ExtEll (id = 43)
#   frequency \gn (Hz)    Bin   Nufnu (erg cm^-2 s^-1)  Nufnu (erg cm^-2 s^-1)_error    TStart    TStop
6.5170E13     0.0000E00    2.3823E-11   3.8084E-13    55247.74007559    55249.39419598
# WISE W1 ExtEll (id = 42)
#   frequency \gn (Hz)    Bin   Nufnu (erg cm^-2 s^-1)  Nufnu (erg cm^-2 s^-1)_error    TStart    TStop
8.8170E13     0.0000E00    4.2426E-11   6.7817E-13    55247.74007559    55249.39419598
# allwise w4 (id = 41)
#   frequency \gn (Hz)    Bin   Nufnu (erg cm^-2 s^-1)  Nufnu (erg cm^-2 s^-1)_error    TStart    TStop
1.3630E13     0.0000E00    7.3762E-12   3.2065E-13    55247.74007559    55249.39419598
# allwise w3 (id = 40)
#   frequency \gn (Hz)    Bin   Nufnu (erg cm^-2 s^-1)  Nufnu (erg cm^-2 s^-1)_error    TStart    TStop
2.4980E13     0.0000E00    7.5982E-12   1.2706E-13    55247.74007559    55249.39419598
# allwise w2 (id = 39)
#   frequency \gn (Hz)    Bin   Nufnu (erg cm^-2 s^-1)  Nufnu (erg cm^-2 s^-1)_error    TStart    TStop
6.5170E13     0.0000E00    2.4423E-11   3.9043E-13    55247.74007559    55430.70844831
# allwise w1 (id = 38)
#   frequency \gn (Hz)    Bin   Nufnu (erg cm^-2 s^-1)  Nufnu (erg cm^-2 s^-1)_error    TStart    TStop
8.8170E13     0.0000E00    4.2270E-11   6.7568E-13    55247.74007559    55430.70844831
# WMAP5 (Freq. 61e9 Hz) (id = 37)
#   frequency \gn (Hz)    Bin   Nufnu (erg cm^-2 s^-1)  Nufnu (erg cm^-2 s^-1)_error    TStart    TStop
6.1000E10     0.0000E00    3.0500E-13   1.2200E-13    52131.58333    53810.54167
# WMAP5 (Freq. 41e9 Hz) (id = 36)
#   frequency \gn (Hz)    Bin   Nufnu (erg cm^-2 s^-1)  Nufnu (erg cm^-2 s^-1)_error    TStart    TStop
4.1000E10     0.0000E00    3.6900E-13   4.1000E-14    52131.58333    53810.54167
# WMAP5 (Freq. 33e9 Hz) (id = 35)
#   frequency \gn (Hz)    Bin   Nufnu (erg cm^-2 s^-1)  Nufnu (erg cm^-2 s^-1)_error    TStart    TStop
3.3000E10     0.0000E00    3.9600E-13   3.3000E-14    52131.58333    53810.54167
# WMAP5 (Freq. 23e9 Hz) (id = 34)
#   frequency \gn (Hz)    Bin   Nufnu (erg cm^-2 s^-1)  Nufnu (erg cm^-2 s^-1)_error    TStart    TStop
2.3000E10     0.0000E00    2.7600E-13   0.0000E00    52131.58333    53810.54167
# PCCS2F545 (id = 33)
#   frequency \gn (Hz)    Bin   Nufnu (erg cm^-2 s^-1)  Nufnu (erg cm^-2 s^-1)_error    TStart    TStop
5.4500E11     0.0000E00    2.9226E-12   4.4698E-13 0.0   0.0
# PCCS2F353 (id = 32)
#   frequency \gn (Hz)    Bin   Nufnu (erg cm^-2 s^-1)  Nufnu (erg cm^-2 s^-1)_error    TStart    TStop
3.5300E11     0.0000E00    1.1959E-12   2.4699E-13 0.0   0.0
# PCCS2F217 (id = 31)
#   frequency \gn (Hz)    Bin   Nufnu (erg cm^-2 s^-1)  Nufnu (erg cm^-2 s^-1)_error    TStart    TStop
2.1700E11     0.0000E00    1.0032E-12   4.8759E-14 0.0   0.0
# PCCS2F143 (id = 30)
#   frequency \gn (Hz)    Bin   Nufnu (erg cm^-2 s^-1)  Nufnu (erg cm^-2 s^-1)_error    TStart    TStop
1.4300E11     0.0000E00    7.9138E-13   5.2607E-14 0.0   0.0
# PCCS2F100 (id = 29)
#   frequency \gn (Hz)    Bin   Nufnu (erg cm^-2 s^-1)  Nufnu (erg cm^-2 s^-1)_error    TStart    TStop
1.0000E11     0.0000E00    5.7008E-13   4.8745E-14 0.0   0.0
# PCCS2F070 (id = 28)
#   frequency \gn (Hz)    Bin   Nufnu (erg cm^-2 s^-1)  Nufnu (erg cm^-2 s^-1)_error    TStart    TStop
7.0400E10     0.0000E00    5.0846E-13   8.2620E-14 0.0   0.0
# PCCS2F030 (id = 27)
#   frequency \gn (Hz)    Bin   Nufnu (erg cm^-2 s^-1)  Nufnu (erg cm^-2 s^-1)_error    TStart    TStop
2.8400E10     0.0000E00    2.4725E-13   2.8524E-14 0.0   0.0
# PCCS1F545 (id = 26)
#   frequency \gn (Hz)    Bin   Nufnu (erg cm^-2 s^-1)  Nufnu (erg cm^-2 s^-1)_error    TStart    TStop
5.4500E11     0.0000E00    2.8132E-12   5.2110E-13    55055.5    55527.5
# PCCS1F353 (id = 25)
#   frequency \gn (Hz)    Bin   Nufnu (erg cm^-2 s^-1)  Nufnu (erg cm^-2 s^-1)_error    TStart    TStop
3.5300E11     0.0000E00    1.3476E-12   2.8938E-13    55055.5    55527.5
# PCCS1F217 (id = 24)
#   frequency \gn (Hz)    Bin   Nufnu (erg cm^-2 s^-1)  Nufnu (erg cm^-2 s^-1)_error    TStart    TStop
2.1700E11     0.0000E00    9.5098E-13   5.4337E-14    55055.5    55527.5
# PCCS1F143 (id = 23)
#   frequency \gn (Hz)    Bin   Nufnu (erg cm^-2 s^-1)  Nufnu (erg cm^-2 s^-1)_error    TStart    TStop
1.4300E11     0.0000E00    7.9051E-13   5.3713E-14    55055.5    55527.5
# PCCS1F100 (id = 22)
#   frequency \gn (Hz)    Bin   Nufnu (erg cm^-2 s^-1)  Nufnu (erg cm^-2 s^-1)_error    TStart    TStop
1.0000E11     0.0000E00    6.2304E-13   5.9298E-14    55055.5    55527.5
# PCCS1F030  (id = 21)
#   frequency \gn (Hz)    Bin   Nufnu (erg cm^-2 s^-1)  Nufnu (erg cm^-2 s^-1)_error    TStart    TStop
2.8400E10     0.0000E00    2.6120E-13   3.2407E-14    55055.5    55527.5
# NORTH20CM (flux 80 cm) (id = 20)
#   frequency \gn (Hz)    Bin   Nufnu (erg cm^-2 s^-1)  Nufnu (erg cm^-2 s^-1)_error    TStart    TStop
3.8400E08     0.0000E00    7.9181E-15   0.0000E00 0.0   0.0
# NORTH20CM (flux 6 cm) (id = 19)
#   frequency \gn (Hz)    Bin   Nufnu (erg cm^-2 s^-1)  Nufnu (erg cm^-2 s^-1)_error    TStart    TStop
5.0000E09     0.0000E00    6.8200E-14   0.0000E00 0.0   0.0
# NORTH20CM (flux 20 cm) (id = 18)
#   frequency \gn (Hz)    Bin   Nufnu (erg cm^-2 s^-1)  Nufnu (erg cm^-2 s^-1)_error    TStart    TStop
1.4000E09     0.0000E00    2.0202E-14   0.0000E00 0.0   0.0
# GB6 (id = 17)
#   frequency \gn (Hz)    Bin   Nufnu (erg cm^-2 s^-1)  Nufnu (erg cm^-2 s^-1)_error    TStart    TStop
4.8500E09     0.0000E00    6.6687E-14   5.9170E-15    46735.5    47069.5
# ERCSC217 (id = 16)
#   frequency \gn (Hz)    Bin   Nufnu (erg cm^-2 s^-1)  Nufnu (erg cm^-2 s^-1)_error    TStart    TStop
2.1700E11     0.0000E00    9.1137E-13   9.3261E-14    55055.5    55354.5
# ERCSC143 (id = 15)
#   frequency \gn (Hz)    Bin   Nufnu (erg cm^-2 s^-1)  Nufnu (erg cm^-2 s^-1)_error    TStart    TStop
1.4300E11     0.0000E00    6.7109E-13   8.5451E-14    55055.5    55354.5
# ERCSC100 (id = 14)
#   frequency \gn (Hz)    Bin   Nufnu (erg cm^-2 s^-1)  Nufnu (erg cm^-2 s^-1)_error    TStart    TStop
1.0000E11     0.0000E00    4.8941E-13   8.4995E-14    55055.5    55354.5
# ERCSC030 (id = 13)
#   frequency \gn (Hz)    Bin   Nufnu (erg cm^-2 s^-1)  Nufnu (erg cm^-2 s^-1)_error    TStart    TStop
3.0000E10     0.0000E00    3.6109E-13   2.0785E-14    55055.5    55354.5
# USNO A2.0 (id = 12)
#   frequency \gn (Hz)    Bin   Nufnu (erg cm^-2 s^-1)  Nufnu (erg cm^-2 s^-1)_error    TStart    TStop
4.6880E14     0.0000E00    3.0164E-09   2.9102E-10 0.0   0.0
6.8180E14     0.0000E00    2.2033E-09   2.1257E-10 0.0   0.0
# SDSS19 (id = 11)
#   frequency \gn (Hz)    Bin   Nufnu (erg cm^-2 s^-1)  Nufnu (erg cm^-2 s^-1)_error    TStart    TStop
8.4510E14     0.0000E00    1.2024E-11   8.5676E-14    52053.37030056    52053.37092556
6.2890E14     0.0000E00    4.0951E-11   9.8383E-14    52053.37195908    52053.37258408
4.8150E14     0.0000E00    8.5572E-11   4.4505E-13    52053.36864203    52053.36926703
3.9370E14     0.0000E00    8.0582E-11   1.6700E-13    52053.36947129    52053.370096290004
3.2860E14     0.0000E00    8.7007E-11   2.1650E-13    52053.37112982    52053.37175482
# VizieR photometry (id = 10)
#   frequency \gn (Hz)    Bin   Nufnu (erg cm^-2 s^-1)  Nufnu (erg cm^-2 s^-1)_error    TStart    TStop
1.3860E14     0.0000E00    6.1655E-11   9.6985E-13 0.0   0.0
1.8180E14     0.0000E00    8.3060E-11   1.2722E-12 0.0   0.0
2.4200E14     0.0000E00    8.8799E-11   1.6937E-12 0.0   0.0
1.8180E14     0.0000E00    8.2878E-11   0.0000E00 0.0   0.0
2.4200E14     0.0000E00    8.8799E-11   0.0000E00 0.0   0.0
1.3860E14     0.0000E00    6.1655E-11   0.0000E00 0.0   0.0
2.4200E14     0.0000E00    8.8799E-11   0.0000E00 0.0   0.0
3.8250E14     0.0000E00    4.9348E-09   1.9510E-09 0.0   0.0
6.7490E14     0.0000E00    2.5039E-09   9.6511E-10 0.0   0.0
1.3860E14     0.0000E00    6.1655E-11   9.6985E-13 0.0   0.0
1.8180E14     0.0000E00    8.2878E-11   1.4540E-12 0.0   0.0
2.4200E14     0.0000E00    8.8799E-11   1.6937E-12 0.0   0.0
1.3860E14     0.0000E00    6.1655E-11   1.1084E-12 0.0   0.0
1.8180E14     0.0000E00    8.2878E-11   1.4540E-12 0.0   0.0
2.4200E14     0.0000E00    8.8799E-11   1.6937E-12 0.0   0.0
1.3860E14     0.0000E00    6.1655E-11   0.0000E00 0.0   0.0
2.4200E14     0.0000E00    8.8799E-11   0.0000E00 0.0   0.0
1.3860E14     0.0000E00    6.1655E-11   0.0000E00 0.0   0.0
1.8180E14     0.0000E00    8.2878E-11   0.0000E00 0.0   0.0
2.4200E14     0.0000E00    8.8799E-11   0.0000E00 0.0   0.0
4.4550E14     0.0000E00    3.2919E-11   0.0000E00 0.0   0.0
1.8180E14     0.0000E00    8.2878E-11   1.4540E-12 0.0   0.0
2.4200E14     0.0000E00    8.8799E-11   1.6937E-12 0.0   0.0
4.4550E14     0.0000E00    3.2919E-11   1.7818E-13 0.0   0.0
1.8180E14     0.0000E00    8.2878E-11   0.0000E00 0.0   0.0
2.4200E14     0.0000E00    8.8799E-11   0.0000E00 0.0   0.0
4.4550E14     0.0000E00    3.2919E-11   0.0000E00 0.0   0.0
6.7490E14     0.0000E00    6.2293E-11   7.4914E-12 0.0   0.0
3.8810E14     0.0000E00    5.0065E-11   3.8810E-13 0.0   0.0
4.8150E14     0.0000E00    3.4524E-11   1.9260E-13 0.0   0.0
5.9410E14     0.0000E00    4.1587E-11   5.9410E-13 0.0   0.0
3.9340E14     0.0000E00    4.7601E-11   3.9340E-13 0.0   0.0
5.1490E14     0.0000E00    2.6929E-11   1.5447E-13 0.0   0.0
5.9530E14     0.0000E00    3.9409E-11   4.7624E-13 0.0   0.0
1.3860E14     0.0000E00    1.3855E-10   2.7710E-12 0.0   0.0
1.8180E14     0.0000E00    2.1447E-10   5.4525E-12 0.0   0.0
2.4200E14     0.0000E00    2.0615E-10   3.8714E-12 0.0   0.0
1.3570E13     0.0000E00    8.0340E-12   2.3071E-13 0.0   0.0
2.5930E13     0.0000E00    8.4804E-12   1.2967E-13 0.0   0.0
6.5170E13     0.0000E00    2.0399E-11   3.2586E-13 0.0   0.0
8.9490E13     0.0000E00    3.2306E-11   6.2643E-13 0.0   0.0
1.3860E14     0.0000E00    6.1655E-11   9.6985E-13 0.0   0.0
1.8180E14     0.0000E00    8.2878E-11   1.4540E-12 0.0   0.0
2.4200E14     0.0000E00    8.8799E-11   1.6937E-12 0.0   0.0
4.4550E14     0.0000E00    2.6594E-11   3.5637E-13 0.0   0.0
4.4550E14     0.0000E00    6.5928E-11   4.4546E-13 0.0   0.0
4.4550E14     0.0000E00    2.9222E-11   1.3364E-13 0.0   0.0
6.2200E14     0.0000E00    3.2530E-11   9.3297E-13 0.0   0.0
8.5190E14     0.0000E00    1.2268E-11   8.5192E-14 0.0   0.0
1.2970E15     0.0000E00    3.1380E-11   2.5934E-13 0.0   0.0
1.9610E15     0.0000E00    3.2155E-11   7.8428E-13 0.0   0.0
3.3240E14     0.0000E00    4.6209E-12   7.3137E-13 0.0   0.0
3.9270E14     0.0000E00    7.6176E-12   2.7879E-12 0.0   0.0
3.9340E14     0.0000E00    4.7601E-11   3.9340E-13 0.0   0.0
5.1490E14     0.0000E00    2.6929E-11   1.5447E-13 0.0   0.0
5.9530E14     0.0000E00    3.9409E-11   4.7624E-13 0.0   0.0
7.4580E14     0.0000E00    1.3274E-10   0.0000E00 0.0   0.0
3.8020E14     0.0000E00    4.3338E-11   0.0000E00 0.0   0.0
3.9270E14     0.0000E00    5.3402E-11   0.0000E00 0.0   0.0
3.9270E14     0.0000E00    4.2800E-11   0.0000E00 0.0   0.0
4.6340E14     0.0000E00    3.5962E-11   0.0000E00 0.0   0.0
4.7990E14     0.0000E00    3.4025E-11   0.0000E00 0.0   0.0
5.4810E14     0.0000E00    3.2173E-11   0.0000E00 0.0   0.0
6.2200E14     0.0000E00    3.5142E-11   0.0000E00 0.0   0.0
6.8760E14     0.0000E00    3.8506E-11   0.0000E00 0.0   0.0
8.5190E14     0.0000E00    5.0434E-11   0.0000E00 0.0   0.0
8.5650E14     0.0000E00    5.4131E-11   0.0000E00 0.0   0.0
1.3690E14     0.0000E00    5.8178E-11   2.7378E-13 0.0   0.0
1.3690E14     0.0000E00    5.9000E-11   9.5823E-13 0.0   0.0
1.8390E14     0.0000E00    8.1293E-11   7.3568E-13 0.0   0.0
1.8390E14     0.0000E00    8.3132E-11   1.2874E-12 0.0   0.0
2.3980E14     0.0000E00    8.4180E-11   2.3983E-13 0.0   0.0
2.3980E14     0.0000E00    8.9696E-11   1.6788E-12 0.0   0.0
5.4140E14     0.0000E00    1.0233E-10   1.7326E-11 0.0   0.0
1.3570E13     0.0000E00    8.0069E-12   2.0357E-13 0.0   0.0
2.5930E13     0.0000E00    8.4545E-12   1.2967E-13 0.0   0.0
6.5170E13     0.0000E00    1.9617E-11   3.9103E-13 0.0   0.0
8.9490E13     0.0000E00    3.1679E-11   6.2643E-13 0.0   0.0
1.3860E14     0.0000E00    6.1655E-11   9.6985E-13 0.0   0.0
1.8180E14     0.0000E00    8.2878E-11   1.4540E-12 0.0   0.0
2.4200E14     0.0000E00    8.8799E-11   1.6937E-12 0.0   0.0
1.2970E15     0.0000E00    3.4363E-11   1.2967E-13 0.0   0.0
1.9610E15     0.0000E00    3.5685E-11   1.9607E-13 0.0   0.0
1.3570E13     0.0000E00    8.0340E-12   2.3071E-13 0.0   0.0
2.5930E13     0.0000E00    8.4804E-12   1.2967E-13 0.0   0.0
6.5170E13     0.0000E00    2.0399E-11   3.2586E-13 0.0   0.0
8.9490E13     0.0000E00    3.2216E-11   6.2643E-13 0.0   0.0
1.3860E14     0.0000E00    6.1655E-11   9.6985E-13 0.0   0.0
1.8180E14     0.0000E00    8.2878E-11   1.4540E-12 0.0   0.0
2.4200E14     0.0000E00    8.8799E-11   1.6937E-12 0.0   0.0
1.2970E15     0.0000E00    3.1380E-11   2.5934E-13 0.0   0.0
1.9610E15     0.0000E00    3.2155E-11   7.8428E-13 0.0   0.0
3.9270E14     0.0000E00    9.8558E-11   1.1780E-12 0.0   0.0
4.7990E14     0.0000E00    8.5902E-11   3.3593E-12 0.0   0.0
5.4140E14     0.0000E00    7.2010E-11   1.6243E-12 0.0   0.0
6.2200E14     0.0000E00    6.9662E-11   3.1099E-12 0.0   0.0
6.7490E14     0.0000E00    6.6005E-11   4.0494E-12 0.0   0.0
1.1530E15     0.0000E00    2.3752E-11   0.0000E00 0.0   0.0
1.3350E15     0.0000E00    2.3092E-11   0.0000E00 0.0   0.0
1.5550E15     0.0000E00    2.4256E-11   0.0000E00 0.0   0.0
1.1530E15     0.0000E00    2.5597E-11   0.0000E00 0.0   0.0
1.3350E15     0.0000E00    2.5762E-11   0.0000E00 0.0   0.0
1.5550E15     0.0000E00    2.7211E-11   0.0000E00 0.0   0.0
1.1530E15     0.0000E00    2.5366E-11   0.0000E00 0.0   0.0
1.3350E15     0.0000E00    2.5361E-11   0.0000E00 0.0   0.0
1.5550E15     0.0000E00    2.6589E-11   0.0000E00 0.0   0.0
1.1530E15     0.0000E00    3.1477E-11   0.0000E00 0.0   0.0
1.3350E15     0.0000E00    3.2836E-11   0.0000E00 0.0   0.0
1.5550E15     0.0000E00    3.3897E-11   0.0000E00 0.0   0.0
5.4830E14     0.0000E00    6.0310E-11   0.0000E00 0.0   0.0
6.8260E14     0.0000E00    4.5256E-11   0.0000E00 0.0   0.0
8.6520E14     0.0000E00    2.7859E-11   0.0000E00 0.0   0.0
1.1530E15     0.0000E00    2.4790E-11   0.0000E00 0.0   0.0
1.3350E15     0.0000E00    2.5762E-11   0.0000E00 0.0   0.0
1.5550E15     0.0000E00    2.7055E-11   0.0000E00 0.0   0.0
1.1530E15     0.0000E00    2.3521E-11   0.0000E00 0.0   0.0
1.3350E15     0.0000E00    2.3492E-11   0.0000E00 0.0   0.0
1.5550E15     0.0000E00    2.5034E-11   0.0000E00 0.0   0.0
1.3350E15     0.0000E00    2.1223E-11   0.0000E00 0.0   0.0
1.5550E15     0.0000E00    2.1302E-11   0.0000E00 0.0   0.0
1.1530E15     0.0000E00    2.6519E-11   0.0000E00 0.0   0.0
1.3350E15     0.0000E00    2.6963E-11   0.0000E00 0.0   0.0
1.5550E15     0.0000E00    2.8455E-11   0.0000E00 0.0   0.0
1.1530E15     0.0000E00    2.5827E-11   0.0000E00 0.0   0.0
1.3350E15     0.0000E00    2.5762E-11   0.0000E00 0.0   0.0
1.5550E15     0.0000E00    2.6744E-11   0.0000E00 0.0   0.0
1.3350E15     0.0000E00    2.7096E-11   0.0000E00 0.0   0.0
1.5550E15     0.0000E00    2.8610E-11   0.0000E00 0.0   0.0
1.3350E15     0.0000E00    2.6696E-11   0.0000E00 0.0   0.0
1.5550E15     0.0000E00    2.7988E-11   0.0000E00 0.0   0.0
5.4830E14     0.0000E00    6.9082E-11   0.0000E00 0.0   0.0
6.8260E14     0.0000E00    4.9693E-11   0.0000E00 0.0   0.0
8.6520E14     0.0000E00    3.2012E-11   0.0000E00 0.0   0.0
1.1530E15     0.0000E00    2.7095E-11   0.0000E00 0.0   0.0
1.3350E15     0.0000E00    2.7630E-11   0.0000E00 0.0   0.0
1.5550E15     0.0000E00    2.9388E-11   0.0000E00 0.0   0.0
1.1530E15     0.0000E00    2.4444E-11   0.0000E00 0.0   0.0
1.3350E15     0.0000E00    2.4026E-11   0.0000E00 0.0   0.0
1.5550E15     0.0000E00    2.5034E-11   0.0000E00 0.0   0.0
1.1530E15     0.0000E00    2.2483E-11   0.0000E00 0.0   0.0
1.3350E15     0.0000E00    2.2291E-11   0.0000E00 0.0   0.0
1.5550E15     0.0000E00    2.3324E-11   0.0000E00 0.0   0.0
1.1530E15     0.0000E00    2.6058E-11   0.0000E00 0.0   0.0
1.3350E15     0.0000E00    2.5094E-11   0.0000E00 0.0   0.0
1.5550E15     0.0000E00    2.6278E-11   0.0000E00 0.0   0.0
1.1530E15     0.0000E00    3.1246E-11   0.0000E00 0.0   0.0
1.3350E15     0.0000E00    3.1902E-11   0.0000E00 0.0   0.0
1.5550E15     0.0000E00    3.3741E-11   0.0000E00 0.0   0.0
1.3350E15     0.0000E00    2.2692E-11   0.0000E00 0.0   0.0
1.5550E15     0.0000E00    2.5034E-11   0.0000E00 0.0   0.0
1.1530E15     0.0000E00    2.3867E-11   0.0000E00 0.0   0.0
1.3350E15     0.0000E00    2.4026E-11   0.0000E00 0.0   0.0
1.5550E15     0.0000E00    2.4878E-11   0.0000E00 0.0   0.0
5.4830E14     0.0000E00    5.9761E-11   0.0000E00 0.0   0.0
6.8260E14     0.0000E00    4.6211E-11   0.0000E00 0.0   0.0
8.6520E14     0.0000E00    2.9849E-11   0.0000E00 0.0   0.0
1.1530E15     0.0000E00    2.5942E-11   0.0000E00 0.0   0.0
1.3350E15     0.0000E00    2.6429E-11   0.0000E00 0.0   0.0
1.5550E15     0.0000E00    2.7677E-11   0.0000E00 0.0   0.0
5.4830E14     0.0000E00    5.5375E-11   0.0000E00 0.0   0.0
6.8260E14     0.0000E00    4.1501E-11   0.0000E00 0.0   0.0
8.6520E14     0.0000E00    2.6648E-11   0.0000E00 0.0   0.0
1.1530E15     0.0000E00    2.0408E-11   0.0000E00 0.0   0.0
1.3350E15     0.0000E00    2.0556E-11   0.0000E00 0.0   0.0
1.5550E15     0.0000E00    1.9125E-11   0.0000E00 0.0   0.0
5.4830E14     0.0000E00    6.1955E-11   0.0000E00 0.0   0.0
6.8260E14     0.0000E00    4.3413E-11   0.0000E00 0.0   0.0
8.6520E14     0.0000E00    2.7946E-11   0.0000E00 0.0   0.0
1.1530E15     0.0000E00    2.5251E-11   0.0000E00 0.0   0.0
1.3350E15     0.0000E00    2.5628E-11   0.0000E00 0.0   0.0
1.5550E15     0.0000E00    2.6900E-11   0.0000E00 0.0   0.0
1.1530E15     0.0000E00    2.4674E-11   0.0000E00 0.0   0.0
1.3350E15     0.0000E00    2.4961E-11   0.0000E00 0.0   0.0
1.5550E15     0.0000E00    2.6589E-11   0.0000E00 0.0   0.0
1.1530E15     0.0000E00    2.3982E-11   0.0000E00 0.0   0.0
1.3350E15     0.0000E00    2.4427E-11   0.0000E00 0.0   0.0
1.5550E15     0.0000E00    2.5811E-11   0.0000E00 0.0   0.0
1.3350E15     0.0000E00    2.4160E-11   0.0000E00 0.0   0.0
1.5550E15     0.0000E00    2.6589E-11   0.0000E00 0.0   0.0
1.1530E15     0.0000E00    2.4328E-11   0.0000E00 0.0   0.0
1.3350E15     0.0000E00    2.4026E-11   0.0000E00 0.0   0.0
1.5550E15     0.0000E00    2.4412E-11   0.0000E00 0.0   0.0
1.1530E15     0.0000E00    2.6865E-11   0.0000E00 0.0   0.0
1.3350E15     0.0000E00    2.8031E-11   0.0000E00 0.0   0.0
1.5550E15     0.0000E00    2.8766E-11   0.0000E00 0.0   0.0
1.3350E15     0.0000E00    2.6162E-11   0.0000E00 0.0   0.0
1.5550E15     0.0000E00    2.7211E-11   0.0000E00 0.0   0.0
5.4830E14     0.0000E00    6.6341E-11   0.0000E00 0.0   0.0
6.8260E14     0.0000E00    4.7850E-11   0.0000E00 0.0   0.0
8.6520E14     0.0000E00    2.9763E-11   0.0000E00 0.0   0.0
1.1530E15     0.0000E00    2.4444E-11   0.0000E00 0.0   0.0
1.3350E15     0.0000E00    2.4560E-11   0.0000E00 0.0   0.0
1.5550E15     0.0000E00    2.5189E-11   0.0000E00 0.0   0.0
5.4830E14     0.0000E00    5.8665E-11   0.0000E00 0.0   0.0
6.8260E14     0.0000E00    4.2389E-11   0.0000E00 0.0   0.0
8.6520E14     0.0000E00    2.8292E-11   0.0000E00 0.0   0.0
1.1530E15     0.0000E00    2.4674E-11   0.0000E00 0.0   0.0
1.3350E15     0.0000E00    2.5628E-11   0.0000E00 0.0   0.0
1.5550E15     0.0000E00    2.6900E-11   0.0000E00 0.0   0.0
5.4830E14     0.0000E00    6.6889E-11   0.0000E00 0.0   0.0
6.8260E14     0.0000E00    4.6416E-11   0.0000E00 0.0   0.0
8.6520E14     0.0000E00    3.0801E-11   0.0000E00 0.0   0.0
1.1530E15     0.0000E00    2.6173E-11   0.0000E00 0.0   0.0
1.3350E15     0.0000E00    2.4694E-11   0.0000E00 0.0   0.0
1.5550E15     0.0000E00    2.7055E-11   0.0000E00 0.0   0.0
1.1530E15     0.0000E00    2.5135E-11   0.0000E00 0.0   0.0
1.3350E15     0.0000E00    2.6296E-11   0.0000E00 0.0   0.0
1.5550E15     0.0000E00    2.6589E-11   0.0000E00 0.0   0.0
1.1530E15     0.0000E00    2.5251E-11   0.0000E00 0.0   0.0
1.3350E15     0.0000E00    2.5495E-11   0.0000E00 0.0   0.0
1.5550E15     0.0000E00    2.5811E-11   0.0000E00 0.0   0.0
1.3350E15     0.0000E00    3.2302E-11   0.0000E00 0.0   0.0
1.5550E15     0.0000E00    3.3897E-11   0.0000E00 0.0   0.0
1.1530E15     0.0000E00    2.5251E-11   0.0000E00 0.0   0.0
1.3350E15     0.0000E00    2.5495E-11   0.0000E00 0.0   0.0
1.5550E15     0.0000E00    2.7522E-11   0.0000E00 0.0   0.0
5.4830E14     0.0000E00    7.0179E-11   0.0000E00 0.0   0.0
6.8260E14     0.0000E00    5.2082E-11   0.0000E00 0.0   0.0
8.6520E14     0.0000E00    3.3916E-11   0.0000E00 0.0   0.0
1.1530E15     0.0000E00    3.0209E-11   0.0000E00 0.0   0.0
1.3350E15     0.0000E00    3.0967E-11   0.0000E00 0.0   0.0
1.5550E15     0.0000E00    3.2186E-11   0.0000E00 0.0   0.0
5.4830E14     0.0000E00    6.5244E-11   0.0000E00 0.0   0.0
6.8260E14     0.0000E00    4.3959E-11   0.0000E00 0.0   0.0
8.6520E14     0.0000E00    2.8638E-11   0.0000E00 0.0   0.0
1.1530E15     0.0000E00    2.5827E-11   0.0000E00 0.0   0.0
1.3350E15     0.0000E00    2.5762E-11   0.0000E00 0.0   0.0
1.5550E15     0.0000E00    2.7055E-11   0.0000E00 0.0   0.0
1.1530E15     0.0000E00    2.4790E-11   0.0000E00 0.0   0.0
1.3350E15     0.0000E00    2.4427E-11   0.0000E00 0.0   0.0
1.5550E15     0.0000E00    2.5811E-11   0.0000E00 0.0   0.0
1.3350E15     0.0000E00    2.6829E-11   0.0000E00 0.0   0.0
1.5550E15     0.0000E00    2.8299E-11   0.0000E00 0.0   0.0
5.4830E14     0.0000E00    6.2503E-11   0.0000E00 0.0   0.0
6.8260E14     0.0000E00    4.6348E-11   0.0000E00 0.0   0.0
8.6520E14     0.0000E00    3.3483E-11   0.0000E00 0.0   0.0
1.1530E15     0.0000E00    2.9632E-11   0.0000E00 0.0   0.0
1.3350E15     0.0000E00    2.8431E-11   0.0000E00 0.0   0.0
1.5550E15     0.0000E00    3.1253E-11   0.0000E00 0.0   0.0
1.1530E15     0.0000E00    2.3752E-11   0.0000E00 0.0   0.0
1.3350E15     0.0000E00    2.3226E-11   0.0000E00 0.0   0.0
1.5550E15     0.0000E00    2.4567E-11   0.0000E00 0.0   0.0
1.1530E15     0.0000E00    2.3637E-11   0.0000E00 0.0   0.0
1.3350E15     0.0000E00    2.3226E-11   0.0000E00 0.0   0.0
1.5550E15     0.0000E00    2.4723E-11   0.0000E00 0.0   0.0
5.4830E14     0.0000E00    6.0858E-11   0.0000E00 0.0   0.0
6.8260E14     0.0000E00    4.4778E-11   0.0000E00 0.0   0.0
8.6520E14     0.0000E00    2.8552E-11   0.0000E00 0.0   0.0
1.1530E15     0.0000E00    2.4444E-11   0.0000E00 0.0   0.0
1.3350E15     0.0000E00    2.5628E-11   0.0000E00 0.0   0.0
1.5550E15     0.0000E00    2.6744E-11   0.0000E00 0.0   0.0
1.1530E15     0.0000E00    2.7095E-11   0.0000E00 0.0   0.0
1.3350E15     0.0000E00    2.7096E-11   0.0000E00 0.0   0.0
1.5550E15     0.0000E00    2.7366E-11   0.0000E00 0.0   0.0
5.4830E14     0.0000E00    7.2920E-11   0.0000E00 0.0   0.0
6.8260E14     0.0000E00    5.3174E-11   0.0000E00 0.0   0.0
8.6520E14     0.0000E00    3.3829E-11   0.0000E00 0.0   0.0
1.1530E15     0.0000E00    2.9056E-11   0.0000E00 0.0   0.0
1.3350E15     0.0000E00    3.0033E-11   0.0000E00 0.0   0.0
1.5550E15     0.0000E00    3.1875E-11   0.0000E00 0.0   0.0
1.1530E15     0.0000E00    3.2284E-11   0.0000E00 0.0   0.0
1.3350E15     0.0000E00    3.2703E-11   0.0000E00 0.0   0.0
1.5550E15     0.0000E00    3.4985E-11   0.0000E00 0.0   0.0
5.4830E14     0.0000E00    5.6472E-11   0.0000E00 0.0   0.0
6.8260E14     0.0000E00    4.3822E-11   0.0000E00 0.0   0.0
8.6520E14     0.0000E00    2.8119E-11   0.0000E00 0.0   0.0
1.1530E15     0.0000E00    2.4559E-11   0.0000E00 0.0   0.0
1.3350E15     0.0000E00    2.4026E-11   0.0000E00 0.0   0.0
1.5550E15     0.0000E00    2.5967E-11   0.0000E00 0.0   0.0
5.4830E14     0.0000E00    6.4696E-11   0.0000E00 0.0   0.0
6.8260E14     0.0000E00    4.0068E-11   0.0000E00 0.0   0.0
8.6520E14     0.0000E00    2.8292E-11   0.0000E00 0.0   0.0
1.1530E15     0.0000E00    2.3521E-11   0.0000E00 0.0   0.0
1.3350E15     0.0000E00    2.4694E-11   0.0000E00 0.0   0.0
1.5550E15     0.0000E00    2.5811E-11   0.0000E00 0.0   0.0
1.1530E15     0.0000E00    2.5827E-11   0.0000E00 0.0   0.0
1.3350E15     0.0000E00    2.5495E-11   0.0000E00 0.0   0.0
1.5550E15     0.0000E00    2.7833E-11   0.0000E00 0.0   0.0
1.1530E15     0.0000E00    2.5020E-11   0.0000E00 0.0   0.0
1.3350E15     0.0000E00    2.4160E-11   0.0000E00 0.0   0.0
1.5550E15     0.0000E00    2.5656E-11   0.0000E00 0.0   0.0
1.1530E15     0.0000E00    2.6750E-11   0.0000E00 0.0   0.0
1.3350E15     0.0000E00    2.6162E-11   0.0000E00 0.0   0.0
1.5550E15     0.0000E00    2.7833E-11   0.0000E00 0.0   0.0
1.1530E15     0.0000E00    2.6288E-11   0.0000E00 0.0   0.0
1.3350E15     0.0000E00    2.4560E-11   0.0000E00 0.0   0.0
1.5550E15     0.0000E00    2.5500E-11   0.0000E00 0.0   0.0
1.3350E15     0.0000E00    2.6429E-11   0.0000E00 0.0   0.0
1.5550E15     0.0000E00    2.6744E-11   0.0000E00 0.0   0.0
1.1530E15     0.0000E00    2.5942E-11   0.0000E00 0.0   0.0
1.3350E15     0.0000E00    2.5495E-11   0.0000E00 0.0   0.0
1.5550E15     0.0000E00    2.6278E-11   0.0000E00 0.0   0.0
1.1530E15     0.0000E00    2.9747E-11   0.0000E00 0.0   0.0
1.3350E15     0.0000E00    2.9633E-11   0.0000E00 0.0   0.0
1.5550E15     0.0000E00    3.2031E-11   0.0000E00 0.0   0.0
1.1530E15     0.0000E00    2.7557E-11   0.0000E00 0.0   0.0
1.3350E15     0.0000E00    2.7897E-11   0.0000E00 0.0   0.0
1.5550E15     0.0000E00    2.9543E-11   0.0000E00 0.0   0.0
1.1530E15     0.0000E00    2.7557E-11   0.0000E00 0.0   0.0
1.3350E15     0.0000E00    2.7230E-11   0.0000E00 0.0   0.0
1.5550E15     0.0000E00    2.9388E-11   0.0000E00 0.0   0.0
5.4830E14     0.0000E00    5.7020E-11   0.0000E00 0.0   0.0
6.8260E14     0.0000E00    4.1843E-11   0.0000E00 0.0   0.0
8.6520E14     0.0000E00    2.8898E-11   0.0000E00 0.0   0.0
1.1530E15     0.0000E00    2.5597E-11   0.0000E00 0.0   0.0
1.3350E15     0.0000E00    2.4827E-11   0.0000E00 0.0   0.0
1.5550E15     0.0000E00    2.7055E-11   0.0000E00 0.0   0.0
5.4830E14     0.0000E00    5.8665E-11   0.0000E00 0.0   0.0
6.8260E14     0.0000E00    4.4300E-11   0.0000E00 0.0   0.0
8.6520E14     0.0000E00    2.8119E-11   0.0000E00 0.0   0.0
1.1530E15     0.0000E00    2.5251E-11   0.0000E00 0.0   0.0
1.3350E15     0.0000E00    2.6162E-11   0.0000E00 0.0   0.0
1.5550E15     0.0000E00    2.6900E-11   0.0000E00 0.0   0.0
1.1530E15     0.0000E00    2.4444E-11   0.0000E00 0.0   0.0
1.3350E15     0.0000E00    2.4827E-11   0.0000E00 0.0   0.0
1.5550E15     0.0000E00    2.5967E-11   0.0000E00 0.0   0.0
1.1530E15     0.0000E00    2.7441E-11   0.0000E00 0.0   0.0
1.3350E15     0.0000E00    2.6296E-11   0.0000E00 0.0   0.0
1.5550E15     0.0000E00    2.8921E-11   0.0000E00 0.0   0.0
1.1530E15     0.0000E00    2.4674E-11   0.0000E00 0.0   0.0
1.3350E15     0.0000E00    2.6162E-11   0.0000E00 0.0   0.0
1.5550E15     0.0000E00    2.7366E-11   0.0000E00 0.0   0.0
1.1530E15     0.0000E00    2.8479E-11   0.0000E00 0.0   0.0
1.3350E15     0.0000E00    2.8832E-11   0.0000E00 0.0   0.0
1.5550E15     0.0000E00    3.0787E-11   0.0000E00 0.0   0.0
1.1530E15     0.0000E00    2.9286E-11   0.0000E00 0.0   0.0
1.3350E15     0.0000E00    2.9366E-11   0.0000E00 0.0   0.0
1.5550E15     0.0000E00    3.1253E-11   0.0000E00 0.0   0.0
1.1530E15     0.0000E00    2.4444E-11   0.0000E00 0.0   0.0
1.3350E15     0.0000E00    2.3893E-11   0.0000E00 0.0   0.0
1.5550E15     0.0000E00    2.4878E-11   0.0000E00 0.0   0.0
5.4830E14     0.0000E00    6.1955E-11   0.0000E00 0.0   0.0
6.8260E14     0.0000E00    4.6075E-11   0.0000E00 0.0   0.0
8.6520E14     0.0000E00    2.7686E-11   0.0000E00 0.0   0.0
1.1530E15     0.0000E00    2.5020E-11   0.0000E00 0.0   0.0
1.3350E15     0.0000E00    2.4694E-11   0.0000E00 0.0   0.0
1.5550E15     0.0000E00    2.6433E-11   0.0000E00 0.0   0.0
1.1530E15     0.0000E00    3.2630E-11   0.0000E00 0.0   0.0
1.3350E15     0.0000E00    3.2169E-11   0.0000E00 0.0   0.0
1.5550E15     0.0000E00    3.5141E-11   0.0000E00 0.0   0.0
1.3350E15     0.0000E00    2.6429E-11   0.0000E00 0.0   0.0
1.5550E15     0.0000E00    2.7055E-11   0.0000E00 0.0   0.0
1.1530E15     0.0000E00    3.4705E-11   0.0000E00 0.0   0.0
1.3350E15     0.0000E00    3.5773E-11   0.0000E00 0.0   0.0
1.5550E15     0.0000E00    3.8562E-11   0.0000E00 0.0   0.0
1.1530E15     0.0000E00    3.4359E-11   0.0000E00 0.0   0.0
1.3350E15     0.0000E00    3.3237E-11   0.0000E00 0.0   0.0
1.5550E15     0.0000E00    3.4363E-11   0.0000E00 0.0   0.0
5.4830E14     0.0000E00    6.1406E-11   0.0000E00 0.0   0.0
6.8260E14     0.0000E00    4.5597E-11   0.0000E00 0.0   0.0
8.6520E14     0.0000E00    2.7859E-11   0.0000E00 0.0   0.0
1.1530E15     0.0000E00    2.5597E-11   0.0000E00 0.0   0.0
1.3350E15     0.0000E00    2.5495E-11   0.0000E00 0.0   0.0
1.5550E15     0.0000E00    2.6900E-11   0.0000E00 0.0   0.0
1.3350E15     0.0000E00    2.6162E-11   0.0000E00 0.0   0.0
1.5550E15     0.0000E00    2.6433E-11   0.0000E00 0.0   0.0
5.4830E14     0.0000E00    6.8534E-11   0.0000E00 0.0   0.0
6.8260E14     0.0000E00    4.9010E-11   0.0000E00 0.0   0.0
8.6520E14     0.0000E00    3.0801E-11   0.0000E00 0.0   0.0
1.1530E15     0.0000E00    2.7441E-11   0.0000E00 0.0   0.0
1.3350E15     0.0000E00    2.7630E-11   0.0000E00 0.0   0.0
1.5550E15     0.0000E00    2.8921E-11   0.0000E00 0.0   0.0
5.4830E14     0.0000E00    6.6889E-11   0.0000E00 0.0   0.0
6.8260E14     0.0000E00    4.7508E-11   0.0000E00 0.0   0.0
8.6520E14     0.0000E00    2.9330E-11   0.0000E00 0.0   0.0
1.1530E15     0.0000E00    2.4559E-11   0.0000E00 0.0   0.0
1.3350E15     0.0000E00    2.4694E-11   0.0000E00 0.0   0.0
1.5550E15     0.0000E00    2.5811E-11   0.0000E00 0.0   0.0
5.4830E14     0.0000E00    7.0179E-11   0.0000E00 0.0   0.0
6.8260E14     0.0000E00    4.9488E-11   0.0000E00 0.0   0.0
8.6520E14     0.0000E00    3.0888E-11   0.0000E00 0.0   0.0
1.1530E15     0.0000E00    2.6750E-11   0.0000E00 0.0   0.0
1.3350E15     0.0000E00    2.7096E-11   0.0000E00 0.0   0.0
1.5550E15     0.0000E00    2.9232E-11   0.0000E00 0.0   0.0
1.1530E15     0.0000E00    2.4213E-11   0.0000E00 0.0   0.0
1.3350E15     0.0000E00    2.4026E-11   0.0000E00 0.0   0.0
1.5550E15     0.0000E00    2.5345E-11   0.0000E00 0.0   0.0
1.1530E15     0.0000E00    2.8133E-11   0.0000E00 0.0   0.0
1.3350E15     0.0000E00    2.8164E-11   0.0000E00 0.0   0.0
1.5550E15     0.0000E00    2.9854E-11   0.0000E00 0.0   0.0
1.1530E15     0.0000E00    2.4213E-11   0.0000E00 0.0   0.0
1.3350E15     0.0000E00    2.3492E-11   0.0000E00 0.0   0.0
1.5550E15     0.0000E00    2.4878E-11   0.0000E00 0.0   0.0
5.4830E14     0.0000E00    6.6341E-11   0.0000E00 0.0   0.0
6.8260E14     0.0000E00    4.7645E-11   0.0000E00 0.0   0.0
8.6520E14     0.0000E00    2.9849E-11   0.0000E00 0.0   0.0
1.1530E15     0.0000E00    2.6173E-11   0.0000E00 0.0   0.0
1.3350E15     0.0000E00    2.6162E-11   0.0000E00 0.0   0.0
1.5550E15     0.0000E00    2.6744E-11   0.0000E00 0.0   0.0
1.1530E15     0.0000E00    3.6665E-11   0.0000E00 0.0   0.0
1.3350E15     0.0000E00    3.6974E-11   0.0000E00 0.0   0.0
1.5550E15     0.0000E00    3.9183E-11   0.0000E00 0.0   0.0
5.4830E14     0.0000E00    6.3599E-11   0.0000E00 0.0   0.0
6.8260E14     0.0000E00    4.4437E-11   0.0000E00 0.0   0.0
8.6520E14     0.0000E00    2.8984E-11   0.0000E00 0.0   0.0
1.1530E15     0.0000E00    2.5712E-11   0.0000E00 0.0   0.0
1.3350E15     0.0000E00    2.5762E-11   0.0000E00 0.0   0.0
1.5550E15     0.0000E00    2.7211E-11   0.0000E00 0.0   0.0
1.1530E15     0.0000E00    3.9663E-11   0.0000E00 0.0   0.0
1.3350E15     0.0000E00    4.0177E-11   0.0000E00 0.0   0.0
1.5550E15     0.0000E00    4.2915E-11   0.0000E00 0.0   0.0
1.1530E15     0.0000E00    3.4359E-11   0.0000E00 0.0   0.0
1.3350E15     0.0000E00    3.4705E-11   0.0000E00 0.0   0.0
1.5550E15     0.0000E00    3.6696E-11   0.0000E00 0.0   0.0
1.1530E15     0.0000E00    2.3637E-11   0.0000E00 0.0   0.0
1.3350E15     0.0000E00    2.3092E-11   0.0000E00 0.0   0.0
1.5550E15     0.0000E00    2.4412E-11   0.0000E00 0.0   0.0
5.4830E14     0.0000E00    6.5244E-11   0.0000E00 0.0   0.0
6.8260E14     0.0000E00    4.8669E-11   0.0000E00 0.0   0.0
8.6520E14     0.0000E00    3.0628E-11   0.0000E00 0.0   0.0
1.1530E15     0.0000E00    2.6980E-11   0.0000E00 0.0   0.0
1.3350E15     0.0000E00    2.6963E-11   0.0000E00 0.0   0.0
1.5550E15     0.0000E00    2.9077E-11   0.0000E00 0.0   0.0
5.4830E14     0.0000E00    6.4148E-11   0.0000E00 0.0   0.0
6.8260E14     0.0000E00    4.3822E-11   0.0000E00 0.0   0.0
8.6520E14     0.0000E00    2.9417E-11   0.0000E00 0.0   0.0
1.1530E15     0.0000E00    2.4328E-11   0.0000E00 0.0   0.0
1.3350E15     0.0000E00    2.6162E-11   0.0000E00 0.0   0.0
1.5550E15     0.0000E00    2.6900E-11   0.0000E00 0.0   0.0
5.4830E14     0.0000E00    6.6889E-11   0.0000E00 0.0   0.0
6.8260E14     0.0000E00    4.9420E-11   0.0000E00 0.0   0.0
8.6520E14     0.0000E00    3.1753E-11   0.0000E00 0.0   0.0
1.1530E15     0.0000E00    2.8018E-11   0.0000E00 0.0   0.0
1.3350E15     0.0000E00    2.8431E-11   0.0000E00 0.0   0.0
1.5550E15     0.0000E00    2.9699E-11   0.0000E00 0.0   0.0
1.3350E15     0.0000E00    2.5361E-11   0.0000E00 0.0   0.0
1.5550E15     0.0000E00    2.6278E-11   0.0000E00 0.0   0.0
1.1530E15     0.0000E00    2.8940E-11   0.0000E00 0.0   0.0
1.3350E15     0.0000E00    3.0834E-11   0.0000E00 0.0   0.0
1.5550E15     0.0000E00    3.2653E-11   0.0000E00 0.0   0.0
1.1530E15     0.0000E00    2.3752E-11   0.0000E00 0.0   0.0
1.3350E15     0.0000E00    2.3226E-11   0.0000E00 0.0   0.0
1.5550E15     0.0000E00    2.4878E-11   0.0000E00 0.0   0.0
5.4830E14     0.0000E00    6.2503E-11   0.0000E00 0.0   0.0
6.8260E14     0.0000E00    4.4573E-11   0.0000E00 0.0   0.0
8.6520E14     0.0000E00    2.9503E-11   0.0000E00 0.0   0.0
1.1530E15     0.0000E00    2.5251E-11   0.0000E00 0.0   0.0
1.3350E15     0.0000E00    2.5628E-11   0.0000E00 0.0   0.0
1.5550E15     0.0000E00    2.6278E-11   0.0000E00 0.0   0.0
1.1530E15     0.0000E00    2.7326E-11   0.0000E00 0.0   0.0
1.3350E15     0.0000E00    2.8298E-11   0.0000E00 0.0   0.0
1.5550E15     0.0000E00    2.8766E-11   0.0000E00 0.0   0.0
1.1530E15     0.0000E00    2.5712E-11   0.0000E00 0.0   0.0
1.3350E15     0.0000E00    2.6029E-11   0.0000E00 0.0   0.0
1.5550E15     0.0000E00    2.7211E-11   0.0000E00 0.0   0.0
1.1530E15     0.0000E00    2.7787E-11   0.0000E00 0.0   0.0
1.3350E15     0.0000E00    2.7630E-11   0.0000E00 0.0   0.0
1.5550E15     0.0000E00    2.8766E-11   0.0000E00 0.0   0.0
5.4830E14     0.0000E00    6.1406E-11   0.0000E00 0.0   0.0
6.8260E14     0.0000E00    4.1297E-11   0.0000E00 0.0   0.0
8.6520E14     0.0000E00    2.8638E-11   0.0000E00 0.0   0.0
1.1530E15     0.0000E00    2.5020E-11   0.0000E00 0.0   0.0
1.3350E15     0.0000E00    2.5895E-11   0.0000E00 0.0   0.0
1.5550E15     0.0000E00    2.5656E-11   0.0000E00 0.0   0.0
1.3350E15     0.0000E00    2.4427E-11   0.0000E00 0.0   0.0
1.5550E15     0.0000E00    2.6122E-11   0.0000E00 0.0   0.0
8.6520E14     0.0000E00    3.5560E-11   0.0000E00 0.0   0.0
1.1530E15     0.0000E00    2.9632E-11   0.0000E00 0.0   0.0
1.3350E15     0.0000E00    3.4037E-11   0.0000E00 0.0   0.0
1.5550E15     0.0000E00    3.7784E-11   0.0000E00 0.0   0.0
1.1530E15     0.0000E00    2.5597E-11   0.0000E00 0.0   0.0
1.3350E15     0.0000E00    2.4827E-11   0.0000E00 0.0   0.0
1.5550E15     0.0000E00    2.5345E-11   0.0000E00 0.0   0.0
5.4830E14     0.0000E00    5.9761E-11   0.0000E00 0.0   0.0
6.8260E14     0.0000E00    4.7303E-11   0.0000E00 0.0   0.0
8.6520E14     0.0000E00    2.8206E-11   0.0000E00 0.0   0.0
1.1530E15     0.0000E00    2.3867E-11   0.0000E00 0.0   0.0
1.3350E15     0.0000E00    2.5228E-11   0.0000E00 0.0   0.0
1.5550E15     0.0000E00    2.5500E-11   0.0000E00 0.0   0.0
1.1530E15     0.0000E00    2.5366E-11   0.0000E00 0.0   0.0
1.3350E15     0.0000E00    2.5094E-11   0.0000E00 0.0   0.0
1.5550E15     0.0000E00    2.7211E-11   0.0000E00 0.0   0.0
1.1530E15     0.0000E00    2.7095E-11   0.0000E00 0.0   0.0
1.1530E15     0.0000E00    3.0554E-11   0.0000E00 0.0   0.0
1.3350E15     0.0000E00    2.9900E-11   0.0000E00 0.0   0.0
1.5550E15     0.0000E00    3.2186E-11   0.0000E00 0.0   0.0
1.1530E15     0.0000E00    3.4821E-11   0.0000E00 0.0   0.0
1.3350E15     0.0000E00    3.6574E-11   0.0000E00 0.0   0.0
1.5550E15     0.0000E00    3.9494E-11   0.0000E00 0.0   0.0
1.3350E15     0.0000E00    2.6429E-11   0.0000E00 0.0   0.0
1.5550E15     0.0000E00    2.7677E-11   0.0000E00 0.0   0.0
1.1530E15     0.0000E00    3.1938E-11   0.0000E00 0.0   0.0
1.3350E15     0.0000E00    3.3770E-11   0.0000E00 0.0   0.0
1.5550E15     0.0000E00    3.4363E-11   0.0000E00 0.0   0.0
1.5550E15     0.0000E00    2.3479E-11   0.0000E00 0.0   0.0
5.4830E14     0.0000E00    6.1406E-11   0.0000E00 0.0   0.0
6.8260E14     0.0000E00    4.3686E-11   0.0000E00 0.0   0.0
8.6520E14     0.0000E00    2.6043E-11   0.0000E00 0.0   0.0
1.1530E15     0.0000E00    2.4328E-11   0.0000E00 0.0   0.0
1.3350E15     0.0000E00    2.5094E-11   0.0000E00 0.0   0.0
1.5550E15     0.0000E00    2.5345E-11   0.0000E00 0.0   0.0
5.4830E14     0.0000E00    6.4148E-11   0.0000E00 0.0   0.0
6.8260E14     0.0000E00    4.7781E-11   0.0000E00 0.0   0.0
8.6520E14     0.0000E00    2.9157E-11   0.0000E00 0.0   0.0
1.1530E15     0.0000E00    2.5712E-11   0.0000E00 0.0   0.0
1.3350E15     0.0000E00    2.6029E-11   0.0000E00 0.0   0.0
1.5550E15     0.0000E00    2.6900E-11   0.0000E00 0.0   0.0
1.1530E15     0.0000E00    3.4936E-11   0.0000E00 0.0   0.0
1.3350E15     0.0000E00    3.2970E-11   0.0000E00 0.0   0.0
1.5550E15     0.0000E00    3.3275E-11   0.0000E00 0.0   0.0
5.4830E14     0.0000E00    7.0727E-11   0.0000E00 0.0   0.0
6.8260E14     0.0000E00    4.9146E-11   0.0000E00 0.0   0.0
8.6520E14     0.0000E00    3.1753E-11   0.0000E00 0.0   0.0
1.1530E15     0.0000E00    2.7211E-11   0.0000E00 0.0   0.0
1.3350E15     0.0000E00    2.6696E-11   0.0000E00 0.0   0.0
1.5550E15     0.0000E00    2.9543E-11   0.0000E00 0.0   0.0
1.1530E15     0.0000E00    2.5942E-11   0.0000E00 0.0   0.0
1.3350E15     0.0000E00    2.6029E-11   0.0000E00 0.0   0.0
1.5550E15     0.0000E00    2.8144E-11   0.0000E00 0.0   0.0
5.4830E14     0.0000E00    6.1406E-11   0.0000E00 0.0   0.0
6.8260E14     0.0000E00    4.4778E-11   0.0000E00 0.0   0.0
8.6520E14     0.0000E00    2.8119E-11   0.0000E00 0.0   0.0
1.1530E15     0.0000E00    2.4213E-11   0.0000E00 0.0   0.0
1.3350E15     0.0000E00    2.4026E-11   0.0000E00 0.0   0.0
1.5550E15     0.0000E00    2.5189E-11   0.0000E00 0.0   0.0
1.1530E15     0.0000E00    2.5481E-11   0.0000E00 0.0   0.0
1.3350E15     0.0000E00    2.6162E-11   0.0000E00 0.0   0.0
1.5550E15     0.0000E00    2.7211E-11   0.0000E00 0.0   0.0
1.1530E15     0.0000E00    3.2053E-11   0.0000E00 0.0   0.0
1.3350E15     0.0000E00    3.4304E-11   0.0000E00 0.0   0.0
1.5550E15     0.0000E00    3.5763E-11   0.0000E00 0.0   0.0
5.4830E14     0.0000E00    6.6889E-11   0.0000E00 0.0   0.0
6.8260E14     0.0000E00    4.9420E-11   0.0000E00 0.0   0.0
8.6520E14     0.0000E00    3.3483E-11   0.0000E00 0.0   0.0
1.1530E15     0.0000E00    2.8710E-11   0.0000E00 0.0   0.0
1.3350E15     0.0000E00    2.9499E-11   0.0000E00 0.0   0.0
1.5550E15     0.0000E00    3.1409E-11   0.0000E00 0.0   0.0
1.5550E15     0.0000E00    2.8610E-11   0.0000E00 0.0   0.0
1.1530E15     0.0000E00    3.4590E-11   0.0000E00 0.0   0.0
1.3350E15     0.0000E00    3.7107E-11   0.0000E00 0.0   0.0
1.5550E15     0.0000E00    3.9339E-11   0.0000E00 0.0   0.0
1.1530E15     0.0000E00    2.1561E-11   0.0000E00 0.0   0.0
1.3350E15     0.0000E00    1.9755E-11   0.0000E00 0.0   0.0
1.5550E15     0.0000E00    2.0369E-11   0.0000E00 0.0   0.0
5.4830E14     0.0000E00    6.0858E-11   0.0000E00 0.0   0.0
6.8260E14     0.0000E00    4.5392E-11   0.0000E00 0.0   0.0
8.6520E14     0.0000E00    3.0628E-11   0.0000E00 0.0   0.0
1.1530E15     0.0000E00    2.4905E-11   0.0000E00 0.0   0.0
1.3350E15     0.0000E00    2.5495E-11   0.0000E00 0.0   0.0
1.5550E15     0.0000E00    2.7211E-11   0.0000E00 0.0   0.0
1.1530E15     0.0000E00    2.8249E-11   0.0000E00 0.0   0.0
1.3350E15     0.0000E00    2.7897E-11   0.0000E00 0.0   0.0
1.5550E15     0.0000E00    2.9699E-11   0.0000E00 0.0   0.0
8.6520E14     0.0000E00    3.2099E-11   0.0000E00 0.0   0.0
1.1530E15     0.0000E00    2.7211E-11   0.0000E00 0.0   0.0
1.3350E15     0.0000E00    5.2057E-11   0.0000E00 0.0   0.0
1.5550E15     0.0000E00    1.1833E-10   0.0000E00 0.0   0.0
5.5210E14     0.0000E00    6.0725E-11   5.5205E-13 0.0   0.0
1.2970E15     0.0000E00    3.0484E-11   1.2972E-13 0.0   0.0
5.5210E14     0.0000E00    6.0725E-11   5.5205E-13 0.0   0.0
1.2970E15     0.0000E00    3.0225E-11   1.2972E-13 0.0   0.0
5.5210E14     0.0000E00    5.7965E-11   0.0000E00 0.0   0.0
5.5210E14     0.0000E00    5.4598E-11   1.1041E-13 0.0   0.0
5.5210E14     0.0000E00    5.7965E-11   0.0000E00 0.0   0.0
1.0310E15     0.0000E00    2.8040E-11   1.0309E-13 0.0   0.0
5.5210E14     0.0000E00    4.6814E-11   1.1041E-13 0.0   0.0
5.5210E14     0.0000E00    4.9850E-11   2.2082E-13 0.0   0.0
8.7120E14     0.0000E00    2.6484E-11   8.7119E-14 0.0   0.0
8.7120E14     0.0000E00    2.6484E-11   8.7119E-14 0.0   0.0
1.0310E15     0.0000E00    2.4020E-11   1.0309E-13 0.0   0.0
1.2970E15     0.0000E00    2.4906E-11   1.2972E-13 0.0   0.0
5.5210E14     0.0000E00    5.4322E-11   1.1041E-13 0.0   0.0
5.5210E14     0.0000E00    5.8517E-11   0.0000E00 0.0   0.0
8.7120E14     0.0000E00    3.0492E-11   8.7119E-14 0.0   0.0
8.7120E14     0.0000E00    3.0492E-11   8.7119E-14 0.0   0.0
1.0310E15     0.0000E00    2.7834E-11   1.0309E-13 0.0   0.0
1.2970E15     0.0000E00    2.9187E-11   1.2972E-13 0.0   0.0
5.5210E14     0.0000E00    4.7090E-11   1.1041E-13 0.0   0.0
5.5210E14     0.0000E00    5.0126E-11   2.2082E-13 0.0   0.0
8.7120E14     0.0000E00    2.6571E-11   8.7119E-14 0.0   0.0
8.7120E14     0.0000E00    2.6571E-11   8.7119E-14 0.0   0.0
1.0310E15     0.0000E00    2.4123E-11   1.0309E-13 0.0   0.0
1.2970E15     0.0000E00    2.5036E-11   1.2972E-13 0.0   0.0
3.4650E14     0.0000E00    4.8163E-12   7.6230E-13 0.0   0.0
4.0080E14     0.0000E00    7.7755E-12   2.8457E-12 0.0   0.0
3.1240E14     0.0000E00    4.0924E-11   6.2480E-13 0.0   0.0
3.4650E14     0.0000E00    1.0014E-10   0.0000E00 0.0   0.0
4.0080E14     0.0000E00    9.6994E-11   0.0000E00 0.0   0.0
4.8940E14     0.0000E00    8.3198E-11   0.0000E00 0.0   0.0
6.2820E14     0.0000E00    3.2792E-11   8.7948E-13 0.0   0.0
1.2970E15     0.0000E00    3.0095E-11   1.2972E-13 0.0   0.0
1.2970E15     0.0000E00    3.0354E-11   1.2972E-13 0.0   0.0
5.5210E14     0.0000E00    5.7965E-11   0.0000E00 0.0   0.0
1.0310E15     0.0000E00    2.7731E-11   1.0309E-13 0.0   0.0
8.7120E14     0.0000E00    2.6397E-11   8.7119E-14 0.0   0.0
1.0310E15     0.0000E00    2.3917E-11   1.0309E-13 0.0   0.0
1.2970E15     0.0000E00    2.4517E-11   1.2972E-13 0.0   0.0
8.7120E14     0.0000E00    3.0405E-11   8.7119E-14 0.0   0.0
1.0310E15     0.0000E00    2.7628E-11   1.0309E-13 0.0   0.0
1.2970E15     0.0000E00    2.8668E-11   1.2972E-13 0.0   0.0
8.7120E14     0.0000E00    2.6484E-11   8.7119E-14 0.0   0.0
1.0310E15     0.0000E00    2.3917E-11   1.0309E-13 0.0   0.0
1.2970E15     0.0000E00    2.4647E-11   1.2972E-13 0.0   0.0
6.5170E13     0.0000E00    1.8313E-11   1.3034E-13 0.0   0.0
8.9490E13     0.0000E00    3.1322E-11   3.5796E-13 0.0   0.0
1.2970E15     0.0000E00    2.9965E-11   1.2972E-13 0.0   0.0
1.2970E15     0.0000E00    3.0225E-11   1.2972E-13 0.0   0.0
5.5210E14     0.0000E00    5.7413E-11   0.0000E00 0.0   0.0
1.0310E15     0.0000E00    2.7731E-11   1.0309E-13 0.0   0.0
8.7120E14     0.0000E00    2.6310E-11   8.7119E-14 0.0   0.0
1.0310E15     0.0000E00    2.3814E-11   1.0309E-13 0.0   0.0
1.2970E15     0.0000E00    2.4387E-11   1.2972E-13 0.0   0.0
8.7120E14     0.0000E00    3.0317E-11   8.7119E-14 0.0   0.0
1.0310E15     0.0000E00    2.7525E-11   1.0309E-13 0.0   0.0
1.2970E15     0.0000E00    2.8538E-11   1.2972E-13 0.0   0.0
8.7120E14     0.0000E00    2.6397E-11   8.7119E-14 0.0   0.0
1.0310E15     0.0000E00    2.3814E-11   1.0309E-13 0.0   0.0
1.2970E15     0.0000E00    2.4517E-11   1.2972E-13 0.0   0.0
1.2970E15     0.0000E00    2.9836E-11   3.8916E-13 0.0   0.0
8.7120E14     0.0000E00    2.9533E-11   8.7119E-14 0.0   0.0
1.0310E15     0.0000E00    2.7525E-11   1.0309E-13 0.0   0.0
1.2970E15     0.0000E00    2.8279E-11   1.2972E-13 0.0   0.0
5.5210E14     0.0000E00    5.8517E-11   0.0000E00 0.0   0.0
1.0310E15     0.0000E00    2.7834E-11   1.0309E-13 0.0   0.0
1.2970E15     0.0000E00    3.0225E-11   3.8916E-13 0.0   0.0
8.7120E14     0.0000E00    3.0143E-11   1.7424E-13 0.0   0.0
1.0310E15     0.0000E00    2.7422E-11   1.0309E-13 0.0   0.0
1.2970E15     0.0000E00    2.8668E-11   2.5944E-13 0.0   0.0
8.7120E14     0.0000E00    2.6746E-11   1.7424E-13 0.0   0.0
1.0310E15     0.0000E00    2.4123E-11   1.0309E-13 0.0   0.0
1.2970E15     0.0000E00    2.4647E-11   2.5944E-13 0.0   0.0
8.7120E14     0.0000E00    2.6484E-11   1.7424E-13 0.0   0.0
1.0310E15     0.0000E00    2.3814E-11   1.0309E-13 0.0   0.0
1.2970E15     0.0000E00    2.4777E-11   2.5944E-13 0.0   0.0
3.1240E14     0.0000E00    4.0924E-11   6.2480E-13 0.0   0.0
3.4650E14     0.0000E00    1.0014E-10   0.0000E00 0.0   0.0
4.0080E14     0.0000E00    9.6994E-11   0.0000E00 0.0   0.0
4.8940E14     0.0000E00    8.3198E-11   0.0000E00 0.0   0.0
6.2820E14     0.0000E00    3.2792E-11   9.4230E-13 0.0   0.0
3.4650E14     0.0000E00    4.8163E-12   7.6230E-13 0.0   0.0
4.0080E14     0.0000E00    7.7755E-12   2.8457E-12 0.0   0.0
1.3570E13     0.0000E00    7.3555E-12   0.0000E00 0.0   0.0
2.5930E13     0.0000E00    7.8839E-12   0.0000E00 0.0   0.0
6.5170E13     0.0000E00    2.4440E-11   0.0000E00 0.0   0.0
8.9490E13     0.0000E00    4.2866E-11   0.0000E00 0.0   0.0
1.3860E14     0.0000E00    1.3855E-10   0.0000E00 0.0   0.0
1.8390E14     0.0000E00    2.1519E-10   0.0000E00 0.0   0.0
2.3980E14     0.0000E00    2.0841E-10   0.0000E00 0.0   0.0
3.3240E14     0.0000E00    8.7432E-11   3.3244E-13 0.0   0.0
3.9270E14     0.0000E00    8.0103E-11   0.0000E00 0.0   0.0
4.7990E14     0.0000E00    8.5422E-11   4.7990E-13 0.0   0.0
6.2200E14     0.0000E00    4.0429E-11   1.2440E-13 0.0   0.0
8.5190E14     0.0000E00    1.2012E-11   8.5192E-14 0.0   0.0
1.3570E13     0.0000E00    8.0340E-12   2.3071E-13 0.0   0.0
2.5930E13     0.0000E00    8.4804E-12   1.2967E-13 0.0   0.0
6.5170E13     0.0000E00    2.0399E-11   3.2586E-13 0.0   0.0
8.9490E13     0.0000E00    3.2306E-11   6.2643E-13 0.0   0.0
1.3860E14     0.0000E00    6.1655E-11   9.6985E-13 0.0   0.0
1.8390E14     0.0000E00    8.3132E-11   1.2874E-12 0.0   0.0
2.3980E14     0.0000E00    8.9696E-11   1.6788E-12 0.0   0.0
4.4550E14     0.0000E00    2.9222E-11   1.3364E-13 0.0   0.0
5.4140E14     0.0000E00    3.5897E-11   1.5160E-12 0.0   0.0
1.3570E13     0.0000E00    7.3555E-12   0.0000E00 0.0   0.0
2.5930E13     0.0000E00    7.8839E-12   0.0000E00 0.0   0.0
6.5170E13     0.0000E00    2.4440E-11   0.0000E00 0.0   0.0
8.9490E13     0.0000E00    4.2866E-11   0.0000E00 0.0   0.0
1.3860E14     0.0000E00    1.3855E-10   0.0000E00 0.0   0.0
1.8390E14     0.0000E00    2.1519E-10   0.0000E00 0.0   0.0
2.3980E14     0.0000E00    2.0841E-10   0.0000E00 0.0   0.0
3.3240E14     0.0000E00    8.7432E-11   3.3244E-13 0.0   0.0
3.9270E14     0.0000E00    8.0103E-11   0.0000E00 0.0   0.0
4.7990E14     0.0000E00    8.5422E-11   4.7990E-13 0.0   0.0
6.2200E14     0.0000E00    4.0429E-11   1.2440E-13 0.0   0.0
8.5190E14     0.0000E00    1.2012E-11   8.5192E-14 0.0   0.0
1.3570E13     0.0000E00    8.0340E-12   2.3071E-13 0.0   0.0
2.5930E13     0.0000E00    8.4804E-12   1.2967E-13 0.0   0.0
6.5170E13     0.0000E00    2.0399E-11   3.2586E-13 0.0   0.0
8.9490E13     0.0000E00    3.2306E-11   6.2643E-13 0.0   0.0
1.3860E14     0.0000E00    6.1655E-11   9.6985E-13 0.0   0.0
1.8390E14     0.0000E00    8.3132E-11   1.2874E-12 0.0   0.0
2.3980E14     0.0000E00    8.9696E-11   1.6788E-12 0.0   0.0
4.4550E14     0.0000E00    2.9222E-11   1.3364E-13 0.0   0.0
5.4140E14     0.0000E00    3.5897E-11   1.5160E-12 0.0   0.0
3.3240E14     0.0000E00    1.6389E-10   3.3244E-13 0.0   0.0
3.9270E14     0.0000E00    1.4528E-10   3.9266E-13 0.0   0.0
4.7990E14     0.0000E00    1.2045E-10   0.0000E00 0.0   0.0
6.2200E14     0.0000E00    7.3394E-11   0.0000E00 0.0   0.0
8.5190E14     0.0000E00    2.3257E-11   1.7038E-13 0.0   0.0
3.3240E14     0.0000E00    1.4794E-10   3.3244E-13 0.0   0.0
3.9270E14     0.0000E00    1.3586E-10   3.9266E-13 0.0   0.0
4.7990E14     0.0000E00    1.1326E-10   0.0000E00 0.0   0.0
6.2200E14     0.0000E00    6.9662E-11   0.0000E00 0.0   0.0
8.5190E14     0.0000E00    2.2235E-11   1.7038E-13 0.0   0.0
3.3240E14     0.0000E00    1.4195E-10   3.3244E-13 0.0   0.0
3.9270E14     0.0000E00    1.3036E-10   3.9266E-13 0.0   0.0
4.7990E14     0.0000E00    1.0942E-10   0.0000E00 0.0   0.0
6.2200E14     0.0000E00    6.7174E-11   0.0000E00 0.0   0.0
8.5190E14     0.0000E00    2.1383E-11   8.5192E-14 0.0   0.0
3.3240E14     0.0000E00    2.0345E-10   3.3244E-13 0.0   0.0
3.9270E14     0.0000E00    1.7199E-10   3.9266E-13 0.0   0.0
4.7990E14     0.0000E00    1.4109E-10   0.0000E00 0.0   0.0
6.2200E14     0.0000E00    8.7077E-11   0.0000E00 0.0   0.0
8.5190E14     0.0000E00    3.0754E-11   1.7038E-13 0.0   0.0
3.3240E14     0.0000E00    1.9082E-10   3.3244E-13 0.0   0.0
3.9270E14     0.0000E00    1.6727E-10   3.9266E-13 0.0   0.0
4.7990E14     0.0000E00    1.3725E-10   0.0000E00 0.0   0.0
6.2200E14     0.0000E00    8.2723E-11   0.0000E00 0.0   0.0
8.5190E14     0.0000E00    2.7517E-11   1.7038E-13 0.0   0.0
3.3240E14     0.0000E00    1.6456E-10   3.3244E-13 0.0   0.0
3.9270E14     0.0000E00    1.4764E-10   3.9266E-13 0.0   0.0
4.7990E14     0.0000E00    1.2333E-10   0.0000E00 0.0   0.0
6.2200E14     0.0000E00    7.5882E-11   0.0000E00 0.0   0.0
8.5190E14     0.0000E00    2.4961E-11   8.5192E-14 0.0   0.0
3.3240E14     0.0000E00    1.6954E-11   6.6488E-14 0.0   0.0
3.9270E14     0.0000E00    1.6963E-11   3.9266E-14 0.0   0.0
4.7990E14     0.0000E00    1.4685E-11   4.7990E-14 0.0   0.0
6.2200E14     0.0000E00    7.1528E-12   0.0000E00 0.0   0.0
8.5190E14     0.0000E00    9.6267E-13   1.7038E-14 0.0   0.0
3.3240E14     0.0000E00    1.3464E-10   3.3244E-13 0.0   0.0
3.9270E14     0.0000E00    1.5510E-10   3.9266E-13 0.0   0.0
4.7990E14     0.0000E00    1.2525E-10   0.0000E00 0.0   0.0
6.2200E14     0.0000E00    4.2357E-11   1.2440E-13 0.0   0.0
8.5190E14     0.0000E00    3.4673E-11   1.7038E-13 0.0   0.0
3.3240E14     0.0000E00    1.2533E-12   2.3271E-14 0.0   0.0
3.9270E14     0.0000E00    6.4789E-13   7.8532E-15 0.0   0.0
4.7990E14     0.0000E00    9.5020E-14   3.8392E-15 0.0   0.0
6.2200E14     0.0000E00    6.3442E-13   6.2198E-15 0.0   0.0
8.5190E14     0.0000E00    8.8600E-15   8.7748E-15 0.0   0.0
3.3240E14     0.0000E00    1.5924E-10   3.3244E-13 0.0   0.0
3.9270E14     0.0000E00    1.4332E-10   3.9266E-13 0.0   0.0
4.7990E14     0.0000E00    1.1662E-10   0.0000E00 0.0   0.0
6.2200E14     0.0000E00    7.9613E-11   0.0000E00 0.0   0.0
8.5190E14     0.0000E00    3.2629E-11   1.7038E-13 0.0   0.0
3.3240E14     0.0000E00    1.2965E-10   3.3244E-13 0.0   0.0
3.9270E14     0.0000E00    1.2055E-10   3.9266E-13 0.0   0.0
4.7990E14     0.0000E00    1.1182E-10   0.0000E00 0.0   0.0
6.2200E14     0.0000E00    7.7748E-11   0.0000E00 0.0   0.0
8.5190E14     0.0000E00    3.1691E-11   1.7038E-13 0.0   0.0
3.3240E14     0.0000E00    2.5864E-11   2.3271E-13 0.0   0.0
3.9270E14     0.0000E00    1.2919E-11   7.8532E-14 0.0   0.0
3.3240E14     0.0000E00    1.6888E-11   6.6488E-14 0.0   0.0
3.9270E14     0.0000E00    1.7041E-11   3.9266E-14 0.0   0.0
4.7990E14     0.0000E00    1.4637E-11   4.7990E-14 0.0   0.0
6.2200E14     0.0000E00    7.0906E-12   0.0000E00 0.0   0.0
8.5190E14     0.0000E00    8.7748E-13   1.7038E-14 0.0   0.0
3.3240E14     0.0000E00    2.0877E-10   3.3244E-13 0.0   0.0
3.9270E14     0.0000E00    1.8494E-10   3.9266E-13 0.0   0.0
4.7990E14     0.0000E00    1.7084E-10   9.5980E-13 0.0   0.0
6.2200E14     0.0000E00    8.3967E-11   0.0000E00 0.0   0.0
8.5190E14     0.0000E00    2.8369E-11   1.7038E-13 0.0   0.0
3.3240E14     0.0000E00    9.6075E-11   3.3244E-13 0.0   0.0
3.9270E14     0.0000E00    8.6778E-11   0.0000E00 0.0   0.0
4.7990E14     0.0000E00    6.1907E-11   4.7990E-13 0.0   0.0
6.2200E14     0.0000E00    4.1610E-11   1.2440E-13 0.0   0.0
8.5190E14     0.0000E00    1.2438E-11   8.5192E-14 0.0   0.0
3.3240E14     0.0000E00    8.8097E-11   3.3244E-13 0.0   0.0
3.9270E14     0.0000E00    8.0495E-11   0.0000E00 0.0   0.0
4.7990E14     0.0000E00    8.5422E-11   4.7990E-13 0.0   0.0
6.2200E14     0.0000E00    4.0491E-11   1.2440E-13 0.0   0.0
8.5190E14     0.0000E00    1.2097E-11   8.5192E-14 0.0   0.0
3.3240E14     0.0000E00    1.3597E-10   3.3244E-13 0.0   0.0
3.9270E14     0.0000E00    1.2408E-10   3.9266E-13 0.0   0.0
4.7990E14     0.0000E00    1.0510E-10   0.0000E00 0.0   0.0
6.2200E14     0.0000E00    6.7174E-11   0.0000E00 0.0   0.0
8.5190E14     0.0000E00    2.6410E-11   8.5192E-14 0.0   0.0
3.3240E14     0.0000E00    1.3065E-10   3.3244E-13 0.0   0.0
3.9270E14     0.0000E00    1.1976E-10   3.9266E-13 0.0   0.0
4.7990E14     0.0000E00    1.0270E-10   0.0000E00 0.0   0.0
6.2200E14     0.0000E00    6.5930E-11   0.0000E00 0.0   0.0
8.5190E14     0.0000E00    2.5472E-11   8.5192E-14 0.0   0.0
3.3240E14     0.0000E00    1.2201E-10   3.3244E-13 0.0   0.0
3.9270E14     0.0000E00    1.1152E-10   0.0000E00 0.0   0.0
4.7990E14     0.0000E00    9.7900E-11   0.0000E00 0.0   0.0
6.2200E14     0.0000E00    6.5308E-11   0.0000E00 0.0   0.0
8.5190E14     0.0000E00    2.5472E-11   8.5192E-14 0.0   0.0
3.3240E14     0.0000E00    1.3597E-10   3.3244E-13 0.0   0.0
3.9270E14     0.0000E00    1.2330E-10   3.9266E-13 0.0   0.0
4.7990E14     0.0000E00    1.0558E-10   0.0000E00 0.0   0.0
6.2200E14     0.0000E00    6.6552E-11   0.0000E00 0.0   0.0
8.5190E14     0.0000E00    2.6580E-11   8.5192E-14 0.0   0.0
3.3240E14     0.0000E00    1.3131E-10   3.3244E-13 0.0   0.0
3.9270E14     0.0000E00    1.1937E-10   3.9266E-13 0.0   0.0
4.7990E14     0.0000E00    1.0462E-10   0.0000E00 0.0   0.0
6.2200E14     0.0000E00    6.6552E-11   0.0000E00 0.0   0.0
8.5190E14     0.0000E00    2.5728E-11   8.5192E-14 0.0   0.0
3.3240E14     0.0000E00    1.2433E-10   3.3244E-13 0.0   0.0
3.9270E14     0.0000E00    1.1426E-10   0.0000E00 0.0   0.0
4.7990E14     0.0000E00    1.0174E-10   0.0000E00 0.0   0.0
6.2200E14     0.0000E00    6.5930E-11   0.0000E00 0.0   0.0
8.5190E14     0.0000E00    2.4961E-11   8.5192E-14 0.0   0.0
4.0800E08     0.0000E00    7.2216E-15   0.0000E00 0.0   0.0
5.4140E14     0.0000E00    4.1203E-11   0.0000E00 0.0   0.0
1.3690E14     0.0000E00    1.1636E-10   2.8747E-12 0.0   0.0
1.3690E14     0.0000E00    1.1417E-10   2.7378E-12 0.0   0.0
1.3690E14     0.0000E00    1.3251E-10   3.2854E-12 0.0   0.0
1.3690E14     0.0000E00    1.1417E-10   2.7378E-12 0.0   0.0
1.3690E14     0.0000E00    1.1636E-10   2.8747E-12 0.0   0.0
1.8390E14     0.0000E00    1.7031E-10   3.6784E-12 0.0   0.0
1.8390E14     0.0000E00    1.7583E-10   4.0462E-12 0.0   0.0
1.8390E14     0.0000E00    2.1519E-10   5.5176E-12 0.0   0.0
1.8390E14     0.0000E00    1.7344E-10   3.8623E-12 0.0   0.0
1.8390E14     0.0000E00    1.7785E-10   4.0462E-12 0.0   0.0
2.3980E14     0.0000E00    1.4798E-10   1.4390E-12 0.0   0.0
2.3980E14     0.0000E00    1.5517E-10   1.6788E-12 0.0   0.0
2.3980E14     0.0000E00    2.0841E-10   3.8373E-12 0.0   0.0
2.3980E14     0.0000E00    1.7723E-10   2.6381E-12 0.0   0.0
2.3980E14     0.0000E00    1.8059E-10   2.8780E-12 0.0   0.0
1.4000E09     0.0000E00    1.9880E-14   0.0000E00 0.0   0.0
5.0000E09     0.0000E00    5.6000E-14   0.0000E00 0.0   0.0
1.4300E11     0.0000E00    7.9079E-13   0.0000E00 0.0   0.0
1.8180E14     0.0000E00    1.7739E-10   3.9985E-12 0.0   0.0
2.4200E14     0.0000E00    1.7857E-10   2.9035E-12 0.0   0.0
1.3690E14     0.0000E00    1.1636E-10   2.8747E-12 0.0   0.0
1.8390E14     0.0000E00    1.7785E-10   4.0462E-12 0.0   0.0
2.3980E14     0.0000E00    1.8059E-10   2.8780E-12 0.0   0.0
1.3690E14     0.0000E00    1.1636E-10   2.8747E-12 0.0   0.0
1.8390E14     0.0000E00    1.7785E-10   4.0462E-12 0.0   0.0
2.3980E14     0.0000E00    1.8059E-10   2.8780E-12 0.0   0.0
4.0800E08     0.0000E00    7.2216E-15   0.0000E00 0.0   0.0
3.6500E08     0.0000E00    7.0080E-15   1.8250E-16 0.0   0.0
3.3000E08     0.0000E00    6.4020E-15   0.0000E00 0.0   0.0
3.3000E08     0.0000E00    6.4020E-15   0.0000E00 0.0   0.0
3.3000E08     0.0000E00    6.3030E-15   0.0000E00 0.0   0.0
3.3000E08     0.0000E00    6.4020E-15   0.0000E00 0.0   0.0
8.4000E09     0.0000E00    3.1080E-16   0.0000E00 0.0   0.0
8.4000E09     0.0000E00    8.9040E-16   0.0000E00 0.0   0.0
8.4000E09     0.0000E00    1.1844E-15   0.0000E00 0.0   0.0
1.3860E14     0.0000E00    6.1793E-11   0.0000E00 0.0   0.0
3.9270E14     0.0000E00    8.0103E-11   0.0000E00 0.0   0.0
1.4990E09     0.0000E00    3.2079E-16   0.0000E00 0.0   0.0
1.3690E14     0.0000E00    5.9000E-11   9.5823E-13 0.0   0.0
1.3860E14     0.0000E00    6.1655E-11   1.1084E-12 0.0   0.0
1.8180E14     0.0000E00    8.2878E-11   1.4540E-12 0.0   0.0
1.8390E14     0.0000E00    8.3132E-11   1.2874E-12 0.0   0.0
2.3980E14     0.0000E00    8.9696E-11   1.6788E-12 0.0   0.0
2.4200E14     0.0000E00    8.8799E-11   0.0000E00 0.0   0.0
2.4200E14     0.0000E00    8.8799E-11   1.6937E-12 0.0   0.0
2.4200E14     0.0000E00    2.0591E-10   0.0000E00 0.0   0.0
8.0000E09     0.0000E00    7.2000E-14   0.0000E00 0.0   0.0
5.0000E09     0.0000E00    6.9000E-14   0.0000E00 0.0   0.0
1.5000E10     0.0000E00    4.5000E-14   0.0000E00 0.0   0.0
1.5000E10     0.0000E00    1.7550E-13   0.0000E00 0.0   0.0
1.5000E10     0.0000E00    1.3050E-13   0.0000E00 0.0   0.0
1.3570E13     0.0000E00    7.7898E-12   2.1714E-13 0.0   0.0
2.5930E13     0.0000E00    8.7138E-12   1.5560E-13 0.0   0.0
6.5170E13     0.0000E00    1.9291E-11   3.2586E-13 0.0   0.0
8.9490E13     0.0000E00    3.1232E-11   5.3694E-13 0.0   0.0
1.3860E14     0.0000E00    6.1655E-11   9.6985E-13 0.0   0.0
1.8180E14     0.0000E00    8.2878E-11   1.4540E-12 0.0   0.0
2.4200E14     0.0000E00    8.8799E-11   1.6937E-12 0.0   0.0
4.8500E09     0.0000E00    6.6930E-14   0.0000E00 0.0   0.0
4.4550E14     0.0000E00    3.2919E-11   0.0000E00 0.0   0.0
1.8180E14     0.0000E00    8.2878E-11   1.2722E-12 0.0   0.0
2.4200E14     0.0000E00    8.8799E-11   1.4518E-12 0.0   0.0
4.4550E14     0.0000E00    6.5928E-11   4.4546E-13 0.0   0.0
4.4550E14     0.0000E00    2.6594E-11   3.5637E-13 0.0   0.0
4.4550E14     0.0000E00    2.9222E-11   1.3364E-13 0.0   0.0
1.3690E14     0.0000E00    1.1636E-10   0.0000E00 0.0   0.0
1.5000E08     0.0000E00    2.3700E-15   3.0000E-17 0.0   0.0
1.4000E09     0.0000E00    2.2820E-14   0.0000E00 0.0   0.0
4.4550E14     0.0000E00    2.9222E-11   0.0000E00 0.0   0.0
1.4000E09     0.0000E00    2.1840E-14   0.0000E00 0.0   0.0
4.8000E09     0.0000E00    6.6240E-14   0.0000E00 0.0   0.0
2.9410E12     0.0000E00    1.4115E-11   2.9406E-12 0.0   0.0
4.8470E12     0.0000E00    8.2401E-12   1.9388E-12 0.0   0.0
1.2550E13     0.0000E00    1.2554E-11   2.5108E-12 0.0   0.0
2.5870E13     0.0000E00    2.0693E-11   5.1732E-12 0.0   0.0
1.3860E14     0.0000E00    1.3855E-10   4.1565E-12 0.0   0.0
1.8180E14     0.0000E00    2.1447E-10   3.6350E-12 0.0   0.0
2.4200E14     0.0000E00    2.0591E-10   3.8714E-12 0.0   0.0
3.5060E11     0.0000E00    8.7657E-13   0.0000E00 0.0   0.0
3.5060E11     0.0000E00    8.7657E-13   0.0000E00 0.0   0.0
3.5060E11     0.0000E00    1.6129E-12   0.0000E00 0.0   0.0
3.5060E11     0.0000E00    8.7657E-13   0.0000E00 0.0   0.0
3.5060E11     0.0000E00    8.7657E-13   0.0000E00 0.0   0.0
3.5060E11     0.0000E00    1.6129E-12   0.0000E00 0.0   0.0
2.4200E14     0.0000E00    8.7348E-11   0.0000E00 0.0   0.0
8.6200E10     0.0000E00    5.6030E-13   2.5860E-14 0.0   0.0
1.5000E10     0.0000E00    1.7400E-13   0.0000E00 0.0   0.0
1.3690E14     0.0000E00    1.3278E-10   0.0000E00 0.0   0.0
5.4140E14     0.0000E00    9.5292E-11   0.0000E00 0.0   0.0
6.7490E14     0.0000E00    6.3508E-11   0.0000E00 0.0   0.0
1.3690E14     0.0000E00    1.3278E-10   0.0000E00 0.0   0.0
5.4140E14     0.0000E00    9.5292E-11   0.0000E00 0.0   0.0
6.7490E14     0.0000E00    6.2901E-11   0.0000E00 0.0   0.0
2.9410E12     0.0000E00    1.4115E-11   2.9406E-12 0.0   0.0
4.8470E12     0.0000E00    8.2401E-12   1.9388E-12 0.0   0.0
1.2550E13     0.0000E00    1.2554E-11   2.5108E-12 0.0   0.0
2.5870E13     0.0000E00    2.0693E-11   5.1732E-12 0.0   0.0
1.8180E14     0.0000E00    2.1628E-10   3.6350E-12 0.0   0.0
2.4200E14     0.0000E00    2.0978E-10   3.8714E-12 0.0   0.0
4.7290E14     0.0000E00    3.8683E-11   0.0000E00 0.0   0.0
6.3480E14     0.0000E00    4.0818E-11   0.0000E00 0.0   0.0
1.2660E13     0.0000E00    6.6861E-12   6.3315E-14 0.0   0.0
3.8080E13     0.0000E00    1.1044E-11   7.6166E-14 0.0   0.0
3.7000E10     0.0000E00    3.4410E-13   6.2900E-14 0.0   0.0
4.3210E14     0.0000E00    6.8704E-11   3.4568E-12 0.0   0.0
2.4000E09     0.0000E00    8.5200E-15   0.0000E00 0.0   0.0
2.4000E09     0.0000E00    1.4784E-14   0.0000E00 0.0   0.0
2.4000E09     0.0000E00    2.9040E-14   0.0000E00 0.0   0.0
5.0000E09     0.0000E00    2.1500E-14   0.0000E00 0.0   0.0
5.0000E09     0.0000E00    2.4400E-14   0.0000E00 0.0   0.0
5.0000E09     0.0000E00    4.4500E-14   0.0000E00 0.0   0.0
8.8000E09     0.0000E00    3.3968E-14   0.0000E00 0.0   0.0
8.8000E09     0.0000E00    4.1712E-14   0.0000E00 0.0   0.0
8.8000E09     0.0000E00    7.8232E-14   0.0000E00 0.0   0.0
1.5500E10     0.0000E00    6.0140E-14   0.0000E00 0.0   0.0
1.5500E10     0.0000E00    7.3935E-14   0.0000E00 0.0   0.0
1.5500E10     0.0000E00    1.2276E-13   0.0000E00 0.0   0.0
6.2200E14     0.0000E00    6.2198E-11   0.0000E00 0.0   0.0
3.9270E14     0.0000E00    1.6727E-10   3.9266E-13 0.0   0.0
3.9270E14     0.0000E00    1.2801E-10   3.9266E-13 0.0   0.0
4.7990E14     0.0000E00    1.0702E-10   0.0000E00 0.0   0.0
6.2200E14     0.0000E00    6.5930E-11   0.0000E00 0.0   0.0
8.5190E14     0.0000E00    2.2831E-11   8.5192E-14 0.0   0.0
3.9270E14     0.0000E00    1.6727E-10   3.9266E-13 0.0   0.0
3.9270E14     0.0000E00    1.2801E-10   3.9266E-13 0.0   0.0
4.7990E14     0.0000E00    1.0702E-10   0.0000E00 0.0   0.0
6.2200E14     0.0000E00    6.5930E-11   0.0000E00 0.0   0.0
8.5190E14     0.0000E00    2.2831E-11   8.5192E-14 0.0   0.0
1.5000E09     0.0000E00    2.1000E-14   0.0000E00 0.0   0.0
3.0000E09     0.0000E00    3.5400E-14   0.0000E00 0.0   0.0
6.0000E09     0.0000E00    7.2000E-14   0.0000E00 0.0   0.0
1.3690E14     0.0000E00    5.9000E-11   0.0000E00 0.0   0.0
2.3980E14     0.0000E00    9.0176E-11   0.0000E00 0.0   0.0
1.4000E09     0.0000E00    2.1840E-14   0.0000E00 0.0   0.0
1.4000E09     0.0000E00    2.1840E-14   0.0000E00 0.0   0.0
1.4000E09     0.0000E00    2.1840E-14   0.0000E00 0.0   0.0
5.0000E09     0.0000E00    6.2500E-14   0.0000E00 0.0   0.0
1.8180E14     0.0000E00    6.0341E-12   8.9058E-13 0.0   0.0
2.4200E14     0.0000E00    5.4683E-12   7.0168E-13 0.0   0.0
3.3240E14     0.0000E00    5.3523E-12   0.0000E00 0.0   0.0
3.9270E14     0.0000E00    5.2224E-12   0.0000E00 0.0   0.0
4.7990E14     0.0000E00    3.7912E-12   0.0000E00 0.0   0.0
6.2200E14     0.0000E00    2.1396E-12   0.0000E00 0.0   0.0
8.5190E14     0.0000E00    1.3034E-12   0.0000E00 0.0   0.0
1.2970E15     0.0000E00    7.5338E-13   5.5758E-14 0.0   0.0
1.9610E15     0.0000E00    1.1392E-12   1.1568E-13 0.0   0.0
1.5000E09     0.0000E00    2.1000E-14   0.0000E00 0.0   0.0
3.0000E09     0.0000E00    3.5400E-14   0.0000E00 0.0   0.0
6.0000E09     0.0000E00    7.2000E-14   0.0000E00 0.0   0.0
1.2000E10     0.0000E00    1.0152E-13   0.0000E00 0.0   0.0
1.3690E14     0.0000E00    5.9000E-11   0.0000E00 0.0   0.0
2.3980E14     0.0000E00    8.9696E-11   0.0000E00 0.0   0.0
1.8180E14     0.0000E00    8.2878E-11   1.4540E-12 0.0   0.0
2.4200E14     0.0000E00    8.8799E-11   1.6937E-12 0.0   0.0
4.4550E14     0.0000E00    3.2919E-11   0.0000E00 0.0   0.0
5.4140E14     0.0000E00    6.4430E-13   0.0000E00 0.0   0.0
1.5000E09     0.0000E00    2.1000E-14   0.0000E00 0.0   0.0
3.0000E09     0.0000E00    3.5400E-14   0.0000E00 0.0   0.0
6.0000E09     0.0000E00    7.2000E-14   0.0000E00 0.0   0.0
1.2000E10     0.0000E00    1.0152E-13   0.0000E00 0.0   0.0
1.3690E14     0.0000E00    5.9000E-11   0.0000E00 0.0   0.0
2.3980E14     0.0000E00    8.9696E-11   0.0000E00 0.0   0.0
4.4550E14     0.0000E00    3.2919E-11   0.0000E00 0.0   0.0
8.4000E09     0.0000E00    7.3164E-14   0.0000E00 0.0   0.0
1.3690E14     0.0000E00    5.9000E-11   9.5823E-13 0.0   0.0
1.8390E14     0.0000E00    8.3132E-11   1.2874E-12 0.0   0.0
2.3980E14     0.0000E00    8.9696E-11   1.6788E-12 0.0   0.0
3.9270E14     0.0000E00    2.8625E-11   0.0000E00 0.0   0.0
3.9270E14     0.0000E00    2.3245E-11   0.0000E00 0.0   0.0
3.9270E14     0.0000E00    1.0405E-10   0.0000E00 0.0   0.0
3.9270E14     0.0000E00    8.0495E-11   0.0000E00 0.0   0.0
4.4550E14     0.0000E00    6.5928E-11   0.0000E00 0.0   0.0
4.4550E14     0.0000E00    2.6594E-11   0.0000E00 0.0   0.0
4.4550E14     0.0000E00    2.9222E-11   0.0000E00 0.0   0.0
4.7990E14     0.0000E00    5.1349E-12   0.0000E00 0.0   0.0
4.7990E14     0.0000E00    8.5422E-11   0.0000E00 0.0   0.0
6.2200E14     0.0000E00    1.9592E-11   0.0000E00 0.0   0.0
6.2200E14     0.0000E00    4.0491E-11   0.0000E00 0.0   0.0
8.5190E14     0.0000E00    1.7038E-11   0.0000E00 0.0   0.0
8.5190E14     0.0000E00    1.2097E-11   0.0000E00 0.0   0.0
1.8180E14     0.0000E00    8.2878E-11   1.4540E-12 0.0   0.0
2.4200E14     0.0000E00    8.8799E-11   1.6937E-12 0.0   0.0
3.9270E14     0.0000E00    2.8625E-11   0.0000E00 0.0   0.0
3.9270E14     0.0000E00    2.3245E-11   0.0000E00 0.0   0.0
3.9270E14     0.0000E00    1.0405E-10   0.0000E00 0.0   0.0
3.9270E14     0.0000E00    8.0495E-11   0.0000E00 0.0   0.0
4.4550E14     0.0000E00    6.5928E-11   0.0000E00 0.0   0.0
4.4550E14     0.0000E00    2.6594E-11   0.0000E00 0.0   0.0
4.4550E14     0.0000E00    2.9222E-11   0.0000E00 0.0   0.0
4.7990E14     0.0000E00    5.1349E-12   0.0000E00 0.0   0.0
4.7990E14     0.0000E00    8.5422E-11   0.0000E00 0.0   0.0
6.2200E14     0.0000E00    1.9592E-11   0.0000E00 0.0   0.0
6.2200E14     0.0000E00    4.0491E-11   0.0000E00 0.0   0.0
8.5190E14     0.0000E00    1.7038E-11   0.0000E00 0.0   0.0
8.5190E14     0.0000E00    1.2097E-11   0.0000E00 0.0   0.0
4.9940E14     0.0000E00    6.3926E-11   0.0000E00 0.0   0.0
4.4550E14     0.0000E00    2.1783E-11   0.0000E00 0.0   0.0
2.0000E08     0.0000E00    6.3400E-18   0.0000E00 0.0   0.0
1.5000E09     0.0000E00    4.7850E-17   0.0000E00 0.0   0.0
3.0000E09     0.0000E00    9.6900E-17   0.0000E00 0.0   0.0
1.3690E14     0.0000E00    1.1636E-10   0.0000E00 0.0   0.0
1.8390E14     0.0000E00    1.7785E-10   0.0000E00 0.0   0.0
2.3980E14     0.0000E00    1.8059E-10   0.0000E00 0.0   0.0
4.4550E14     0.0000E00    6.3701E-11   0.0000E00 0.0   0.0
4.4550E14     0.0000E00    2.5035E-11   0.0000E00 0.0   0.0
4.4550E14     0.0000E00    2.1783E-11   0.0000E00 0.0   0.0
1.5000E10     0.0000E00    1.4745E-11   0.0000E00 0.0   0.0
4.4550E14     0.0000E00    2.1293E-11   0.0000E00 0.0   0.0
3.9270E14     0.0000E00    5.3009E-11   7.8532E-13 0.0   0.0
3.9270E14     0.0000E00    4.5156E-11   3.9266E-13 0.0   0.0
4.7990E14     0.0000E00    7.8224E-11   0.0000E00 0.0   0.0
6.2200E14     0.0000E00    3.9185E-11   5.5978E-13 0.0   0.0
8.5190E14     0.0000E00    3.6036E-11   3.4077E-13 0.0   0.0
3.9270E14     0.0000E00    5.3009E-11   7.8532E-13 0.0   0.0
3.9270E14     0.0000E00    4.5156E-11   3.9266E-13 0.0   0.0
4.7990E14     0.0000E00    7.8224E-11   0.0000E00 0.0   0.0
6.2200E14     0.0000E00    3.9185E-11   5.5978E-13 0.0   0.0
8.5190E14     0.0000E00    3.6036E-11   3.4077E-13 0.0   0.0
8.0000E09     0.0000E00    7.1120E-14   0.0000E00 0.0   0.0
4.4550E14     0.0000E00    2.1783E-11   0.0000E00 0.0   0.0
5.0000E09     0.0000E00    7.2500E-14   0.0000E00 0.0   0.0
8.0000E09     0.0000E00    1.0320E-13   0.0000E00 0.0   0.0
2.4000E10     0.0000E00    2.4720E-13   0.0000E00 0.0   0.0
6.5170E13     0.0000E00    9.4499E-13   0.0000E00 0.0   0.0
8.9490E13     0.0000E00    2.6847E-12   0.0000E00 0.0   0.0
4.4550E14     0.0000E00    2.1783E-11   0.0000E00 0.0   0.0
4.0800E08     0.0000E00    7.3848E-15   0.0000E00 0.0   0.0
4.7500E09     0.0000E00    5.3675E-14   0.0000E00 0.0   0.0
5.0000E09     0.0000E00    7.1000E-14   0.0000E00 0.0   0.0
5.0000E09     0.0000E00    7.1000E-14   0.0000E00 0.0   0.0
5.0000E09     0.0000E00    7.1000E-14   0.0000E00 0.0   0.0
2.4000E10     0.0000E00    1.7040E-13   0.0000E00 0.0   0.0
2.4000E10     0.0000E00    1.7040E-13   0.0000E00 0.0   0.0
3.1240E14     0.0000E00    6.2792E-11   0.0000E00 0.0   0.0
3.4650E14     0.0000E00    6.2717E-11   0.0000E00 0.0   0.0
4.0080E14     0.0000E00    6.8938E-11   0.0000E00 0.0   0.0
4.8940E14     0.0000E00    7.2431E-11   0.0000E00 0.0   0.0
6.2820E14     0.0000E00    4.7241E-11   0.0000E00 0.0   0.0
3.3240E14     0.0000E00    1.4661E-10   3.3244E-13 0.0   0.0
3.9270E14     0.0000E00    1.3311E-10   3.9266E-13 0.0   0.0
4.7990E14     0.0000E00    1.1230E-10   0.0000E00 0.0   0.0
6.2200E14     0.0000E00    6.9662E-11   0.0000E00 0.0   0.0
8.5190E14     0.0000E00    2.4535E-11   1.7038E-13 0.0   0.0
1.7800E08     0.0000E00    3.5600E-15   0.0000E00 0.0   0.0
3.6500E08     0.0000E00    7.0080E-15   0.0000E00 0.0   0.0
4.0800E08     0.0000E00    7.3848E-15   0.0000E00 0.0   0.0
1.4000E09     0.0000E00    2.1840E-14   0.0000E00 0.0   0.0
5.0000E09     0.0000E00    6.4000E-14   0.0000E00 0.0   0.0
1.3860E14     0.0000E00    1.3522E-10   0.0000E00 0.0   0.0
2.4980E13     0.0000E00    1.4990E-11   0.0000E00 0.0   0.0
4.8000E09     0.0000E00    6.6240E-14   0.0000E00 0.0   0.0
1.3690E14     0.0000E00    1.0554E-10   0.0000E00 0.0   0.0
5.0000E09     0.0000E00    6.9000E-14   0.0000E00 0.0   0.0
1.5000E10     0.0000E00    1.7550E-13   0.0000E00 0.0   0.0
1.5000E10     0.0000E00    1.6500E-13   1.5000E-15 0.0   0.0
2.3000E09     0.0000E00    3.4270E-14   2.3000E-15 0.0   0.0
4.8000E09     0.0000E00    7.0080E-14   2.8800E-15 0.0   0.0
7.7000E09     0.0000E00    1.1011E-13   4.6200E-15 0.0   0.0
1.1200E10     0.0000E00    1.4672E-13   4.4800E-15 0.0   0.0
2.1700E10     0.0000E00    2.0398E-13   9.1140E-15 0.0   0.0
1.4000E09     0.0000E00    9.3800E-16   0.0000E00 0.0   0.0
1.4000E09     0.0000E00    1.9320E-14   0.0000E00 0.0   0.0
1.8180E14     0.0000E00    8.2878E-11   1.4540E-12 0.0   0.0
2.4200E14     0.0000E00    8.8799E-11   1.6937E-12 0.0   0.0
4.4550E14     0.0000E00    3.2919E-11   0.0000E00 0.0   0.0
1.8180E14     0.0000E00    8.2878E-11   1.4540E-12 0.0   0.0
2.4200E14     0.0000E00    8.8799E-11   1.6937E-12 0.0   0.0
4.4550E14     0.0000E00    3.2919E-11   0.0000E00 0.0   0.0
1.4700E08     0.0000E00    2.3226E-15   2.9400E-17 0.0   0.0
1.4000E09     0.0000E00    2.2820E-14   0.0000E00 0.0   0.0
1.3570E13     0.0000E00    8.0069E-12   0.0000E00 0.0   0.0
2.5930E13     0.0000E00    8.4545E-12   0.0000E00 0.0   0.0
6.5170E13     0.0000E00    1.9617E-11   0.0000E00 0.0   0.0
8.9490E13     0.0000E00    3.1679E-11   0.0000E00 0.0   0.0
1.3860E14     0.0000E00    6.1655E-11   0.0000E00 0.0   0.0
1.8180E14     0.0000E00    8.2878E-11   0.0000E00 0.0   0.0
2.4200E14     0.0000E00    8.8799E-11   0.0000E00 0.0   0.0
4.7990E14     0.0000E00    8.3503E-11   0.0000E00 0.0   0.0
1.4000E09     0.0000E00    2.1840E-14   0.0000E00 0.0   0.0
1.8180E14     0.0000E00    2.1447E-10   5.4525E-12 0.0   0.0
2.4200E14     0.0000E00    2.0615E-10   3.8714E-12 0.0   0.0
2.2200E10     0.0000E00    3.6408E-13   0.0000E00 0.0   0.0
3.6800E10     0.0000E00    4.9312E-13   0.0000E00 0.0   0.0
1.1100E08     0.0000E00    2.2200E-15   0.0000E00 0.0   0.0
1.1100E08     0.0000E00    3.3300E-15   0.0000E00 0.0   0.0
1.1100E08     0.0000E00    9.4350E-16   0.0000E00 0.0   0.0
1.1100E08     0.0000E00    3.7740E-16   0.0000E00 0.0   0.0
3.6800E10     0.0000E00    4.0480E-13   2.9440E-14 0.0   0.0
3.6800E10     0.0000E00    7.0288E-13   3.3120E-14 0.0   0.0
3.6800E10     0.0000E00    3.6800E-13   0.0000E00 0.0   0.0
1.4990E09     0.0000E00    2.1286E-14   0.0000E00 0.0   0.0
5.0000E09     0.0000E00    5.6000E-14   0.0000E00 0.0   0.0
1.3690E14     0.0000E00    5.9000E-11   0.0000E00 0.0   0.0
1.8390E14     0.0000E00    8.3132E-11   0.0000E00 0.0   0.0
2.3980E14     0.0000E00    8.9696E-11   0.0000E00 0.0   0.0
6.7490E14     0.0000E00    2.5039E-11   0.0000E00 0.0   0.0
1.4000E09     0.0000E00    1.9880E-14   0.0000E00 0.0   0.0
5.0000E09     0.0000E00    5.6000E-14   0.0000E00 0.0   0.0
2.9410E12     0.0000E00    1.3968E-11   0.0000E00 0.0   0.0
4.8470E12     0.0000E00    8.1431E-12   0.0000E00 0.0   0.0
1.2550E13     0.0000E00    1.2290E-11   0.0000E00 0.0   0.0
1.3570E13     0.0000E00    8.0069E-12   2.1714E-13 0.0   0.0
2.5870E13     0.0000E00    2.1133E-11   0.0000E00 0.0   0.0
2.5930E13     0.0000E00    8.4804E-12   1.5560E-13 0.0   0.0
6.5170E13     0.0000E00    1.9682E-11   3.9103E-13 0.0   0.0
8.9490E13     0.0000E00    3.1769E-11   6.2643E-13 0.0   0.0
1.8180E14     0.0000E00    2.1447E-10   0.0000E00 0.0   0.0
1.8180E14     0.0000E00    8.2878E-11   0.0000E00 0.0   0.0
2.4200E14     0.0000E00    2.0615E-10   0.0000E00 0.0   0.0
2.4200E14     0.0000E00    8.8799E-11   0.0000E00 0.0   0.0
3.9270E14     0.0000E00    1.0366E-10   0.0000E00 0.0   0.0
3.9270E14     0.0000E00    8.0495E-11   0.0000E00 0.0   0.0
4.7990E14     0.0000E00    8.5422E-11   0.0000E00 0.0   0.0
5.4140E14     0.0000E00    6.0640E-11   0.0000E00 0.0   0.0
6.2200E14     0.0000E00    4.0491E-11   0.0000E00 0.0   0.0
6.7490E14     0.0000E00    2.5039E-09   0.0000E00 0.0   0.0
8.5190E14     0.0000E00    1.2182E-11   0.0000E00 0.0   0.0
3.0000E08     0.0000E00    6.3600E-15   1.2000E-16 0.0   0.0
1.3860E14     0.0000E00    6.1655E-11   9.6985E-13 0.0   0.0
1.8180E14     0.0000E00    8.2878E-11   1.4540E-12 0.0   0.0
2.4200E14     0.0000E00    8.8799E-11   1.6937E-12 0.0   0.0
5.0000E09     0.0000E00    6.9000E-14   0.0000E00 0.0   0.0
4.8000E09     0.0000E00    7.3440E-14   4.8000E-15 0.0   0.0
1.3570E13     0.0000E00    8.0340E-12   0.0000E00 0.0   0.0
2.5930E13     0.0000E00    8.4804E-12   0.0000E00 0.0   0.0
6.5170E13     0.0000E00    2.0399E-11   0.0000E00 0.0   0.0
8.9490E13     0.0000E00    3.2306E-11   0.0000E00 0.0   0.0
1.8180E14     0.0000E00    8.2878E-11   0.0000E00 0.0   0.0
2.4200E14     0.0000E00    8.8799E-11   0.0000E00 0.0   0.0
3.3240E14     0.0000E00    8.8097E-11   0.0000E00 0.0   0.0
3.9270E14     0.0000E00    8.0495E-11   0.0000E00 0.0   0.0
4.7990E14     0.0000E00    8.5422E-11   0.0000E00 0.0   0.0
6.2200E14     0.0000E00    4.0615E-11   0.0000E00 0.0   0.0
8.5190E14     0.0000E00    1.2268E-11   0.0000E00 0.0   0.0
1.2970E15     0.0000E00    3.1380E-11   0.0000E00 0.0   0.0
1.9610E15     0.0000E00    3.2155E-11   0.0000E00 0.0   0.0
# NED (id = 9)
#   frequency \gn (Hz)    Bin   Nufnu (erg cm^-2 s^-1)  Nufnu (erg cm^-2 s^-1)_error    TStart    TStop
8.4600E16     0.0000E00    7.6100E-12   0.0000E00 0.0   0.0
2.9100E15     0.0000E00    3.2000E-11   0.0000E00 0.0   0.0
2.9100E15     0.0000E00    3.2000E-11   0.0000E00 0.0   0.0
2.4700E15     0.0000E00    2.2000E-14   0.0000E00 0.0   0.0
1.9800E15     0.0000E00    3.9100E-11   0.0000E00 0.0   0.0
1.9500E15     0.0000E00    4.8600E-12   0.0000E00 0.0   0.0
1.9500E15     0.0000E00    4.7700E-12   0.0000E00 0.0   0.0
1.9500E15     0.0000E00    3.2700E-11   0.0000E00 0.0   0.0
1.9500E15     0.0000E00    2.5600E-11   0.0000E00 0.0   0.0
1.9500E15     0.0000E00    3.4800E-11   0.0000E00 0.0   0.0
1.9500E15     0.0000E00    2.7600E-11   0.0000E00 0.0   0.0
1.3200E15     0.0000E00    3.9500E-11   0.0000E00 0.0   0.0
1.2900E15     0.0000E00    3.2100E-11   0.0000E00 0.0   0.0
1.2900E15     0.0000E00    1.9400E-11   0.0000E00 0.0   0.0
1.2900E15     0.0000E00    3.3700E-11   0.0000E00 0.0   0.0
1.2900E15     0.0000E00    2.0300E-11   0.0000E00 0.0   0.0
1.2900E15     0.0000E00    7.6500E-12   0.0000E00 0.0   0.0
1.2900E15     0.0000E00    7.4400E-12   0.0000E00 0.0   0.0
8.3600E14     0.0000E00    2.7500E-11   0.0000E00 0.0   0.0
8.3600E14     0.0000E00    2.9400E-11   0.0000E00 0.0   0.0
8.3600E14     0.0000E00    2.2500E-11   0.0000E00 0.0   0.0
8.1900E14     0.0000E00    2.1600E-11   0.0000E00 0.0   0.0
8.1900E14     0.0000E00    2.1600E-11   0.0000E00 0.0   0.0
8.1900E14     0.0000E00    3.4300E-11   0.0000E00 0.0   0.0
8.1900E14     0.0000E00    4.9500E-11   0.0000E00 0.0   0.0
7.4000E14     0.0000E00    7.6700E-09   0.0000E00 0.0   0.0
7.0000E14     0.0000E00    3.3000E-11   0.0000E00 0.0   0.0
7.0000E14     0.0000E00    3.3000E-11   0.0000E00 0.0   0.0
6.8100E14     0.0000E00    9.6100E-11   0.0000E00 0.0   0.0
6.8100E14     0.0000E00    5.2700E-11   0.0000E00 0.0   0.0
6.8100E14     0.0000E00    1.0500E-10   0.0000E00 0.0   0.0
6.8100E14     0.0000E00    9.5200E-11   0.0000E00 0.0   0.0
6.8100E14     0.0000E00    6.3500E-11   0.0000E00 0.0   0.0
6.4100E14     0.0000E00    5.8000E-11   0.0000E00 0.0   0.0
6.1700E14     0.0000E00    3.1400E-11   0.0000E00 0.0   0.0
6.1700E14     0.0000E00    5.2500E-11   0.0000E00 0.0   0.0
6.1700E14     0.0000E00    6.4500E-11   0.0000E00 0.0   0.0
5.6000E14     0.0000E00    3.4500E-11   0.0000E00 0.0   0.0
5.6000E14     0.0000E00    3.4500E-11   0.0000E00 0.0   0.0
5.5800E14     0.0000E00    5.1200E-11   0.0000E00 0.0   0.0
5.4200E14     0.0000E00    6.4100E-11   0.0000E00 0.0   0.0
5.4200E14     0.0000E00    5.1900E-11   0.0000E00 0.0   0.0
5.4200E14     0.0000E00    6.7800E-11   0.0000E00 0.0   0.0
5.4200E14     0.0000E00    5.5400E-11   0.0000E00 0.0   0.0
5.4200E14     0.0000E00    7.0500E-11   0.0000E00 0.0   0.0
5.4200E14     0.0000E00    8.7000E-11   0.0000E00 0.0   0.0
5.4200E14     0.0000E00    6.6600E-11   0.0000E00 0.0   0.0
5.4200E14     0.0000E00    5.4800E-11   0.0000E00 0.0   0.0
5.4200E14     0.0000E00    5.9600E-11   0.0000E00 0.0   0.0
5.4200E14     0.0000E00    6.2500E-11   0.0000E00 0.0   0.0
5.4200E14     0.0000E00    1.2900E-10   0.0000E00 0.0   0.0
5.4200E14     0.0000E00    9.5300E-11   0.0000E00 0.0   0.0
4.7700E14     0.0000E00    2.6400E-11   0.0000E00 0.0   0.0
4.7700E14     0.0000E00    8.9800E-11   0.0000E00 0.0   0.0
4.7700E14     0.0000E00    1.0600E-10   0.0000E00 0.0   0.0
4.6800E14     0.0000E00    9.9700E-11   0.0000E00 0.0   0.0
4.6800E14     0.0000E00    6.9700E-11   0.0000E00 0.0   0.0
4.6800E14     0.0000E00    2.4600E-10   0.0000E00 0.0   0.0
4.6800E14     0.0000E00    7.1600E-09   0.0000E00 0.0   0.0
4.5500E14     0.0000E00    7.4000E-15   0.0000E00 0.0   0.0
4.5200E14     0.0000E00    3.1700E-11   0.0000E00 0.0   0.0
4.5000E14     0.0000E00    6.2700E-11   0.0000E00 0.0   0.0
4.2800E14     0.0000E00    8.0900E-11   0.0000E00 0.0   0.0
4.2800E14     0.0000E00    7.3100E-11   0.0000E00 0.0   0.0
4.2800E14     0.0000E00    7.7200E-11   0.0000E00 0.0   0.0
4.2800E14     0.0000E00    5.4400E-11   0.0000E00 0.0   0.0
4.2800E14     0.0000E00    8.0900E-11   0.0000E00 0.0   0.0
4.2800E14     0.0000E00    8.9900E-11   0.0000E00 0.0   0.0
4.2800E14     0.0000E00    1.0500E-10   0.0000E00 0.0   0.0
4.2800E14     0.0000E00    8.0900E-11   0.0000E00 0.0   0.0
3.8900E14     0.0000E00    3.5600E-11   0.0000E00 0.0   0.0
3.8900E14     0.0000E00    1.2200E-10   0.0000E00 0.0   0.0
3.8900E14     0.0000E00    1.2700E-10   0.0000E00 0.0   0.0
3.7900E14     0.0000E00    8.1100E-11   0.0000E00 0.0   0.0
3.7900E14     0.0000E00    8.3500E-11   0.0000E00 0.0   0.0
3.3300E14     0.0000E00    9.7500E-11   0.0000E00 0.0   0.0
3.3300E14     0.0000E00    9.7500E-11   0.0000E00 0.0   0.0
3.2500E14     0.0000E00    3.6700E-11   0.0000E00 0.0   0.0
3.2500E14     0.0000E00    1.0900E-10   0.0000E00 0.0   0.0
3.2500E14     0.0000E00    1.3700E-10   0.0000E00 0.0   0.0
2.4300E14     0.0000E00    9.0000E-11   0.0000E00 0.0   0.0
2.4300E14     0.0000E00    8.4300E-11   0.0000E00 0.0   0.0
2.4000E14     0.0000E00    1.0500E-10   0.0000E00 0.0   0.0
2.4000E14     0.0000E00    2.0600E-10   0.0000E00 0.0   0.0
2.4000E14     0.0000E00    1.7900E-10   0.0000E00 0.0   0.0
2.4000E14     0.0000E00    1.3100E-10   0.0000E00 0.0   0.0
2.4000E14     0.0000E00    9.7300E-11   0.0000E00 0.0   0.0
2.4000E14     0.0000E00    8.7800E-11   0.0000E00 0.0   0.0
2.4000E14     0.0000E00    5.8300E-11   0.0000E00 0.0   0.0
2.4000E14     0.0000E00    8.9200E-11   0.0000E00 0.0   0.0
2.4000E14     0.0000E00    9.1100E-11   0.0000E00 0.0   0.0
2.4000E14     0.0000E00    1.3600E-10   0.0000E00 0.0   0.0
2.4000E14     0.0000E00    1.0200E-10   0.0000E00 0.0   0.0
2.4000E14     0.0000E00    1.3200E-10   0.0000E00 0.0   0.0
2.4000E14     0.0000E00    1.1000E-10   0.0000E00 0.0   0.0
2.4000E14     0.0000E00    5.8300E-11   0.0000E00 0.0   0.0
1.8700E14     0.0000E00    1.0400E-10   0.0000E00 0.0   0.0
1.8400E14     0.0000E00    9.9300E-11   0.0000E00 0.0   0.0
1.8200E14     0.0000E00    2.0900E-10   0.0000E00 0.0   0.0
1.8200E14     0.0000E00    1.7300E-10   0.0000E00 0.0   0.0
1.8200E14     0.0000E00    9.8900E-11   0.0000E00 0.0   0.0
1.8200E14     0.0000E00    2.4000E-11   0.0000E00 0.0   0.0
1.8200E14     0.0000E00    1.2700E-10   0.0000E00 0.0   0.0
1.8200E14     0.0000E00    6.5300E-11   0.0000E00 0.0   0.0
1.8200E14     0.0000E00    1.2500E-10   0.0000E00 0.0   0.0
1.8200E14     0.0000E00    1.2400E-10   0.0000E00 0.0   0.0
1.8200E14     0.0000E00    1.2300E-10   0.0000E00 0.0   0.0
1.8200E14     0.0000E00    8.9000E-11   0.0000E00 0.0   0.0
1.8200E14     0.0000E00    8.2700E-11   0.0000E00 0.0   0.0
1.8200E14     0.0000E00    8.6800E-11   0.0000E00 0.0   0.0
1.8200E14     0.0000E00    5.4100E-11   0.0000E00 0.0   0.0
1.8200E14     0.0000E00    7.4200E-11   0.0000E00 0.0   0.0
1.8200E14     0.0000E00    9.6200E-11   0.0000E00 0.0   0.0
1.8000E14     0.0000E00    8.0300E-11   0.0000E00 0.0   0.0
1.8000E14     0.0000E00    7.8600E-11   0.0000E00 0.0   0.0
1.3900E14     0.0000E00    6.1100E-11   0.0000E00 0.0   0.0
1.3900E14     0.0000E00    6.0300E-11   0.0000E00 0.0   0.0
1.3800E14     0.0000E00    1.2000E-10   0.0000E00 0.0   0.0
1.3800E14     0.0000E00    1.3600E-10   0.0000E00 0.0   0.0
1.3800E14     0.0000E00    7.3900E-11   0.0000E00 0.0   0.0
1.3600E14     0.0000E00    4.8600E-11   0.0000E00 0.0   0.0
1.3600E14     0.0000E00    6.5900E-11   0.0000E00 0.0   0.0
1.3600E14     0.0000E00    4.4400E-11   0.0000E00 0.0   0.0
1.3600E14     0.0000E00    8.4500E-11   0.0000E00 0.0   0.0
1.3600E14     0.0000E00    8.0700E-11   0.0000E00 0.0   0.0
1.3600E14     0.0000E00    9.0100E-11   0.0000E00 0.0   0.0
1.3600E14     0.0000E00    5.7000E-11   0.0000E00 0.0   0.0
1.3500E14     0.0000E00    6.9000E-11   0.0000E00 0.0   0.0
1.3500E14     0.0000E00    6.4800E-11   0.0000E00 0.0   0.0
1.3100E14     0.0000E00    6.1600E-11   0.0000E00 0.0   0.0
1.3100E14     0.0000E00    4.3000E-11   0.0000E00 0.0   0.0
1.3100E14     0.0000E00    5.7900E-11   0.0000E00 0.0   0.0
1.3100E14     0.0000E00    5.4700E-11   0.0000E00 0.0   0.0
8.9400E13     0.0000E00    3.2600E-11   0.0000E00 0.0   0.0
8.9400E13     0.0000E00    3.2100E-11   0.0000E00 0.0   0.0
8.9400E13     0.0000E00    4.0400E-11   0.0000E00 0.0   0.0
8.6900E13     0.0000E00    3.5600E-11   0.0000E00 0.0   0.0
8.5700E13     0.0000E00    3.8400E-11   0.0000E00 0.0   0.0
8.5700E13     0.0000E00    2.2300E-11   0.0000E00 0.0   0.0
8.5700E13     0.0000E00    2.4800E-11   0.0000E00 0.0   0.0
8.5700E13     0.0000E00    2.7300E-11   0.0000E00 0.0   0.0
8.4700E13     0.0000E00    2.9300E-11   0.0000E00 0.0   0.0
6.5100E13     0.0000E00    2.0500E-11   0.0000E00 0.0   0.0
6.5100E13     0.0000E00    2.0300E-11   0.0000E00 0.0   0.0
6.5100E13     0.0000E00    2.3400E-11   0.0000E00 0.0   0.0
2.9700E13     0.0000E00    1.5400E-11   0.0000E00 0.0   0.0
2.8300E13     0.0000E00    2.9400E-11   0.0000E00 0.0   0.0
2.8300E13     0.0000E00    1.2400E-11   0.0000E00 0.0   0.0
2.5900E13     0.0000E00    9.2500E-12   0.0000E00 0.0   0.0
2.5900E13     0.0000E00    9.3100E-12   0.0000E00 0.0   0.0
2.5900E13     0.0000E00    8.3000E-12   0.0000E00 0.0   0.0
2.5000E13     0.0000E00    1.0500E-11   0.0000E00 0.0   0.0
2.5000E13     0.0000E00    2.0500E-11   0.0000E00 0.0   0.0
2.5000E13     0.0000E00    9.7400E-12   0.0000E00 0.0   0.0
1.3600E13     0.0000E00    8.0900E-12   0.0000E00 0.0   0.0
1.3600E13     0.0000E00    8.2400E-12   0.0000E00 0.0   0.0
1.3600E13     0.0000E00    6.2900E-12   0.0000E00 0.0   0.0
1.2700E13     0.0000E00    6.9400E-12   0.0000E00 0.0   0.0
1.2700E13     0.0000E00    6.8700E-12   0.0000E00 0.0   0.0
1.2000E13     0.0000E00    8.5200E-12   0.0000E00 0.0   0.0
1.2000E13     0.0000E00    8.0300E-12   0.0000E00 0.0   0.0
1.2000E13     0.0000E00    1.1800E-11   0.0000E00 0.0   0.0
5.0000E12     0.0000E00    5.8500E-12   0.0000E00 0.0   0.0
5.0000E12     0.0000E00    5.3500E-12   0.0000E00 0.0   0.0
5.0000E12     0.0000E00    8.3900E-12   0.0000E00 0.0   0.0
3.0000E12     0.0000E00    1.4200E-11   0.0000E00 0.0   0.0
3.7500E11     0.0000E00    8.2500E-13   0.0000E00 0.0   0.0
2.7000E11     0.0000E00    8.9100E-13   0.0000E00 0.0   0.0
2.3000E11     0.0000E00    7.3600E-13   0.0000E00 0.0   0.0
2.2200E11     0.0000E00    1.0000E-12   0.0000E00 0.0   0.0
1.5000E11     0.0000E00    6.0000E-13   0.0000E00 0.0   0.0
1.5000E11     0.0000E00    1.0200E-12   0.0000E00 0.0   0.0
9.4000E10     0.0000E00    5.6400E-13   0.0000E00 0.0   0.0
9.3000E10     0.0000E00    3.4400E-13   0.0000E00 0.0   0.0
9.0000E10     0.0000E00    6.2100E-13   0.0000E00 0.0   0.0
8.6000E10     0.0000E00    5.5900E-13   0.0000E00 0.0   0.0
8.6000E10     0.0000E00    1.9900E-13   0.0000E00 0.0   0.0
6.1000E10     0.0000E00    3.0500E-13   0.0000E00 0.0   0.0
6.1000E10     0.0000E00    3.6600E-13   0.0000E00 0.0   0.0
6.1000E10     0.0000E00    3.0500E-13   0.0000E00 0.0   0.0
4.3200E10     0.0000E00    1.1300E-13   0.0000E00 0.0   0.0
4.3100E10     0.0000E00    1.0800E-13   0.0000E00 0.0   0.0
4.3000E10     0.0000E00    1.4800E-13   0.0000E00 0.0   0.0
4.3000E10     0.0000E00    1.1600E-13   0.0000E00 0.0   0.0
4.3000E10     0.0000E00    1.1000E-13   0.0000E00 0.0   0.0
4.2400E10     0.0000E00    4.5800E-13   0.0000E00 0.0   0.0
4.1000E10     0.0000E00    3.2800E-13   0.0000E00 0.0   0.0
4.1000E10     0.0000E00    2.0500E-13   0.0000E00 0.0   0.0
4.1000E10     0.0000E00    3.6900E-13   0.0000E00 0.0   0.0
4.1000E10     0.0000E00    2.8700E-13   0.0000E00 0.0   0.0
3.7000E10     0.0000E00    3.2600E-13   0.0000E00 0.0   0.0
3.7000E10     0.0000E00    3.7400E-13   0.0000E00 0.0   0.0
3.6800E10     0.0000E00    3.6800E-13   0.0000E00 0.0   0.0
3.6800E10     0.0000E00    3.0200E-13   0.0000E00 0.0   0.0
3.6800E10     0.0000E00    4.5300E-13   0.0000E00 0.0   0.0
3.3000E10     0.0000E00    3.9600E-13   0.0000E00 0.0   0.0
3.3000E10     0.0000E00    3.9600E-13   0.0000E00 0.0   0.0
3.3000E10     0.0000E00    4.6200E-13   0.0000E00 0.0   0.0
3.3000E10     0.0000E00    3.4800E-13   0.0000E00 0.0   0.0
3.1400E10     0.0000E00    2.3900E-13   0.0000E00 0.0   0.0
3.0000E10     0.0000E00    3.6600E-13   0.0000E00 0.0   0.0
2.4000E10     0.0000E00    1.7000E-13   0.0000E00 0.0   0.0
2.3100E10     0.0000E00    2.4400E-13   0.0000E00 0.0   0.0
2.3000E10     0.0000E00    2.7600E-13   0.0000E00 0.0   0.0
2.3000E10     0.0000E00    2.7600E-13   0.0000E00 0.0   0.0
2.3000E10     0.0000E00    3.1800E-13   0.0000E00 0.0   0.0
2.3000E10     0.0000E00    2.7600E-13   0.0000E00 0.0   0.0
2.2200E10     0.0000E00    2.4400E-13   0.0000E00 0.0   0.0
2.2200E10     0.0000E00    7.7700E-14   0.0000E00 0.0   0.0
2.2200E10     0.0000E00    2.4000E-13   0.0000E00 0.0   0.0
2.2200E10     0.0000E00    1.2200E-13   0.0000E00 0.0   0.0
2.2200E10     0.0000E00    2.0000E-13   0.0000E00 0.0   0.0
2.2000E10     0.0000E00    1.8000E-13   0.0000E00 0.0   0.0
2.1700E10     0.0000E00    2.1700E-13   0.0000E00 0.0   0.0
2.1700E10     0.0000E00    2.5600E-13   0.0000E00 0.0   0.0
2.1700E10     0.0000E00    2.0400E-13   0.0000E00 0.0   0.0
1.5300E10     0.0000E00    6.7300E-14   0.0000E00 0.0   0.0
1.5100E10     0.0000E00    1.4300E-13   0.0000E00 0.0   0.0
1.5000E10     0.0000E00    1.3500E-13   0.0000E00 0.0   0.0
1.5000E10     0.0000E00    8.1000E-14   0.0000E00 0.0   0.0
1.5000E10     0.0000E00    1.2200E-13   0.0000E00 0.0   0.0
1.5000E10     0.0000E00    1.7400E-13   0.0000E00 0.0   0.0
1.5000E10     0.0000E00    1.7200E-13   0.0000E00 0.0   0.0
1.5000E10     0.0000E00    1.7500E-13   0.0000E00 0.0   0.0
1.5000E10     0.0000E00    1.5000E-13   0.0000E00 0.0   0.0
1.5000E10     0.0000E00    1.8000E-13   0.0000E00 0.0   0.0
1.5000E10     0.0000E00    1.7500E-13   0.0000E00 0.0   0.0
1.5000E10     0.0000E00    1.7800E-13   0.0000E00 0.0   0.0
1.5000E10     0.0000E00    1.3100E-13   0.0000E00 0.0   0.0
1.4600E10     0.0000E00    1.7400E-13   0.0000E00 0.0   0.0
1.4500E10     0.0000E00    1.8700E-13   0.0000E00 0.0   0.0
1.1200E10     0.0000E00    1.4700E-13   0.0000E00 0.0   0.0
1.0700E10     0.0000E00    1.2700E-13   0.0000E00 0.0   0.0
1.0700E10     0.0000E00    1.2700E-13   0.0000E00 0.0   0.0
1.0600E10     0.0000E00    1.2900E-13   0.0000E00 0.0   0.0
1.0500E10     0.0000E00    1.3400E-13   0.0000E00 0.0   0.0
8.4000E09     0.0000E00    9.7300E-14   0.0000E00 0.0   0.0
8.4000E09     0.0000E00    9.8300E-14   0.0000E00 0.0   0.0
8.4000E09     0.0000E00    7.5600E-14   0.0000E00 0.0   0.0
8.3500E09     0.0000E00    1.1200E-13   0.0000E00 0.0   0.0
8.1000E09     0.0000E00    9.4800E-14   0.0000E00 0.0   0.0
8.0800E09     0.0000E00    8.8100E-14   0.0000E00 0.0   0.0
8.0000E09     0.0000E00    1.0200E-13   0.0000E00 0.0   0.0
8.0000E09     0.0000E00    1.2200E-13   0.0000E00 0.0   0.0
7.7000E09     0.0000E00    1.1000E-13   0.0000E00 0.0   0.0
5.0000E09     0.0000E00    7.0000E-14   0.0000E00 0.0   0.0
5.0000E09     0.0000E00    2.4500E-14   0.0000E00 0.0   0.0
5.0000E09     0.0000E00    5.5900E-14   0.0000E00 0.0   0.0
5.0000E09     0.0000E00    4.9400E-14   0.0000E00 0.0   0.0
5.0000E09     0.0000E00    7.0000E-14   0.0000E00 0.0   0.0
4.9000E09     0.0000E00    6.9600E-14   0.0000E00 0.0   0.0
4.8900E09     0.0000E00    2.2000E-14   0.0000E00 0.0   0.0
4.8800E09     0.0000E00    5.9600E-14   0.0000E00 0.0   0.0
4.8500E09     0.0000E00    6.6700E-14   0.0000E00 0.0   0.0
4.8500E09     0.0000E00    6.6500E-14   0.0000E00 0.0   0.0
4.8500E09     0.0000E00    6.6200E-14   0.0000E00 0.0   0.0
4.8500E09     0.0000E00    7.1100E-14   0.0000E00 0.0   0.0
4.8300E09     0.0000E00    6.2000E-14   0.0000E00 0.0   0.0
4.8000E09     0.0000E00    7.3900E-14   0.0000E00 0.0   0.0
4.8000E09     0.0000E00    7.1500E-14   0.0000E00 0.0   0.0
4.8000E09     0.0000E00    7.0100E-14   0.0000E00 0.0   0.0
4.7600E09     0.0000E00    5.7100E-14   0.0000E00 0.0   0.0
4.7500E09     0.0000E00    5.4600E-14   0.0000E00 0.0   0.0
4.5800E09     0.0000E00    5.7800E-14   0.0000E00 0.0   0.0
2.7000E09     0.0000E00    3.9100E-14   0.0000E00 0.0   0.0
2.7000E09     0.0000E00    3.4500E-14   0.0000E00 0.0   0.0
2.7000E09     0.0000E00    3.7700E-14   0.0000E00 0.0   0.0
2.7000E09     0.0000E00    3.8800E-14   0.0000E00 0.0   0.0
2.6400E09     0.0000E00    4.0600E-14   0.0000E00 0.0   0.0
2.3000E09     0.0000E00    3.4300E-14   0.0000E00 0.0   0.0
1.4800E09     0.0000E00    2.0300E-14   0.0000E00 0.0   0.0
1.4100E09     0.0000E00    2.2000E-14   0.0000E00 0.0   0.0
1.4000E09     0.0000E00    1.9500E-14   0.0000E00 0.0   0.0
1.4000E09     0.0000E00    2.0800E-14   0.0000E00 0.0   0.0
1.4000E09     0.0000E00    2.1800E-14   0.0000E00 0.0   0.0
1.4000E09     0.0000E00    1.9300E-14   0.0000E00 0.0   0.0
1.4000E09     0.0000E00    2.0200E-14   0.0000E00 0.0   0.0
1.4000E09     0.0000E00    1.9900E-14   0.0000E00 0.0   0.0
1.4000E09     0.0000E00    2.1800E-14   0.0000E00 0.0   0.0
7.5000E08     0.0000E00    1.3700E-14   0.0000E00 0.0   0.0
4.0800E08     0.0000E00    7.3800E-15   0.0000E00 0.0   0.0
4.0800E08     0.0000E00    7.4300E-15   0.0000E00 0.0   0.0
4.0800E08     0.0000E00    7.2100E-15   0.0000E00 0.0   0.0
3.6500E08     0.0000E00    7.0100E-15   0.0000E00 0.0   0.0
3.6500E08     0.0000E00    6.6800E-15   0.0000E00 0.0   0.0
3.6500E08     0.0000E00    6.3900E-15   0.0000E00 0.0   0.0
3.2500E08     0.0000E00    6.2300E-15   0.0000E00 0.0   0.0
1.7800E08     0.0000E00    3.5600E-15   0.0000E00 0.0   0.0
1.5200E08     0.0000E00    2.9800E-15   0.0000E00 0.0   0.0
1.5200E08     0.0000E00    3.0000E-15   0.0000E00 0.0   0.0
7.4000E07     0.0000E00    1.0000E-15   0.0000E00 0.0   0.0
7.3800E07     0.0000E00    1.5900E-15   0.0000E00 0.0   0.0
# VLSSr (id = 8)
#   frequency \gn (Hz)    Bin   Nufnu (erg cm^-2 s^-1)  Nufnu (erg cm^-2 s^-1)_error    TStart    TStop
7.4000E07     0.0000E00    9.8568E-16   9.3980E-17    51910.5    54465.5
# NVSS (id = 7)
#   frequency \gn (Hz)    Bin   Nufnu (erg cm^-2 s^-1)  Nufnu (erg cm^-2 s^-1)_error    TStart    TStop
1.4000E09     0.0000E00    2.1821E-14   6.5466E-16    49231.5    50508.5
# NIEPPOCAT (id = 6)
#   frequency \gn (Hz)    Bin   Nufnu (erg cm^-2 s^-1)  Nufnu (erg cm^-2 s^-1)_error    TStart    TStop
3.7000E10     0.0000E00    4.0700E-13   3.3300E-14    53211.72500000009    53211.741203703095
3.7000E10     0.0000E00    4.9950E-13   4.4400E-14    53223.674000000115    53223.69020370312
3.7000E10     0.0000E00    3.9590E-13   2.5900E-14    52658.48300000001    52658.49920370301
3.7000E10     0.0000E00    4.1810E-13   5.1800E-14    53200.751000000164    53200.767203703166
3.7000E10     0.0000E00    4.4030E-13   3.3300E-14    53203.74099999992    53203.757203702924
3.7000E10     0.0000E00    4.1440E-13   2.9600E-14    53195.76699999999    53195.783203702995
3.7000E10     0.0000E00    5.2170E-13   3.3300E-14    53194.748999999836    53194.76520370284
3.7000E10     0.0000E00    3.9590E-13   3.3300E-14    52508.89199999999    52508.908203702995
3.7000E10     0.0000E00    3.9590E-13   2.9600E-14    52490.11500000022    52490.131203703226
3.7000E10     0.0000E00    4.0330E-13   3.3300E-14    53212.70999999996    53212.726203702965
3.7000E10     0.0000E00    4.1070E-13   3.3300E-14    52413.12300000014    52413.13920370314
3.7000E10     0.0000E00    3.7370E-13   3.3300E-14    52726.944000000134    52726.960203703136
3.7000E10     0.0000E00    4.4400E-13   4.0700E-14    53208.737999999896    53208.7542037029
3.7000E10     0.0000E00    4.1810E-13   2.5900E-14    52884.878000000026    52884.89420370303
3.7000E10     0.0000E00    4.1440E-13   3.3300E-14    53207.73600000003    53207.752203703036
3.7000E10     0.0000E00    4.4770E-13   3.3300E-14    53206.74099999992    53206.757203702924
3.7000E10     0.0000E00    4.3290E-13   2.9600E-14    53204.74800000014    53204.76420370314
3.7000E10     0.0000E00    4.8100E-13   3.7000E-14    53098.26500000013    53098.28120370313
3.7000E10     0.0000E00    4.3660E-13   4.4400E-14    53202.751000000164    53202.767203703166
3.7000E10     0.0000E00    5.2540E-13   3.3300E-14    53182.0129999998    53182.029203702805
3.7000E10     0.0000E00    4.1810E-13   3.7000E-14    52624.503000000026    52624.51920370303
3.7000E10     0.0000E00    4.0700E-13   3.7000E-14    52626.51699999999    52626.533203702995
3.7000E10     0.0000E00    3.5150E-13   2.9600E-14    52641.52600000007    52641.54220370307
3.7000E10     0.0000E00    2.8490E-13   4.4400E-14    52578.700999999885    52578.71720370289
3.7000E10     0.0000E00    3.5150E-13   3.3300E-14    52645.56600000011    52645.58220370311
3.7000E10     0.0000E00    4.7360E-13   4.4400E-14    53183.19299999997    53183.20920370297
3.7000E10     0.0000E00    5.0320E-13   3.7000E-14    53182.95200000005    53182.96820370305
3.7000E10     0.0000E00    5.1430E-13   9.9900E-14    53182.0419999999    53182.0582037029
3.7000E10     0.0000E00    4.9950E-13   3.3300E-14    53169.90599999996    53169.92220370296
3.7000E10     0.0000E00    4.7730E-13   4.0700E-14    53191.77699999977    53191.79320370277
3.7000E10     0.0000E00    4.5510E-13   4.8100E-14    53185.950999999885    53185.96720370289
3.7000E10     0.0000E00    4.5140E-13   4.4400E-14    53408.45999999996    53408.476203702965
3.7000E10     0.0000E00    4.2550E-13   3.3300E-14    53435.00600000005    53435.022203703054
3.7000E10     0.0000E00    4.4400E-13   4.0700E-14    53455.038000000175    53455.05420370318
3.7000E10     0.0000E00    4.1070E-13   2.9600E-14    52690.419999999925    52690.43620370293
3.7000E10     0.0000E00    3.9960E-13   3.3300E-14    52566.757999999914    52566.77420370292
3.7000E10     0.0000E00    5.2170E-13   4.0700E-14    53171.04400000023    53171.06020370323
3.7000E10     0.0000E00    4.8100E-13   4.0700E-14    53193.007000000216    53193.02320370322
# KUEHR (id = 5)
#   frequency \gn (Hz)    Bin   Nufnu (erg cm^-2 s^-1)  Nufnu (erg cm^-2 s^-1)_error    TStart    TStop
1.0700E10     0.0000E00    1.2727E-13   5.3475E-15 0.0   0.0
8.0850E09     0.0000E00    8.8127E-14   4.8510E-15 0.0   0.0
4.9000E09     0.0000E00    6.9580E-14   9.8000E-16 0.0   0.0
2.6950E09     0.0000E00    3.8808E-14   5.3900E-16 0.0   0.0
4.8850E09     0.0000E00    5.9597E-14   2.9310E-15 0.0   0.0
4.5850E09     0.0000E00    5.7771E-14   2.7510E-15 0.0   0.0
2.6950E09     0.0000E00    3.4496E-14   1.6170E-15 0.0   0.0
2.2190E10     0.0000E00    1.9967E-13   3.7715E-14 0.0   0.0
3.6500E08     0.0000E00    6.6795E-15   3.2850E-16 0.0   0.0
4.0800E08     0.0000E00    7.4256E-15   7.7520E-16 0.0   0.0
9.0000E10     0.0000E00    6.2100E-13   1.4400E-13 0.0   0.0
3.1400E10     0.0000E00    2.3864E-13   5.0240E-14 0.0   0.0
1.5000E10     0.0000E00    1.3800E-13   7.5000E-15 0.0   0.0
3.1400E10     0.0000E00    2.3864E-13   3.1400E-14 0.0   0.0
3.6500E08     0.0000E00    6.3875E-15   4.7450E-16 0.0   0.0
1.5060E10     0.0000E00    1.4311E-13   1.2051E-14 0.0   0.0
2.6950E09     0.0000E00    3.7730E-14   2.9645E-15 0.0   0.0
1.4840E09     0.0000E00    2.0331E-14   1.0388E-15 0.0   0.0
1.4100E09     0.0000E00    2.1996E-14   1.4100E-16 0.0   0.0
7.5000E08     0.0000E00    1.3725E-14   8.2500E-16 0.0   0.0
4.0800E08     0.0000E00    8.8128E-15   8.5680E-16 0.0   0.0
# FIRST (id = 4)
#   frequency \gn (Hz)    Bin   Nufnu (erg cm^-2 s^-1)  Nufnu (erg cm^-2 s^-1)_error    TStart    TStop
1.4000E09     0.0000E00    1.9885E-14   4.2280E-18    49078.5    49443.5
# DIXON (id = 3)
#   frequency \gn (Hz)    Bin   Nufnu (erg cm^-2 s^-1)  Nufnu (erg cm^-2 s^-1)_error    TStart    TStop
4.0800E08     0.0000E00    7.2216E-15   0.0000E00 0.0   0.0
1.0700E10     0.0000E00    1.2733E-13   0.0000E00 0.0   0.0
5.0000E09     0.0000E00    7.1000E-14   0.0000E00 0.0   0.0
2.7000E09     0.0000E00    3.8880E-14   0.0000E00 0.0   0.0
1.4150E09     0.0000E00    2.7310E-14   0.0000E00 0.0   0.0
# CLASSSCAT (id = 2)
#   frequency \gn (Hz)    Bin   Nufnu (erg cm^-2 s^-1)  Nufnu (erg cm^-2 s^-1)_error    TStart    TStop
8.4600E09     0.0000E00    3.9762E-16   3.3840E-17    47944.5    47944.5
8.4600E09     0.0000E00    1.7106E-14   3.3840E-17    47941.5    47941.5
8.4600E09     0.0000E00    1.0677E-14   3.3840E-17    47941.5    47941.5
8.4600E09     0.0000E00    1.4543E-14   3.3840E-17    47941.5    47941.5
8.4600E09     0.0000E00    2.9864E-15   3.3840E-17    47944.5    47944.5
8.4600E09     0.0000E00    1.9856E-14   3.3840E-17    47941.5    47941.5
8.4600E09     0.0000E00    9.7561E-14   3.3840E-17    47944.5    47944.5
8.4600E09     0.0000E00    1.2182E-14   3.3840E-17    47941.5    47941.5
8.4600E09     0.0000E00    1.2462E-14   3.3840E-17    47941.5    47941.5
8.4600E09     0.0000E00    1.7774E-14   3.3840E-17    47941.5    47941.5
8.4600E09     0.0000E00    1.1929E-15   3.3840E-17    47944.5    47944.5
8.4600E09     0.0000E00    9.9684E-14   3.3840E-17    47945.5    47945.5
8.4600E09     0.0000E00    8.9676E-16   3.3840E-17    47944.5    47944.5
8.4600E09     0.0000E00    9.6326E-14   3.3840E-17    48423.5    48423.5
8.4600E09     0.0000E00    3.7918E-14   3.3840E-17    47941.5    47941.5
8.4600E09     0.0000E00    3.1302E-16   3.3840E-17    47944.5    47944.5
8.4600E09     0.0000E00    1.2808E-14   3.3840E-17    47941.5    47941.5
8.4600E09     0.0000E00    8.9761E-15   3.3840E-17    47941.5    47941.5
8.4600E09     0.0000E00    8.5446E-16   3.3840E-17    47944.5    47944.5
8.4600E09     0.0000E00    1.8333E-14   3.3840E-17    47941.5    47941.5
8.4600E09     0.0000E00    1.6573E-14   3.3840E-17    47941.5    47941.5
8.4600E09     0.0000E00    8.3839E-15   3.3840E-17    47941.5    47941.5
8.4600E09     0.0000E00    9.4667E-15   3.3840E-17    47941.5    47941.5
8.4600E09     0.0000E00    1.7478E-14   3.3840E-17    47941.5    47941.5
# CRATES (id = 1)
#   frequency \gn (Hz)    Bin   Nufnu (erg cm^-2 s^-1)  Nufnu (erg cm^-2 s^-1)_error    TStart    TStop
8.4000E09     0.0000E00    9.7306E-14   0.0000E00 0.0   0.0
